nct_id,snapshot_type,version,version_date,primary_outcomes,history_status,history_url
NCT00493649,original,,,,CURRENT_ONLY_HISTORY_UNAVAILABLE,https://clinicaltrials.gov/study/NCT00493649?tab=history
NCT00493649,pre_recruitment,,,,CURRENT_ONLY_HISTORY_UNAVAILABLE,https://clinicaltrials.gov/study/NCT00493649?tab=history
NCT00493649,pre_primary_completion,,,,CURRENT_ONLY_HISTORY_UNAVAILABLE,https://clinicaltrials.gov/study/NCT00493649?tab=history
NCT00493649,pre_publication,,,,CURRENT_ONLY_HISTORY_UNAVAILABLE,https://clinicaltrials.gov/study/NCT00493649?tab=history
NCT00493649,current,current,,Disease-free Survival (DFS) Rate at 2 Years in TOP2A-amplified and in TOP2A-nonamplified HER2+ ESBC Patients Treated With TC+H. [Time Frame: 2 years],CURRENT_ONLY_HISTORY_UNAVAILABLE,https://clinicaltrials.gov/study/NCT00493649?tab=history
NCT01839838,original,,,,CURRENT_ONLY_HISTORY_UNAVAILABLE,https://clinicaltrials.gov/study/NCT01839838?tab=history
NCT01839838,pre_recruitment,,,,CURRENT_ONLY_HISTORY_UNAVAILABLE,https://clinicaltrials.gov/study/NCT01839838?tab=history
NCT01839838,pre_primary_completion,,,,CURRENT_ONLY_HISTORY_UNAVAILABLE,https://clinicaltrials.gov/study/NCT01839838?tab=history
NCT01839838,pre_publication,,,,CURRENT_ONLY_HISTORY_UNAVAILABLE,https://clinicaltrials.gov/study/NCT01839838?tab=history
NCT01839838,current,current,,Feasibility and the Acute Toxicity Profile of Accelerated Partial Breast Radiation Using Protons [Time Frame: 2 years],CURRENT_ONLY_HISTORY_UNAVAILABLE,https://clinicaltrials.gov/study/NCT01839838?tab=history
NCT03205761,original,,,,CURRENT_ONLY_HISTORY_UNAVAILABLE,https://clinicaltrials.gov/study/NCT03205761?tab=history
NCT03205761,pre_recruitment,,,,CURRENT_ONLY_HISTORY_UNAVAILABLE,https://clinicaltrials.gov/study/NCT03205761?tab=history
NCT03205761,pre_primary_completion,,,,CURRENT_ONLY_HISTORY_UNAVAILABLE,https://clinicaltrials.gov/study/NCT03205761?tab=history
NCT03205761,pre_publication,,,,CURRENT_ONLY_HISTORY_UNAVAILABLE,https://clinicaltrials.gov/study/NCT03205761?tab=history
NCT03205761,current,current,,"Overall Response Rate (ORR) [Time Frame: Through study treatment, and average of 8 weeks]",CURRENT_ONLY_HISTORY_UNAVAILABLE,https://clinicaltrials.gov/study/NCT03205761?tab=history
NCT03212170,original,,,,CURRENT_ONLY_HISTORY_UNAVAILABLE,https://clinicaltrials.gov/study/NCT03212170?tab=history
NCT03212170,pre_recruitment,,,,CURRENT_ONLY_HISTORY_UNAVAILABLE,https://clinicaltrials.gov/study/NCT03212170?tab=history
NCT03212170,pre_primary_completion,,,,CURRENT_ONLY_HISTORY_UNAVAILABLE,https://clinicaltrials.gov/study/NCT03212170?tab=history
NCT03212170,pre_publication,,,,CURRENT_ONLY_HISTORY_UNAVAILABLE,https://clinicaltrials.gov/study/NCT03212170?tab=history
NCT03212170,current,current,,Correlation Coefficient Between FFNP Uptake and Allred Score [Time Frame: Up to 1 day],CURRENT_ONLY_HISTORY_UNAVAILABLE,https://clinicaltrials.gov/study/NCT03212170?tab=history
NCT01816594,original,,,,CURRENT_ONLY_HISTORY_UNAVAILABLE,https://clinicaltrials.gov/study/NCT01816594?tab=history
NCT01816594,pre_recruitment,,,,CURRENT_ONLY_HISTORY_UNAVAILABLE,https://clinicaltrials.gov/study/NCT01816594?tab=history
NCT01816594,pre_primary_completion,,,,CURRENT_ONLY_HISTORY_UNAVAILABLE,https://clinicaltrials.gov/study/NCT01816594?tab=history
NCT01816594,pre_publication,,,,CURRENT_ONLY_HISTORY_UNAVAILABLE,https://clinicaltrials.gov/study/NCT01816594?tab=history
NCT01816594,current,current,,Pathological Complete Response (pCR) Rate at the Time of Surgery - All Participants [Time Frame: After 6 weeks] | Pathological Complete Response (pCR) Rate at the Time of Surgery - PIK3CA Wild Type (WT) [Time Frame: After 6 weeks] | Pathological Complete Response (pCR) Rate at the Time of Surgery - PIK3CA Mutant (MT) [Time Frame: After 6 weeks],CURRENT_ONLY_HISTORY_UNAVAILABLE,https://clinicaltrials.gov/study/NCT01816594?tab=history
NCT01160211,original,,,,CURRENT_ONLY_HISTORY_UNAVAILABLE,https://clinicaltrials.gov/study/NCT01160211?tab=history
NCT01160211,pre_recruitment,,,,CURRENT_ONLY_HISTORY_UNAVAILABLE,https://clinicaltrials.gov/study/NCT01160211?tab=history
NCT01160211,pre_primary_completion,,,,CURRENT_ONLY_HISTORY_UNAVAILABLE,https://clinicaltrials.gov/study/NCT01160211?tab=history
NCT01160211,pre_publication,,,,CURRENT_ONLY_HISTORY_UNAVAILABLE,https://clinicaltrials.gov/study/NCT01160211?tab=history
NCT01160211,current,current,,"Progression Free Survival (PFS) Events in Lapatinib + Trastuzumab + Aromatase Inhibitor (AI) vs. Trastuzumab + Aromatase Inhibitor (AI) [Time Frame: From date of randomization until date of progression or date of death from any cause, whichever comes first, assessed up approximately 5 years] | Median Kaplan Meier Estimates for PFS in Lapatinib + Trastuzumab + Aromatase Inhibitor (AI) vs. Trastuzumab + Aromatase Inhibitor (AI) [Time Frame: From date of randomization until date of progression or date of death from any cause, whichever comes first, assessed up approximately 5 years]",CURRENT_ONLY_HISTORY_UNAVAILABLE,https://clinicaltrials.gov/study/NCT01160211?tab=history
NCT02040857,original,,,,CURRENT_ONLY_HISTORY_UNAVAILABLE,https://clinicaltrials.gov/study/NCT02040857?tab=history
NCT02040857,pre_recruitment,,,,CURRENT_ONLY_HISTORY_UNAVAILABLE,https://clinicaltrials.gov/study/NCT02040857?tab=history
NCT02040857,pre_primary_completion,,,,CURRENT_ONLY_HISTORY_UNAVAILABLE,https://clinicaltrials.gov/study/NCT02040857?tab=history
NCT02040857,pre_publication,,,,CURRENT_ONLY_HISTORY_UNAVAILABLE,https://clinicaltrials.gov/study/NCT02040857?tab=history
NCT02040857,current,current,,"2-Year Treatment Discontinuation Rate [Time Frame: Evaluate upon completion of palbociclib, up to 2 years of treatment completion.]",CURRENT_ONLY_HISTORY_UNAVAILABLE,https://clinicaltrials.gov/study/NCT02040857?tab=history
NCT00921115,original,,,,CURRENT_ONLY_HISTORY_UNAVAILABLE,https://clinicaltrials.gov/study/NCT00921115?tab=history
NCT00921115,pre_recruitment,,,,CURRENT_ONLY_HISTORY_UNAVAILABLE,https://clinicaltrials.gov/study/NCT00921115?tab=history
NCT00921115,pre_primary_completion,,,,CURRENT_ONLY_HISTORY_UNAVAILABLE,https://clinicaltrials.gov/study/NCT00921115?tab=history
NCT00921115,pre_publication,,,,CURRENT_ONLY_HISTORY_UNAVAILABLE,https://clinicaltrials.gov/study/NCT00921115?tab=history
NCT00921115,current,current,,Pathologic Complete Response (PCR) Rate [Time Frame: 4 months],CURRENT_ONLY_HISTORY_UNAVAILABLE,https://clinicaltrials.gov/study/NCT00921115?tab=history
NCT05415215,original,,,,CURRENT_ONLY_HISTORY_UNAVAILABLE,https://clinicaltrials.gov/study/NCT05415215?tab=history
NCT05415215,pre_recruitment,,,,CURRENT_ONLY_HISTORY_UNAVAILABLE,https://clinicaltrials.gov/study/NCT05415215?tab=history
NCT05415215,pre_primary_completion,,,,CURRENT_ONLY_HISTORY_UNAVAILABLE,https://clinicaltrials.gov/study/NCT05415215?tab=history
NCT05415215,pre_publication,,,,CURRENT_ONLY_HISTORY_UNAVAILABLE,https://clinicaltrials.gov/study/NCT05415215?tab=history
NCT05415215,current,current,,Cross-over Period: Percentage of Participants Who Preferred the Administration of PH FDC SC in the Home Setting Compared With the Hospital Setting in Question 1 of the Patient Preference Questionnaire (PPQ) [Time Frame: Upon completion of adjuvant cross-over period (Day 1 of Cycle 8 or 9; Cycle length = 21 days)],CURRENT_ONLY_HISTORY_UNAVAILABLE,https://clinicaltrials.gov/study/NCT05415215?tab=history
NCT00811135,original,,,,CURRENT_ONLY_HISTORY_UNAVAILABLE,https://clinicaltrials.gov/study/NCT00811135?tab=history
NCT00811135,pre_recruitment,,,,CURRENT_ONLY_HISTORY_UNAVAILABLE,https://clinicaltrials.gov/study/NCT00811135?tab=history
NCT00811135,pre_primary_completion,,,,CURRENT_ONLY_HISTORY_UNAVAILABLE,https://clinicaltrials.gov/study/NCT00811135?tab=history
NCT00811135,pre_publication,,,,CURRENT_ONLY_HISTORY_UNAVAILABLE,https://clinicaltrials.gov/study/NCT00811135?tab=history
NCT00811135,current,current,,"Percentage of Participants With a Best Overall Response (BOR) of Confirmed Complete Response (CR) or Partial Response (PR) [Time Frame: Screening until disease progression (assessed at screening, every 6 weeks up to Week 36, thereafter every 9 weeks during treatment period, and then every 3 months during follow-up, up to approximately 4 years)]",CURRENT_ONLY_HISTORY_UNAVAILABLE,https://clinicaltrials.gov/study/NCT00811135?tab=history
NCT03098550,original,,,,CURRENT_ONLY_HISTORY_UNAVAILABLE,https://clinicaltrials.gov/study/NCT03098550?tab=history
NCT03098550,pre_recruitment,,,,CURRENT_ONLY_HISTORY_UNAVAILABLE,https://clinicaltrials.gov/study/NCT03098550?tab=history
NCT03098550,pre_primary_completion,,,,CURRENT_ONLY_HISTORY_UNAVAILABLE,https://clinicaltrials.gov/study/NCT03098550?tab=history
NCT03098550,pre_publication,,,,CURRENT_ONLY_HISTORY_UNAVAILABLE,https://clinicaltrials.gov/study/NCT03098550?tab=history
NCT03098550,current,current,,Number of Participants With Adverse Events (AEs) [Time Frame: From first dose to 30 days post last dose (up to 34 months)] | Number of Participants With Serious Adverse Events (SAEs) [Time Frame: From first dose to 30 days post last dose (up to 34 months)] | Number of Participants With Laboratory Abnormalities in Specific Liver Tests [Time Frame: From first dose to 30 days post last dose (up to 34 months)] | Number of Participants With Laboratory Abnormalities in Specific Thyroid Tests [Time Frame: From first dose to 30 days post last dose (up to 34 months)] | Number of Participants With Laboratory Results of Worst CTC Grade [Time Frame: From first dose to 30 days post last dose (up to 34 months)],CURRENT_ONLY_HISTORY_UNAVAILABLE,https://clinicaltrials.gov/study/NCT03098550?tab=history
NCT03250676,original,,,,CURRENT_ONLY_HISTORY_UNAVAILABLE,https://clinicaltrials.gov/study/NCT03250676?tab=history
NCT03250676,pre_recruitment,,,,CURRENT_ONLY_HISTORY_UNAVAILABLE,https://clinicaltrials.gov/study/NCT03250676?tab=history
NCT03250676,pre_primary_completion,,,,CURRENT_ONLY_HISTORY_UNAVAILABLE,https://clinicaltrials.gov/study/NCT03250676?tab=history
NCT03250676,pre_publication,,,,CURRENT_ONLY_HISTORY_UNAVAILABLE,https://clinicaltrials.gov/study/NCT03250676?tab=history
NCT03250676,current,current,,"Phase 1: Number of Participants With Dose-limiting Toxicities (DLTs) [Time Frame: Cycle 1 (Cycle length=28 days)] | Phase 1 and Phase 2: Objective Response Rate (ORR) [Time Frame: Phase 1 and Phase 2: From the first dose of study drug to the first date of documentation of progressive disease (PD) or death, whichever occurred first (up to 33 months)] | Phase 1 and Phase 2: Duration of Response (DoR) [Time Frame: Phase 1 and Phase 2: From the first dose of study drug to the first date of documentation of PD or death, whichever occurred first (up to 33 months)] | Phase 1 and Phase 2: Disease Control Rate (DCR) [Time Frame: Phase 1 and Phase 2: From the first dose of study drug to the first date of documentation of PD or death, whichever occurred first (up to 33 months)] | Phase 1 and Phase 2: Clinical Benefit Rate (CBR) [Time Frame: Phase 1 and Phase 2: From the first dose of study drug to the first date of documentation of PD or death, whichever occurred first (up to 33 months)] | Phase 1 and Phase 2: Progression-free Survival (PFS) [Time Frame: Phase 1 and Phase 2: From the first dose of study drug to the first date of documentation of PD or death, whichever occurred first (up to 33 months)] | Phase 1 and Phase 2: Overall Survival (OS) [Time Frame: Phase 1 and Phase 2: From the first dose of study drug to date of death or last known alive (up to 63 months)]",CURRENT_ONLY_HISTORY_UNAVAILABLE,https://clinicaltrials.gov/study/NCT03250676?tab=history
NCT03691493,original,,,,CURRENT_ONLY_HISTORY_UNAVAILABLE,https://clinicaltrials.gov/study/NCT03691493?tab=history
NCT03691493,pre_recruitment,,,,CURRENT_ONLY_HISTORY_UNAVAILABLE,https://clinicaltrials.gov/study/NCT03691493?tab=history
NCT03691493,pre_primary_completion,,,,CURRENT_ONLY_HISTORY_UNAVAILABLE,https://clinicaltrials.gov/study/NCT03691493?tab=history
NCT03691493,pre_publication,,,,CURRENT_ONLY_HISTORY_UNAVAILABLE,https://clinicaltrials.gov/study/NCT03691493?tab=history
NCT03691493,current,current,,Response Rate [Time Frame: Up to 3 months post radiation],CURRENT_ONLY_HISTORY_UNAVAILABLE,https://clinicaltrials.gov/study/NCT03691493?tab=history
NCT01853748,original,,,,CURRENT_ONLY_HISTORY_UNAVAILABLE,https://clinicaltrials.gov/study/NCT01853748?tab=history
NCT01853748,pre_recruitment,,,,CURRENT_ONLY_HISTORY_UNAVAILABLE,https://clinicaltrials.gov/study/NCT01853748?tab=history
NCT01853748,pre_primary_completion,,,,CURRENT_ONLY_HISTORY_UNAVAILABLE,https://clinicaltrials.gov/study/NCT01853748?tab=history
NCT01853748,pre_publication,,,,CURRENT_ONLY_HISTORY_UNAVAILABLE,https://clinicaltrials.gov/study/NCT01853748?tab=history
NCT01853748,current,current,,"Number of Participants of Clinically Relevant Toxicities (CRT) [Time Frame: 5 years after completion of study treatment or until death, whichever occurs first.] | 3-year Disease Free Survival (DFS) Rate of Trastuzumab Emtansine (TDM-1) [Time Frame: 3 years]",CURRENT_ONLY_HISTORY_UNAVAILABLE,https://clinicaltrials.gov/study/NCT01853748?tab=history
NCT03371017,original,,,,CURRENT_ONLY_HISTORY_UNAVAILABLE,https://clinicaltrials.gov/study/NCT03371017?tab=history
NCT03371017,pre_recruitment,,,,CURRENT_ONLY_HISTORY_UNAVAILABLE,https://clinicaltrials.gov/study/NCT03371017?tab=history
NCT03371017,pre_primary_completion,,,,CURRENT_ONLY_HISTORY_UNAVAILABLE,https://clinicaltrials.gov/study/NCT03371017?tab=history
NCT03371017,pre_publication,,,,CURRENT_ONLY_HISTORY_UNAVAILABLE,https://clinicaltrials.gov/study/NCT03371017?tab=history
NCT03371017,current,current,,Overall Survival (OS) in PD-L1-positive Population [Time Frame: Time from randomization to death (Up to 68 months)] | OS in Modified Intent-to-treat (mITT) Population [Time Frame: Time from randomization to death (Up to 68 months)],CURRENT_ONLY_HISTORY_UNAVAILABLE,https://clinicaltrials.gov/study/NCT03371017?tab=history
NCT01926886,original,,,,CURRENT_ONLY_HISTORY_UNAVAILABLE,https://clinicaltrials.gov/study/NCT01926886?tab=history
NCT01926886,pre_recruitment,,,,CURRENT_ONLY_HISTORY_UNAVAILABLE,https://clinicaltrials.gov/study/NCT01926886?tab=history
NCT01926886,pre_primary_completion,,,,CURRENT_ONLY_HISTORY_UNAVAILABLE,https://clinicaltrials.gov/study/NCT01926886?tab=history
NCT01926886,pre_publication,,,,CURRENT_ONLY_HISTORY_UNAVAILABLE,https://clinicaltrials.gov/study/NCT01926886?tab=history
NCT01926886,current,current,,Percentage of Participants With Adverse Events (AEs) and Serious Adverse Events (SAEs) [Time Frame: Up to 45 months],CURRENT_ONLY_HISTORY_UNAVAILABLE,https://clinicaltrials.gov/study/NCT01926886?tab=history
NCT01847001,original,,,,CURRENT_ONLY_HISTORY_UNAVAILABLE,https://clinicaltrials.gov/study/NCT01847001?tab=history
NCT01847001,pre_recruitment,,,,CURRENT_ONLY_HISTORY_UNAVAILABLE,https://clinicaltrials.gov/study/NCT01847001?tab=history
NCT01847001,pre_primary_completion,,,,CURRENT_ONLY_HISTORY_UNAVAILABLE,https://clinicaltrials.gov/study/NCT01847001?tab=history
NCT01847001,pre_publication,,,,CURRENT_ONLY_HISTORY_UNAVAILABLE,https://clinicaltrials.gov/study/NCT01847001?tab=history
NCT01847001,current,current,,Mean Adherence to Propranolol [Time Frame: Approximately 6 months] | Total Number of Participants Who Reached The Target Propranolol Dosing [Time Frame: Approximately 6 months],CURRENT_ONLY_HISTORY_UNAVAILABLE,https://clinicaltrials.gov/study/NCT01847001?tab=history
NCT01605396,original,,,,CURRENT_ONLY_HISTORY_UNAVAILABLE,https://clinicaltrials.gov/study/NCT01605396?tab=history
NCT01605396,pre_recruitment,,,,CURRENT_ONLY_HISTORY_UNAVAILABLE,https://clinicaltrials.gov/study/NCT01605396?tab=history
NCT01605396,pre_primary_completion,,,,CURRENT_ONLY_HISTORY_UNAVAILABLE,https://clinicaltrials.gov/study/NCT01605396?tab=history
NCT01605396,pre_publication,,,,CURRENT_ONLY_HISTORY_UNAVAILABLE,https://clinicaltrials.gov/study/NCT01605396?tab=history
NCT01605396,current,current,,1. Progression-free Survival (PFS) According to Response Criteria in Solid Tumors Version 1.1 (RECIST 1.1) Based on Blinded Independent Central Review (BICR) [Time Frame: From Day 1 through last post-study efficacy follow-up (up to ~19 months)],CURRENT_ONLY_HISTORY_UNAVAILABLE,https://clinicaltrials.gov/study/NCT01605396?tab=history
NCT01125566,original,,,,CURRENT_ONLY_HISTORY_UNAVAILABLE,https://clinicaltrials.gov/study/NCT01125566?tab=history
NCT01125566,pre_recruitment,,,,CURRENT_ONLY_HISTORY_UNAVAILABLE,https://clinicaltrials.gov/study/NCT01125566?tab=history
NCT01125566,pre_primary_completion,,,,CURRENT_ONLY_HISTORY_UNAVAILABLE,https://clinicaltrials.gov/study/NCT01125566?tab=history
NCT01125566,pre_publication,,,,CURRENT_ONLY_HISTORY_UNAVAILABLE,https://clinicaltrials.gov/study/NCT01125566?tab=history
NCT01125566,current,current,,"Progression-free Survival (PFS) [Time Frame: From randomization (07Sep2010) until disease progression, death or data cut-off (08Jun2013); Up to 34 months]",CURRENT_ONLY_HISTORY_UNAVAILABLE,https://clinicaltrials.gov/study/NCT01125566?tab=history
NCT03633331,original,,,,CURRENT_ONLY_HISTORY_UNAVAILABLE,https://clinicaltrials.gov/study/NCT03633331?tab=history
NCT03633331,pre_recruitment,,,,CURRENT_ONLY_HISTORY_UNAVAILABLE,https://clinicaltrials.gov/study/NCT03633331?tab=history
NCT03633331,pre_primary_completion,,,,CURRENT_ONLY_HISTORY_UNAVAILABLE,https://clinicaltrials.gov/study/NCT03633331?tab=history
NCT03633331,pre_publication,,,,CURRENT_ONLY_HISTORY_UNAVAILABLE,https://clinicaltrials.gov/study/NCT03633331?tab=history
NCT03633331,current,current,,Incidence of Adverse Events [Time Frame: 6 months],CURRENT_ONLY_HISTORY_UNAVAILABLE,https://clinicaltrials.gov/study/NCT03633331?tab=history
NCT00066703,original,,,,CURRENT_ONLY_HISTORY_UNAVAILABLE,https://clinicaltrials.gov/study/NCT00066703?tab=history
NCT00066703,pre_recruitment,,,,CURRENT_ONLY_HISTORY_UNAVAILABLE,https://clinicaltrials.gov/study/NCT00066703?tab=history
NCT00066703,pre_primary_completion,,,,CURRENT_ONLY_HISTORY_UNAVAILABLE,https://clinicaltrials.gov/study/NCT00066703?tab=history
NCT00066703,pre_publication,,,,CURRENT_ONLY_HISTORY_UNAVAILABLE,https://clinicaltrials.gov/study/NCT00066703?tab=history
NCT00066703,current,current,,Disease-free Survival [Time Frame: 5-year estimate reported at a median follow-up of 72 months],CURRENT_ONLY_HISTORY_UNAVAILABLE,https://clinicaltrials.gov/study/NCT00066703?tab=history
NCT01031446,original,,,,CURRENT_ONLY_HISTORY_UNAVAILABLE,https://clinicaltrials.gov/study/NCT01031446?tab=history
NCT01031446,pre_recruitment,,,,CURRENT_ONLY_HISTORY_UNAVAILABLE,https://clinicaltrials.gov/study/NCT01031446?tab=history
NCT01031446,pre_primary_completion,,,,CURRENT_ONLY_HISTORY_UNAVAILABLE,https://clinicaltrials.gov/study/NCT01031446?tab=history
NCT01031446,pre_publication,,,,CURRENT_ONLY_HISTORY_UNAVAILABLE,https://clinicaltrials.gov/study/NCT01031446?tab=history
NCT01031446,current,current,,Maximum Feasible Dose in Milligrams Per Meter Squared of Body Surface Area (mg/m2) of Cisplatin and Paclitaxel for Women With Metastatic Breast Cancer [Time Frame: at 8 weeks] | Maximum Feasible Dose in mg of RAD001 (Everolimus)for Women With Metastatic Breast Cancer [Time Frame: at 8 weeks] | Patients With Progression-free Survival [Time Frame: at 6 months],CURRENT_ONLY_HISTORY_UNAVAILABLE,https://clinicaltrials.gov/study/NCT01031446?tab=history
NCT02988986,original,,,,CURRENT_ONLY_HISTORY_UNAVAILABLE,https://clinicaltrials.gov/study/NCT02988986?tab=history
NCT02988986,pre_recruitment,,,,CURRENT_ONLY_HISTORY_UNAVAILABLE,https://clinicaltrials.gov/study/NCT02988986?tab=history
NCT02988986,pre_primary_completion,,,,CURRENT_ONLY_HISTORY_UNAVAILABLE,https://clinicaltrials.gov/study/NCT02988986?tab=history
NCT02988986,pre_publication,,,,CURRENT_ONLY_HISTORY_UNAVAILABLE,https://clinicaltrials.gov/study/NCT02988986?tab=history
NCT02988986,current,current,,Ki67 Expression [Time Frame: Baseline to 6 weeks],CURRENT_ONLY_HISTORY_UNAVAILABLE,https://clinicaltrials.gov/study/NCT02988986?tab=history
NCT00670982,original,,,,CURRENT_ONLY_HISTORY_UNAVAILABLE,https://clinicaltrials.gov/study/NCT00670982?tab=history
NCT00670982,pre_recruitment,,,,CURRENT_ONLY_HISTORY_UNAVAILABLE,https://clinicaltrials.gov/study/NCT00670982?tab=history
NCT00670982,pre_primary_completion,,,,CURRENT_ONLY_HISTORY_UNAVAILABLE,https://clinicaltrials.gov/study/NCT00670982?tab=history
NCT00670982,pre_publication,,,,CURRENT_ONLY_HISTORY_UNAVAILABLE,https://clinicaltrials.gov/study/NCT00670982?tab=history
NCT00670982,current,current,,Proportion of Patients Alive and Without Progression of Disease at 1 Year From Start of Protocol-based Therapy. [Time Frame: 1 year],CURRENT_ONLY_HISTORY_UNAVAILABLE,https://clinicaltrials.gov/study/NCT00670982?tab=history
NCT01964924,original,,,,CURRENT_ONLY_HISTORY_UNAVAILABLE,https://clinicaltrials.gov/study/NCT01964924?tab=history
NCT01964924,pre_recruitment,,,,CURRENT_ONLY_HISTORY_UNAVAILABLE,https://clinicaltrials.gov/study/NCT01964924?tab=history
NCT01964924,pre_primary_completion,,,,CURRENT_ONLY_HISTORY_UNAVAILABLE,https://clinicaltrials.gov/study/NCT01964924?tab=history
NCT01964924,pre_publication,,,,CURRENT_ONLY_HISTORY_UNAVAILABLE,https://clinicaltrials.gov/study/NCT01964924?tab=history
NCT01964924,current,current,,"Objective Response Rate (ORR), Defined as the Proportion of Patients Who Have Had a Partial Response (PR) or Complete Response (CR) (RECIST 1.1 Based) Within the First 6 Months After Initiation of Therapy With Trametinib [Time Frame: 6 months]",CURRENT_ONLY_HISTORY_UNAVAILABLE,https://clinicaltrials.gov/study/NCT01964924?tab=history
NCT02599194,original,,,,CURRENT_ONLY_HISTORY_UNAVAILABLE,https://clinicaltrials.gov/study/NCT02599194?tab=history
NCT02599194,pre_recruitment,,,,CURRENT_ONLY_HISTORY_UNAVAILABLE,https://clinicaltrials.gov/study/NCT02599194?tab=history
NCT02599194,pre_primary_completion,,,,CURRENT_ONLY_HISTORY_UNAVAILABLE,https://clinicaltrials.gov/study/NCT02599194?tab=history
NCT02599194,pre_publication,,,,CURRENT_ONLY_HISTORY_UNAVAILABLE,https://clinicaltrials.gov/study/NCT02599194?tab=history
NCT02599194,current,current,,Change From Baseline in Standard Uptake Value Maximum (SUVmax) Post-treatment [Time Frame: Baseline and up to 2 years],CURRENT_ONLY_HISTORY_UNAVAILABLE,https://clinicaltrials.gov/study/NCT02599194?tab=history
NCT00934856,original,,,,CURRENT_ONLY_HISTORY_UNAVAILABLE,https://clinicaltrials.gov/study/NCT00934856?tab=history
NCT00934856,pre_recruitment,,,,CURRENT_ONLY_HISTORY_UNAVAILABLE,https://clinicaltrials.gov/study/NCT00934856?tab=history
NCT00934856,pre_primary_completion,,,,CURRENT_ONLY_HISTORY_UNAVAILABLE,https://clinicaltrials.gov/study/NCT00934856?tab=history
NCT00934856,pre_publication,,,,CURRENT_ONLY_HISTORY_UNAVAILABLE,https://clinicaltrials.gov/study/NCT00934856?tab=history
NCT00934856,current,current,,"Number of Participants With Dose Limiting Toxicity (DLT) - MBC and LABC Feasibility Population [Time Frame: Cycle 1 (up to 21 days)] | Percentage of Participants With Adverse Events (AEs) or Serious AEs (SAEs) - MBC and LABC Population [Time Frame: Baseline up to 28 days after last dose for MBC participants and for LABC participants who could not undergo surgery, and up to 6 weeks post-surgery for LABC participants who underwent surgery (maximum up to approximately 3 years)]",CURRENT_ONLY_HISTORY_UNAVAILABLE,https://clinicaltrials.gov/study/NCT00934856?tab=history
NCT02860000,original,,,,CURRENT_ONLY_HISTORY_UNAVAILABLE,https://clinicaltrials.gov/study/NCT02860000?tab=history
NCT02860000,pre_recruitment,,,,CURRENT_ONLY_HISTORY_UNAVAILABLE,https://clinicaltrials.gov/study/NCT02860000?tab=history
NCT02860000,pre_primary_completion,,,,CURRENT_ONLY_HISTORY_UNAVAILABLE,https://clinicaltrials.gov/study/NCT02860000?tab=history
NCT02860000,pre_publication,,,,CURRENT_ONLY_HISTORY_UNAVAILABLE,https://clinicaltrials.gov/study/NCT02860000?tab=history
NCT02860000,current,current,,Tumor Response Rate Defined as 100% Times the Number of Patients Who Meet the Criteria for Complete Response (CR) or Partial Response (PR) Using RECIST Criteria Version 1.1 [Time Frame: Up to 4.5 years],CURRENT_ONLY_HISTORY_UNAVAILABLE,https://clinicaltrials.gov/study/NCT02860000?tab=history
NCT01923298,original,,,,CURRENT_ONLY_HISTORY_UNAVAILABLE,https://clinicaltrials.gov/study/NCT01923298?tab=history
NCT01923298,pre_recruitment,,,,CURRENT_ONLY_HISTORY_UNAVAILABLE,https://clinicaltrials.gov/study/NCT01923298?tab=history
NCT01923298,pre_primary_completion,,,,CURRENT_ONLY_HISTORY_UNAVAILABLE,https://clinicaltrials.gov/study/NCT01923298?tab=history
NCT01923298,pre_publication,,,,CURRENT_ONLY_HISTORY_UNAVAILABLE,https://clinicaltrials.gov/study/NCT01923298?tab=history
NCT01923298,current,current,,"Changes in Serum Estradiol [Time Frame: Baseline, 16 weeks]",CURRENT_ONLY_HISTORY_UNAVAILABLE,https://clinicaltrials.gov/study/NCT01923298?tab=history
NCT00033514,original,,,,CURRENT_ONLY_HISTORY_UNAVAILABLE,https://clinicaltrials.gov/study/NCT00033514?tab=history
NCT00033514,pre_recruitment,,,,CURRENT_ONLY_HISTORY_UNAVAILABLE,https://clinicaltrials.gov/study/NCT00033514?tab=history
NCT00033514,pre_primary_completion,,,,CURRENT_ONLY_HISTORY_UNAVAILABLE,https://clinicaltrials.gov/study/NCT00033514?tab=history
NCT00033514,pre_publication,,,,CURRENT_ONLY_HISTORY_UNAVAILABLE,https://clinicaltrials.gov/study/NCT00033514?tab=history
NCT00033514,current,current,,The Objective Response Rate as Defined as Stable Disease or the Rate of Complete and Partial Responses Determined on Two Consecutive Occasions Greater Than or Equal to 4 Weeks Apart. [Time Frame: 5 years] | Recommended Dose for Phase II [Time Frame: treatment period],CURRENT_ONLY_HISTORY_UNAVAILABLE,https://clinicaltrials.gov/study/NCT00033514?tab=history
NCT01565083,original,,,,CURRENT_ONLY_HISTORY_UNAVAILABLE,https://clinicaltrials.gov/study/NCT01565083?tab=history
NCT01565083,pre_recruitment,,,,CURRENT_ONLY_HISTORY_UNAVAILABLE,https://clinicaltrials.gov/study/NCT01565083?tab=history
NCT01565083,pre_primary_completion,,,,CURRENT_ONLY_HISTORY_UNAVAILABLE,https://clinicaltrials.gov/study/NCT01565083?tab=history
NCT01565083,pre_publication,,,,CURRENT_ONLY_HISTORY_UNAVAILABLE,https://clinicaltrials.gov/study/NCT01565083?tab=history
NCT01565083,current,current,,"Percentage of Participants With Best Overall Response (BOR) as Assessed by Investigator According to Response Evaluation Criteria in Solid Tumors Version 1.1 (RECIST v1.1) [Time Frame: Baseline, every 3 cycles up to 36 months, and every 6 cycles thereafter if progression free after 36 months, 28 days after end of treatment, every 3 months thereafter (maximum up to approximately 3.5 years)]",CURRENT_ONLY_HISTORY_UNAVAILABLE,https://clinicaltrials.gov/study/NCT01565083?tab=history
NCT03004183,original,,,,CURRENT_ONLY_HISTORY_UNAVAILABLE,https://clinicaltrials.gov/study/NCT03004183?tab=history
NCT03004183,pre_recruitment,,,,CURRENT_ONLY_HISTORY_UNAVAILABLE,https://clinicaltrials.gov/study/NCT03004183?tab=history
NCT03004183,pre_primary_completion,,,,CURRENT_ONLY_HISTORY_UNAVAILABLE,https://clinicaltrials.gov/study/NCT03004183?tab=history
NCT03004183,pre_publication,,,,CURRENT_ONLY_HISTORY_UNAVAILABLE,https://clinicaltrials.gov/study/NCT03004183?tab=history
NCT03004183,current,current,,"Objective Response Rate [Time Frame: 30 days after the last dose of pembrolizumab until disease progression, initiating a non-study cancer treatment, withdrawing consent, or becoming lost to follow-up. Median duration of follow-up was 8.3 months (95% CI 3.0-10.1 months).]",CURRENT_ONLY_HISTORY_UNAVAILABLE,https://clinicaltrials.gov/study/NCT03004183?tab=history
NCT03176238,original,,,,CURRENT_ONLY_HISTORY_UNAVAILABLE,https://clinicaltrials.gov/study/NCT03176238?tab=history
NCT03176238,pre_recruitment,,,,CURRENT_ONLY_HISTORY_UNAVAILABLE,https://clinicaltrials.gov/study/NCT03176238?tab=history
NCT03176238,pre_primary_completion,,,,CURRENT_ONLY_HISTORY_UNAVAILABLE,https://clinicaltrials.gov/study/NCT03176238?tab=history
NCT03176238,pre_publication,,,,CURRENT_ONLY_HISTORY_UNAVAILABLE,https://clinicaltrials.gov/study/NCT03176238?tab=history
NCT03176238,current,current,,Summary of Number of Participants With Treatment Emergent Adverse Events (TEAE) - All Grades [Time Frame: Baseline up to approximately 43 weeks for Asian countires and 32 weeks for Non-Asian countries including a 30 day post treatment follow up period],CURRENT_ONLY_HISTORY_UNAVAILABLE,https://clinicaltrials.gov/study/NCT03176238?tab=history
NCT02413320,original,,,,CURRENT_ONLY_HISTORY_UNAVAILABLE,https://clinicaltrials.gov/study/NCT02413320?tab=history
NCT02413320,pre_recruitment,,,,CURRENT_ONLY_HISTORY_UNAVAILABLE,https://clinicaltrials.gov/study/NCT02413320?tab=history
NCT02413320,pre_primary_completion,,,,CURRENT_ONLY_HISTORY_UNAVAILABLE,https://clinicaltrials.gov/study/NCT02413320?tab=history
NCT02413320,pre_publication,,,,CURRENT_ONLY_HISTORY_UNAVAILABLE,https://clinicaltrials.gov/study/NCT02413320?tab=history
NCT02413320,current,current,,Number of Participants With Pathological Complete Response [Time Frame: 20 weeks],CURRENT_ONLY_HISTORY_UNAVAILABLE,https://clinicaltrials.gov/study/NCT02413320?tab=history
NCT00976989,original,,,,CURRENT_ONLY_HISTORY_UNAVAILABLE,https://clinicaltrials.gov/study/NCT00976989?tab=history
NCT00976989,pre_recruitment,,,,CURRENT_ONLY_HISTORY_UNAVAILABLE,https://clinicaltrials.gov/study/NCT00976989?tab=history
NCT00976989,pre_primary_completion,,,,CURRENT_ONLY_HISTORY_UNAVAILABLE,https://clinicaltrials.gov/study/NCT00976989?tab=history
NCT00976989,pre_publication,,,,CURRENT_ONLY_HISTORY_UNAVAILABLE,https://clinicaltrials.gov/study/NCT00976989?tab=history
NCT00976989,current,current,,Safety: Percentage of Participants With Symptomatic Cardiac Events as Assessed by the Investigator [Time Frame: From baseline up to approximately 3.5 years] | Safety: Percentage of Participants With Left Ventricular Ejection Fraction (LVEF) Decline During Pre-operative (Neoadjuvant) Period [Time Frame: From baseline up to approximately 18 weeks],CURRENT_ONLY_HISTORY_UNAVAILABLE,https://clinicaltrials.gov/study/NCT00976989?tab=history
NCT00829166,original,,,,CURRENT_ONLY_HISTORY_UNAVAILABLE,https://clinicaltrials.gov/study/NCT00829166?tab=history
NCT00829166,pre_recruitment,,,,CURRENT_ONLY_HISTORY_UNAVAILABLE,https://clinicaltrials.gov/study/NCT00829166?tab=history
NCT00829166,pre_primary_completion,,,,CURRENT_ONLY_HISTORY_UNAVAILABLE,https://clinicaltrials.gov/study/NCT00829166?tab=history
NCT00829166,pre_publication,,,,CURRENT_ONLY_HISTORY_UNAVAILABLE,https://clinicaltrials.gov/study/NCT00829166?tab=history
NCT00829166,current,current,,"Percentage of Participants With PD or Death as Assessed by an Independent Review Committee (IRC) [Time Frame: From the date of randomization through the data cut-off date of 14 Jan 2012 (up to 2 years, 11 months)] | Progression-free Survival (PFS) as Assessed by an IRC (Co-primary Endpoint) [Time Frame: From the date of randomization through the data cut-off date of 14 Jan 2012 (up to 2 years, 11 months)] | Percentage of Participants Who Died: Second Interim Analysis [Time Frame: From the date of randomization through the data cut-off date of 31 Jul 2012 (up to 3 years, 5 months)] | Overall Survival: Second Interim Analysis (Co-primary Endpoint) [Time Frame: From the date of randomization through the data cut-off date of 31 Jul 2012 (up to 3 years, 5 months)] | Percentage of Participants Who Died: Final Analysis [Time Frame: From the date of randomization through the data cut-off date of 31 Dec 2014 (up to 5 years, 11 months)] | Overall Survival: Final Analysis [Time Frame: From the date of randomization through the data cut-off date of 31 Dec 2014 (up to 5 years, 11 months)] | Percentage of Participants Who Were Alive at Year 1 [Time Frame: Year 1] | Percentage of Participants Who Were Alive at Year 2 [Time Frame: Year 2]",CURRENT_ONLY_HISTORY_UNAVAILABLE,https://clinicaltrials.gov/study/NCT00829166?tab=history
NCT03747042,original,,,,CURRENT_ONLY_HISTORY_UNAVAILABLE,https://clinicaltrials.gov/study/NCT03747042?tab=history
NCT03747042,pre_recruitment,,,,CURRENT_ONLY_HISTORY_UNAVAILABLE,https://clinicaltrials.gov/study/NCT03747042?tab=history
NCT03747042,pre_primary_completion,,,,CURRENT_ONLY_HISTORY_UNAVAILABLE,https://clinicaltrials.gov/study/NCT03747042?tab=history
NCT03747042,pre_publication,,,,CURRENT_ONLY_HISTORY_UNAVAILABLE,https://clinicaltrials.gov/study/NCT03747042?tab=history
NCT03747042,current,current,,Measure Ki67 Index in Highly Hormone-dependent Breast Cancers vs. Those That Are Not [Time Frame: Within 8 to 30 days],CURRENT_ONLY_HISTORY_UNAVAILABLE,https://clinicaltrials.gov/study/NCT03747042?tab=history
NCT02187991,original,,,,CURRENT_ONLY_HISTORY_UNAVAILABLE,https://clinicaltrials.gov/study/NCT02187991?tab=history
NCT02187991,pre_recruitment,,,,CURRENT_ONLY_HISTORY_UNAVAILABLE,https://clinicaltrials.gov/study/NCT02187991?tab=history
NCT02187991,pre_primary_completion,,,,CURRENT_ONLY_HISTORY_UNAVAILABLE,https://clinicaltrials.gov/study/NCT02187991?tab=history
NCT02187991,pre_publication,,,,CURRENT_ONLY_HISTORY_UNAVAILABLE,https://clinicaltrials.gov/study/NCT02187991?tab=history
NCT02187991,current,current,,"Time to Disease Progression - Tumor Response Based on RECIST 1.1 Criteria [Time Frame: until disease progression (assessed by RECIST 1.1), unacceptable toxicity, death, or discontinuation from study for any other reason, up to 3 years from date of patient registration]",CURRENT_ONLY_HISTORY_UNAVAILABLE,https://clinicaltrials.gov/study/NCT02187991?tab=history
NCT03262935,original,,,,CURRENT_ONLY_HISTORY_UNAVAILABLE,https://clinicaltrials.gov/study/NCT03262935?tab=history
NCT03262935,pre_recruitment,,,,CURRENT_ONLY_HISTORY_UNAVAILABLE,https://clinicaltrials.gov/study/NCT03262935?tab=history
NCT03262935,pre_primary_completion,,,,CURRENT_ONLY_HISTORY_UNAVAILABLE,https://clinicaltrials.gov/study/NCT03262935?tab=history
NCT03262935,pre_publication,,,,CURRENT_ONLY_HISTORY_UNAVAILABLE,https://clinicaltrials.gov/study/NCT03262935?tab=history
NCT03262935,current,current,,Progression Free Survival [Time Frame: baseline until primary analysis data cut-off date of 31March2021],CURRENT_ONLY_HISTORY_UNAVAILABLE,https://clinicaltrials.gov/study/NCT03262935?tab=history
NCT06465368,original,,,,CURRENT_ONLY_HISTORY_UNAVAILABLE,https://clinicaltrials.gov/study/NCT06465368?tab=history
NCT06465368,pre_recruitment,,,,CURRENT_ONLY_HISTORY_UNAVAILABLE,https://clinicaltrials.gov/study/NCT06465368?tab=history
NCT06465368,pre_primary_completion,,,,CURRENT_ONLY_HISTORY_UNAVAILABLE,https://clinicaltrials.gov/study/NCT06465368?tab=history
NCT06465368,pre_publication,,,,CURRENT_ONLY_HISTORY_UNAVAILABLE,https://clinicaltrials.gov/study/NCT06465368?tab=history
NCT06465368,current,current,,Percentage of Participants With Complete Cell Cycle Arrest (CCCA) at Day 14 [Time Frame: Day 14],CURRENT_ONLY_HISTORY_UNAVAILABLE,https://clinicaltrials.gov/study/NCT06465368?tab=history
NCT02520063,original,,,,CURRENT_ONLY_HISTORY_UNAVAILABLE,https://clinicaltrials.gov/study/NCT02520063?tab=history
NCT02520063,pre_recruitment,,,,CURRENT_ONLY_HISTORY_UNAVAILABLE,https://clinicaltrials.gov/study/NCT02520063?tab=history
NCT02520063,pre_primary_completion,,,,CURRENT_ONLY_HISTORY_UNAVAILABLE,https://clinicaltrials.gov/study/NCT02520063?tab=history
NCT02520063,pre_publication,,,,CURRENT_ONLY_HISTORY_UNAVAILABLE,https://clinicaltrials.gov/study/NCT02520063?tab=history
NCT02520063,current,current,,Number of Participants Who Experienced Dose-limiting Toxicities [Time Frame: 4 weeks],CURRENT_ONLY_HISTORY_UNAVAILABLE,https://clinicaltrials.gov/study/NCT02520063?tab=history
NCT05659563,original,,,,CURRENT_ONLY_HISTORY_UNAVAILABLE,https://clinicaltrials.gov/study/NCT05659563?tab=history
NCT05659563,pre_recruitment,,,,CURRENT_ONLY_HISTORY_UNAVAILABLE,https://clinicaltrials.gov/study/NCT05659563?tab=history
NCT05659563,pre_primary_completion,,,,CURRENT_ONLY_HISTORY_UNAVAILABLE,https://clinicaltrials.gov/study/NCT05659563?tab=history
NCT05659563,pre_publication,,,,CURRENT_ONLY_HISTORY_UNAVAILABLE,https://clinicaltrials.gov/study/NCT05659563?tab=history
NCT05659563,current,current,,Change in Proliferative Index (Ki67 Expression) [Time Frame: Baseline up to 15 days],CURRENT_ONLY_HISTORY_UNAVAILABLE,https://clinicaltrials.gov/study/NCT05659563?tab=history
NCT02229084,original,,,,CURRENT_ONLY_HISTORY_UNAVAILABLE,https://clinicaltrials.gov/study/NCT02229084?tab=history
NCT02229084,pre_recruitment,,,,CURRENT_ONLY_HISTORY_UNAVAILABLE,https://clinicaltrials.gov/study/NCT02229084?tab=history
NCT02229084,pre_primary_completion,,,,CURRENT_ONLY_HISTORY_UNAVAILABLE,https://clinicaltrials.gov/study/NCT02229084?tab=history
NCT02229084,pre_publication,,,,CURRENT_ONLY_HISTORY_UNAVAILABLE,https://clinicaltrials.gov/study/NCT02229084?tab=history
NCT02229084,current,current,,"Identify a Feasible Schedule of Vaccination Relative to SoC Neoadjuvant Chemotherapy When the Chemovax Are Administered Concurrently. [Time Frame: At the time of definitive surgery (4-8 weeks after chemo, which is between Week 22 and Week 25)] | Determine the pCR Rate [Time Frame: At the time of definitive surgery (4-8 weeks after chemo, which is between Week 22 and Week 25)]",CURRENT_ONLY_HISTORY_UNAVAILABLE,https://clinicaltrials.gov/study/NCT02229084?tab=history
NCT02648477,original,,,,CURRENT_ONLY_HISTORY_UNAVAILABLE,https://clinicaltrials.gov/study/NCT02648477?tab=history
NCT02648477,pre_recruitment,,,,CURRENT_ONLY_HISTORY_UNAVAILABLE,https://clinicaltrials.gov/study/NCT02648477?tab=history
NCT02648477,pre_primary_completion,,,,CURRENT_ONLY_HISTORY_UNAVAILABLE,https://clinicaltrials.gov/study/NCT02648477?tab=history
NCT02648477,pre_publication,,,,CURRENT_ONLY_HISTORY_UNAVAILABLE,https://clinicaltrials.gov/study/NCT02648477?tab=history
NCT02648477,current,current,,Number of Participants With Overall Response [Time Frame: Up to 3 years],CURRENT_ONLY_HISTORY_UNAVAILABLE,https://clinicaltrials.gov/study/NCT02648477?tab=history
NCT03167619,original,,,,CURRENT_ONLY_HISTORY_UNAVAILABLE,https://clinicaltrials.gov/study/NCT03167619?tab=history
NCT03167619,pre_recruitment,,,,CURRENT_ONLY_HISTORY_UNAVAILABLE,https://clinicaltrials.gov/study/NCT03167619?tab=history
NCT03167619,pre_primary_completion,,,,CURRENT_ONLY_HISTORY_UNAVAILABLE,https://clinicaltrials.gov/study/NCT03167619?tab=history
NCT03167619,pre_publication,,,,CURRENT_ONLY_HISTORY_UNAVAILABLE,https://clinicaltrials.gov/study/NCT03167619?tab=history
NCT03167619,current,current,,"Efficacy of Olaparib Alone as Assessed by PFS (Progression-free Survival) Reported as Events Per Month [Time Frame: From date of randomization until the date of documented progression or date of death, whichever came first, approximately 1 year.] | Efficacy of Olaparib in Combination With Durvalumab as Assessed by PFS (Progression-free Survival) [Time Frame: From date of randomization until the date of documented progression or date of death, whichever came first, approximately 1 year.]",CURRENT_ONLY_HISTORY_UNAVAILABLE,https://clinicaltrials.gov/study/NCT03167619?tab=history
NCT02003209,original,,,,CURRENT_ONLY_HISTORY_UNAVAILABLE,https://clinicaltrials.gov/study/NCT02003209?tab=history
NCT02003209,pre_recruitment,,,,CURRENT_ONLY_HISTORY_UNAVAILABLE,https://clinicaltrials.gov/study/NCT02003209?tab=history
NCT02003209,pre_primary_completion,,,,CURRENT_ONLY_HISTORY_UNAVAILABLE,https://clinicaltrials.gov/study/NCT02003209?tab=history
NCT02003209,pre_publication,,,,CURRENT_ONLY_HISTORY_UNAVAILABLE,https://clinicaltrials.gov/study/NCT02003209?tab=history
NCT02003209,current,current,,Percent of Patients With Pathological Complete Response (pCR) in the Breast and Post Therapy Lymph Nodes [Time Frame: Up to 2.8 years (when all patients completed primary breast surgery)],CURRENT_ONLY_HISTORY_UNAVAILABLE,https://clinicaltrials.gov/study/NCT02003209?tab=history
NCT00871858,original,,,,CURRENT_ONLY_HISTORY_UNAVAILABLE,https://clinicaltrials.gov/study/NCT00871858?tab=history
NCT00871858,pre_recruitment,,,,CURRENT_ONLY_HISTORY_UNAVAILABLE,https://clinicaltrials.gov/study/NCT00871858?tab=history
NCT00871858,pre_primary_completion,,,,CURRENT_ONLY_HISTORY_UNAVAILABLE,https://clinicaltrials.gov/study/NCT00871858?tab=history
NCT00871858,pre_publication,,,,CURRENT_ONLY_HISTORY_UNAVAILABLE,https://clinicaltrials.gov/study/NCT00871858?tab=history
NCT00871858,current,current,,Objective Response Rate (ORR) Determined by Clinical Palpation [Time Frame: 6 months],CURRENT_ONLY_HISTORY_UNAVAILABLE,https://clinicaltrials.gov/study/NCT00871858?tab=history
NCT03671330,original,,,,CURRENT_ONLY_HISTORY_UNAVAILABLE,https://clinicaltrials.gov/study/NCT03671330?tab=history
NCT03671330,pre_recruitment,,,,CURRENT_ONLY_HISTORY_UNAVAILABLE,https://clinicaltrials.gov/study/NCT03671330?tab=history
NCT03671330,pre_primary_completion,,,,CURRENT_ONLY_HISTORY_UNAVAILABLE,https://clinicaltrials.gov/study/NCT03671330?tab=history
NCT03671330,pre_publication,,,,CURRENT_ONLY_HISTORY_UNAVAILABLE,https://clinicaltrials.gov/study/NCT03671330?tab=history
NCT03671330,current,current,,"Pre and Postmenopausal Cohorts: Progressive Free Survival (PFS) Based on Local Assessment by RECIST 1.1 Guideline [Time Frame: After approximately 100 progression-free survival (PFS) events had been observed in each cohort, using data collected up to the analysis cut-off date of 25-Apr-2022, an average of 43 months.]",CURRENT_ONLY_HISTORY_UNAVAILABLE,https://clinicaltrials.gov/study/NCT03671330?tab=history
NCT01289353,original,,,,CURRENT_ONLY_HISTORY_UNAVAILABLE,https://clinicaltrials.gov/study/NCT01289353?tab=history
NCT01289353,pre_recruitment,,,,CURRENT_ONLY_HISTORY_UNAVAILABLE,https://clinicaltrials.gov/study/NCT01289353?tab=history
NCT01289353,pre_primary_completion,,,,CURRENT_ONLY_HISTORY_UNAVAILABLE,https://clinicaltrials.gov/study/NCT01289353?tab=history
NCT01289353,pre_publication,,,,CURRENT_ONLY_HISTORY_UNAVAILABLE,https://clinicaltrials.gov/study/NCT01289353?tab=history
NCT01289353,current,current,,Number of Patients Who Developed Grade 2-3 Acute Radiation Dermatitis Within 60 Days Post-RT [Time Frame: 60 days post-RT],CURRENT_ONLY_HISTORY_UNAVAILABLE,https://clinicaltrials.gov/study/NCT01289353?tab=history
NCT01491737,original,,,,CURRENT_ONLY_HISTORY_UNAVAILABLE,https://clinicaltrials.gov/study/NCT01491737?tab=history
NCT01491737,pre_recruitment,,,,CURRENT_ONLY_HISTORY_UNAVAILABLE,https://clinicaltrials.gov/study/NCT01491737?tab=history
NCT01491737,pre_primary_completion,,,,CURRENT_ONLY_HISTORY_UNAVAILABLE,https://clinicaltrials.gov/study/NCT01491737?tab=history
NCT01491737,pre_publication,,,,CURRENT_ONLY_HISTORY_UNAVAILABLE,https://clinicaltrials.gov/study/NCT01491737?tab=history
NCT01491737,current,current,,Progression-Free Survival (PFS) [Time Frame: Median [full range] of follow-up time on study for: Primary Analysis: 31.7 [0.0-44.3] months vs. 30.4 [0.0-45.8] months in Arm A vs. Arm B; Final Analysis: 73.20 [0.03-88.34] months vs. 71.06 [0.03-88.97] months in Arm A vs. Arm B],CURRENT_ONLY_HISTORY_UNAVAILABLE,https://clinicaltrials.gov/study/NCT01491737?tab=history
NCT02379247,original,,,,CURRENT_ONLY_HISTORY_UNAVAILABLE,https://clinicaltrials.gov/study/NCT02379247?tab=history
NCT02379247,pre_recruitment,,,,CURRENT_ONLY_HISTORY_UNAVAILABLE,https://clinicaltrials.gov/study/NCT02379247?tab=history
NCT02379247,pre_primary_completion,,,,CURRENT_ONLY_HISTORY_UNAVAILABLE,https://clinicaltrials.gov/study/NCT02379247?tab=history
NCT02379247,pre_publication,,,,CURRENT_ONLY_HISTORY_UNAVAILABLE,https://clinicaltrials.gov/study/NCT02379247?tab=history
NCT02379247,current,current,,Phase I: Recommended Phase II Dose (RP2D) of BYL-719 (Alpelisib) + Nab-paclitaxel to be Used in Combination to Treat Advanced HER2-negative Breast Cancer [Time Frame: 12 months] | Phase II: Overall Response Rate (ORR) of Subjects Treated at the Recommended Phase II Dose (RP2D) [Time Frame: 24 months],CURRENT_ONLY_HISTORY_UNAVAILABLE,https://clinicaltrials.gov/study/NCT02379247?tab=history
NCT04111510,original,,,,CURRENT_ONLY_HISTORY_UNAVAILABLE,https://clinicaltrials.gov/study/NCT04111510?tab=history
NCT04111510,pre_recruitment,,,,CURRENT_ONLY_HISTORY_UNAVAILABLE,https://clinicaltrials.gov/study/NCT04111510?tab=history
NCT04111510,pre_primary_completion,,,,CURRENT_ONLY_HISTORY_UNAVAILABLE,https://clinicaltrials.gov/study/NCT04111510?tab=history
NCT04111510,pre_publication,,,,CURRENT_ONLY_HISTORY_UNAVAILABLE,https://clinicaltrials.gov/study/NCT04111510?tab=history
NCT04111510,current,current,,Objective Response Rate (ORR) [Time Frame: Up to 4 months] | Safety Profile [Time Frame: Up to 3 years],CURRENT_ONLY_HISTORY_UNAVAILABLE,https://clinicaltrials.gov/study/NCT04111510?tab=history
NCT01730833,original,,,,CURRENT_ONLY_HISTORY_UNAVAILABLE,https://clinicaltrials.gov/study/NCT01730833?tab=history
NCT01730833,pre_recruitment,,,,CURRENT_ONLY_HISTORY_UNAVAILABLE,https://clinicaltrials.gov/study/NCT01730833?tab=history
NCT01730833,pre_primary_completion,,,,CURRENT_ONLY_HISTORY_UNAVAILABLE,https://clinicaltrials.gov/study/NCT01730833?tab=history
NCT01730833,pre_publication,,,,CURRENT_ONLY_HISTORY_UNAVAILABLE,https://clinicaltrials.gov/study/NCT01730833?tab=history
NCT01730833,current,current,,Progression Free Survival (MBC Cohort) [Time Frame: assessed up to 5 years] | Five Year Disease-free Survival (LABC Cohort) [Time Frame: assessed up to 5 years],CURRENT_ONLY_HISTORY_UNAVAILABLE,https://clinicaltrials.gov/study/NCT01730833?tab=history
NCT01796197,original,,,,CURRENT_ONLY_HISTORY_UNAVAILABLE,https://clinicaltrials.gov/study/NCT01796197?tab=history
NCT01796197,pre_recruitment,,,,CURRENT_ONLY_HISTORY_UNAVAILABLE,https://clinicaltrials.gov/study/NCT01796197?tab=history
NCT01796197,pre_primary_completion,,,,CURRENT_ONLY_HISTORY_UNAVAILABLE,https://clinicaltrials.gov/study/NCT01796197?tab=history
NCT01796197,pre_publication,,,,CURRENT_ONLY_HISTORY_UNAVAILABLE,https://clinicaltrials.gov/study/NCT01796197?tab=history
NCT01796197,current,current,,Percentages of Participants With Pathologic Complete Response [Time Frame: 18 weeks] | Residual Cancer Burden Rate [Time Frame: 18 Weeks],CURRENT_ONLY_HISTORY_UNAVAILABLE,https://clinicaltrials.gov/study/NCT01796197?tab=history
NCT04109391,original,,,,CURRENT_ONLY_HISTORY_UNAVAILABLE,https://clinicaltrials.gov/study/NCT04109391?tab=history
NCT04109391,pre_recruitment,,,,CURRENT_ONLY_HISTORY_UNAVAILABLE,https://clinicaltrials.gov/study/NCT04109391?tab=history
NCT04109391,pre_primary_completion,,,,CURRENT_ONLY_HISTORY_UNAVAILABLE,https://clinicaltrials.gov/study/NCT04109391?tab=history
NCT04109391,pre_publication,,,,CURRENT_ONLY_HISTORY_UNAVAILABLE,https://clinicaltrials.gov/study/NCT04109391?tab=history
NCT04109391,current,current,,Immunogenicity Assessments (ADA and Nab) [Time Frame: Assessed from first infusion through end of treatment (Week 45) or Early Termination visit. Each cycle is 3 weeks.] | Disease-Free Survival [Time Frame: Through study completion/end of treatment (Week 45).] | Overall Survival [Time Frame: Through study completion/end of treatment (Week 45).],CURRENT_ONLY_HISTORY_UNAVAILABLE,https://clinicaltrials.gov/study/NCT04109391?tab=history
NCT01127763,original,,,,CURRENT_ONLY_HISTORY_UNAVAILABLE,https://clinicaltrials.gov/study/NCT01127763?tab=history
NCT01127763,pre_recruitment,,,,CURRENT_ONLY_HISTORY_UNAVAILABLE,https://clinicaltrials.gov/study/NCT01127763?tab=history
NCT01127763,pre_primary_completion,,,,CURRENT_ONLY_HISTORY_UNAVAILABLE,https://clinicaltrials.gov/study/NCT01127763?tab=history
NCT01127763,pre_publication,,,,CURRENT_ONLY_HISTORY_UNAVAILABLE,https://clinicaltrials.gov/study/NCT01127763?tab=history
NCT01127763,current,current,,"Clinical Benefit Rate (Complete Response, Partial Response, and Stable Disease That Lasts More Than 6 Months) [Time Frame: up to 1 year] | Toxicity Profile-Hematological [Time Frame: treatment period (up to 1 year) plus 30 days off treatment] | Toxicity Profile-Non Hematological [Time Frame: treatment period (up to 1 year) plus 30 days off treatment]",CURRENT_ONLY_HISTORY_UNAVAILABLE,https://clinicaltrials.gov/study/NCT01127763?tab=history
NCT01610284,original,,,,CURRENT_ONLY_HISTORY_UNAVAILABLE,https://clinicaltrials.gov/study/NCT01610284?tab=history
NCT01610284,pre_recruitment,,,,CURRENT_ONLY_HISTORY_UNAVAILABLE,https://clinicaltrials.gov/study/NCT01610284?tab=history
NCT01610284,pre_primary_completion,,,,CURRENT_ONLY_HISTORY_UNAVAILABLE,https://clinicaltrials.gov/study/NCT01610284?tab=history
NCT01610284,pre_publication,,,,CURRENT_ONLY_HISTORY_UNAVAILABLE,https://clinicaltrials.gov/study/NCT01610284?tab=history
NCT01610284,current,current,,"Progression Free Survival (PFS) Based on Local Investigator Assessment - Full Analysis Set (FAS) in Full Population, Main Study Cohort and PI3K Unknown Cohort [Time Frame: Date of randomization to the date of first documented tumor progression or death from any cause, whichever occurs first, reported between day of first patient randomized up to approximately 4 years]",CURRENT_ONLY_HISTORY_UNAVAILABLE,https://clinicaltrials.gov/study/NCT01610284?tab=history
NCT02896855,original,,,,CURRENT_ONLY_HISTORY_UNAVAILABLE,https://clinicaltrials.gov/study/NCT02896855?tab=history
NCT02896855,pre_recruitment,,,,CURRENT_ONLY_HISTORY_UNAVAILABLE,https://clinicaltrials.gov/study/NCT02896855?tab=history
NCT02896855,pre_primary_completion,,,,CURRENT_ONLY_HISTORY_UNAVAILABLE,https://clinicaltrials.gov/study/NCT02896855?tab=history
NCT02896855,pre_publication,,,,CURRENT_ONLY_HISTORY_UNAVAILABLE,https://clinicaltrials.gov/study/NCT02896855?tab=history
NCT02896855,current,current,,"Progression-Free Survival, as Determined by the Investigator Using Response Evaluation Criteria in Solid Tumors Version 1.1 (RECIST v1.1) [Time Frame: From date of randomization until date of PFS event (Median [range] time on study for Arm A vs. Arm B at Primary analysis: 57.14 [3.3-93.3] weeks vs. 59.64 [0.9-90.4] weeks; Final analysis: 145.29 [3.3-225.3] weeks vs. 174.79 [0.9-226.1] weeks)] | Kaplan-Meier Estimate of the Percentage of Participants Event-Free for Progression-Free Survival at 1 to 3 Years, as Determined by the Investigator Using RECIST v1.1 [Time Frame: At 1, 2, and 3 years]",CURRENT_ONLY_HISTORY_UNAVAILABLE,https://clinicaltrials.gov/study/NCT02896855?tab=history
NCT03333915,original,,,,CURRENT_ONLY_HISTORY_UNAVAILABLE,https://clinicaltrials.gov/study/NCT03333915?tab=history
NCT03333915,pre_recruitment,,,,CURRENT_ONLY_HISTORY_UNAVAILABLE,https://clinicaltrials.gov/study/NCT03333915?tab=history
NCT03333915,pre_primary_completion,,,,CURRENT_ONLY_HISTORY_UNAVAILABLE,https://clinicaltrials.gov/study/NCT03333915?tab=history
NCT03333915,pre_publication,,,,CURRENT_ONLY_HISTORY_UNAVAILABLE,https://clinicaltrials.gov/study/NCT03333915?tab=history
NCT03333915,current,current,,Phase 1: Number of Participants With Treatment- Emergent Adverse Events (TEAE) and Serious Adverse Events (SAE) [Time Frame: From first dose to within 30 days of last dose of pamiparib (approximately 36 months)] | Phase 1: Number of Participants With Clinically Significant Abnormalities in Physical Examinations and Electrocardiograms (ECGs) [Time Frame: From first dose to within 30 days of last dose of pamiparib (approximately 36 months)] | Phase 2: Objective Response Rate (ORR) in High Grade Ovarian Cancer (HGOC) Both PSOC and PROC as Assessed by Independent Radiology Review Committee (IRC) [Time Frame: Up to approximately 2 years and 8 months],CURRENT_ONLY_HISTORY_UNAVAILABLE,https://clinicaltrials.gov/study/NCT03333915?tab=history
NCT01111825,original,,,,CURRENT_ONLY_HISTORY_UNAVAILABLE,https://clinicaltrials.gov/study/NCT01111825?tab=history
NCT01111825,pre_recruitment,,,,CURRENT_ONLY_HISTORY_UNAVAILABLE,https://clinicaltrials.gov/study/NCT01111825?tab=history
NCT01111825,pre_primary_completion,,,,CURRENT_ONLY_HISTORY_UNAVAILABLE,https://clinicaltrials.gov/study/NCT01111825?tab=history
NCT01111825,pre_publication,,,,CURRENT_ONLY_HISTORY_UNAVAILABLE,https://clinicaltrials.gov/study/NCT01111825?tab=history
NCT01111825,current,current,,"Objective Response Rate (ORR) (Phase II) [Time Frame: From enrollment date to first documented response, or last tumor assessment, assessed up to two years]",CURRENT_ONLY_HISTORY_UNAVAILABLE,https://clinicaltrials.gov/study/NCT01111825?tab=history
NCT00570921,original,,,,CURRENT_ONLY_HISTORY_UNAVAILABLE,https://clinicaltrials.gov/study/NCT00570921?tab=history
NCT00570921,pre_recruitment,,,,CURRENT_ONLY_HISTORY_UNAVAILABLE,https://clinicaltrials.gov/study/NCT00570921?tab=history
NCT00570921,pre_primary_completion,,,,CURRENT_ONLY_HISTORY_UNAVAILABLE,https://clinicaltrials.gov/study/NCT00570921?tab=history
NCT00570921,pre_publication,,,,CURRENT_ONLY_HISTORY_UNAVAILABLE,https://clinicaltrials.gov/study/NCT00570921?tab=history
NCT00570921,current,current,,Time to Progression [Time Frame: Duration of time start of treatment to time of documented progression or death],CURRENT_ONLY_HISTORY_UNAVAILABLE,https://clinicaltrials.gov/study/NCT00570921?tab=history
NCT01196052,original,,,,CURRENT_ONLY_HISTORY_UNAVAILABLE,https://clinicaltrials.gov/study/NCT01196052?tab=history
NCT01196052,pre_recruitment,,,,CURRENT_ONLY_HISTORY_UNAVAILABLE,https://clinicaltrials.gov/study/NCT01196052?tab=history
NCT01196052,pre_primary_completion,,,,CURRENT_ONLY_HISTORY_UNAVAILABLE,https://clinicaltrials.gov/study/NCT01196052?tab=history
NCT01196052,pre_publication,,,,CURRENT_ONLY_HISTORY_UNAVAILABLE,https://clinicaltrials.gov/study/NCT01196052?tab=history
NCT01196052,current,current,,"Percentage of Participants With a Cardiac Event Within 12 Weeks After the Start of Trastuzumab Emtansine Treatment [Time Frame: Baseline to 12 weeks after the start of trastuzumab emtansine treatment] | Adverse Events, LVEF Function, and Deaths [Time Frame: From the start to the end of trastuzumab emtansine treatment (up to 51 weeks)]",CURRENT_ONLY_HISTORY_UNAVAILABLE,https://clinicaltrials.gov/study/NCT01196052?tab=history
NCT02489448,original,,,,CURRENT_ONLY_HISTORY_UNAVAILABLE,https://clinicaltrials.gov/study/NCT02489448?tab=history
NCT02489448,pre_recruitment,,,,CURRENT_ONLY_HISTORY_UNAVAILABLE,https://clinicaltrials.gov/study/NCT02489448?tab=history
NCT02489448,pre_primary_completion,,,,CURRENT_ONLY_HISTORY_UNAVAILABLE,https://clinicaltrials.gov/study/NCT02489448?tab=history
NCT02489448,pre_publication,,,,CURRENT_ONLY_HISTORY_UNAVAILABLE,https://clinicaltrials.gov/study/NCT02489448?tab=history
NCT02489448,current,current,,Pathologic Complete Response (pCR) [Time Frame: Up to 26 weeks],CURRENT_ONLY_HISTORY_UNAVAILABLE,https://clinicaltrials.gov/study/NCT02489448?tab=history
NCT02297698,original,,,,CURRENT_ONLY_HISTORY_UNAVAILABLE,https://clinicaltrials.gov/study/NCT02297698?tab=history
NCT02297698,pre_recruitment,,,,CURRENT_ONLY_HISTORY_UNAVAILABLE,https://clinicaltrials.gov/study/NCT02297698?tab=history
NCT02297698,pre_primary_completion,,,,CURRENT_ONLY_HISTORY_UNAVAILABLE,https://clinicaltrials.gov/study/NCT02297698?tab=history
NCT02297698,pre_publication,,,,CURRENT_ONLY_HISTORY_UNAVAILABLE,https://clinicaltrials.gov/study/NCT02297698?tab=history
NCT02297698,current,current,,Invasive Disease-free Survival (DFS) [Time Frame: Initiation of trastuzumab monotherapy through the end of the patient's fifth year of participation in the study.],CURRENT_ONLY_HISTORY_UNAVAILABLE,https://clinicaltrials.gov/study/NCT02297698?tab=history
NCT00789581,original,,,,CURRENT_ONLY_HISTORY_UNAVAILABLE,https://clinicaltrials.gov/study/NCT00789581?tab=history
NCT00789581,pre_recruitment,,,,CURRENT_ONLY_HISTORY_UNAVAILABLE,https://clinicaltrials.gov/study/NCT00789581?tab=history
NCT00789581,pre_primary_completion,,,,CURRENT_ONLY_HISTORY_UNAVAILABLE,https://clinicaltrials.gov/study/NCT00789581?tab=history
NCT00789581,pre_publication,,,,CURRENT_ONLY_HISTORY_UNAVAILABLE,https://clinicaltrials.gov/study/NCT00789581?tab=history
NCT00789581,current,current,,Disease-free Survival [Time Frame: up to 5.25 years (63 months)],CURRENT_ONLY_HISTORY_UNAVAILABLE,https://clinicaltrials.gov/study/NCT00789581?tab=history
NCT04588298,original,,,,CURRENT_ONLY_HISTORY_UNAVAILABLE,https://clinicaltrials.gov/study/NCT04588298?tab=history
NCT04588298,pre_recruitment,,,,CURRENT_ONLY_HISTORY_UNAVAILABLE,https://clinicaltrials.gov/study/NCT04588298?tab=history
NCT04588298,pre_primary_completion,,,,CURRENT_ONLY_HISTORY_UNAVAILABLE,https://clinicaltrials.gov/study/NCT04588298?tab=history
NCT04588298,pre_publication,,,,CURRENT_ONLY_HISTORY_UNAVAILABLE,https://clinicaltrials.gov/study/NCT04588298?tab=history
NCT04588298,current,current,,Percentage Change From Baseline in Estrogen Receptor (ER) Expression Between Pre- and On-treatment Tumour Samples (Primary Analysis) [Time Frame: Baseline (Screening Day -21 to 1) to Biopsy day (Days 5-7 [Stage 1 and 2] or Days 12-15 [Stage 3])] | Percentage Change From Baseline in ER Expression Between Pre- and On-treatment Tumour Samples (Sensitivity Analysis) [Time Frame: Baseline (Screening Day -21 to 1) to Biopsy Day (Days 5-7 [Stage 1 and 2] or Days 12-15 [Stage 3])],CURRENT_ONLY_HISTORY_UNAVAILABLE,https://clinicaltrials.gov/study/NCT04588298?tab=history
NCT02876302,original,,,,CURRENT_ONLY_HISTORY_UNAVAILABLE,https://clinicaltrials.gov/study/NCT02876302?tab=history
NCT02876302,pre_recruitment,,,,CURRENT_ONLY_HISTORY_UNAVAILABLE,https://clinicaltrials.gov/study/NCT02876302?tab=history
NCT02876302,pre_primary_completion,,,,CURRENT_ONLY_HISTORY_UNAVAILABLE,https://clinicaltrials.gov/study/NCT02876302?tab=history
NCT02876302,pre_publication,,,,CURRENT_ONLY_HISTORY_UNAVAILABLE,https://clinicaltrials.gov/study/NCT02876302?tab=history
NCT02876302,current,current,,Biologic Response To 7-Day Run-In Window Phase Treatment of Ruxolitinib Alone or Ruxolitinib Plus Paclitaxel [Time Frame: 7 days],CURRENT_ONLY_HISTORY_UNAVAILABLE,https://clinicaltrials.gov/study/NCT02876302?tab=history
NCT03901339,original,,,,CURRENT_ONLY_HISTORY_UNAVAILABLE,https://clinicaltrials.gov/study/NCT03901339?tab=history
NCT03901339,pre_recruitment,,,,CURRENT_ONLY_HISTORY_UNAVAILABLE,https://clinicaltrials.gov/study/NCT03901339?tab=history
NCT03901339,pre_primary_completion,,,,CURRENT_ONLY_HISTORY_UNAVAILABLE,https://clinicaltrials.gov/study/NCT03901339?tab=history
NCT03901339,pre_publication,,,,CURRENT_ONLY_HISTORY_UNAVAILABLE,https://clinicaltrials.gov/study/NCT03901339?tab=history
NCT03901339,current,current,,Progression-Free Survival (PFS) by Blinded Independent Central Review (BICR) Assessment [Time Frame: Up to 42.8 months],CURRENT_ONLY_HISTORY_UNAVAILABLE,https://clinicaltrials.gov/study/NCT03901339?tab=history
NCT03674112,original,,,,CURRENT_ONLY_HISTORY_UNAVAILABLE,https://clinicaltrials.gov/study/NCT03674112?tab=history
NCT03674112,pre_recruitment,,,,CURRENT_ONLY_HISTORY_UNAVAILABLE,https://clinicaltrials.gov/study/NCT03674112?tab=history
NCT03674112,pre_primary_completion,,,,CURRENT_ONLY_HISTORY_UNAVAILABLE,https://clinicaltrials.gov/study/NCT03674112?tab=history
NCT03674112,pre_publication,,,,CURRENT_ONLY_HISTORY_UNAVAILABLE,https://clinicaltrials.gov/study/NCT03674112?tab=history
NCT03674112,current,current,,"Percentage of Participants by Their Preferred Method of Pertuzumab and Trastuzumab Administration, as Assessed in Question 1 of the Patient Preference Questionnaire (PPQ) [Time Frame: Cycle 6 Day 1 (each cycle is 21 days)]",CURRENT_ONLY_HISTORY_UNAVAILABLE,https://clinicaltrials.gov/study/NCT03674112?tab=history
NCT03193853,original,,,,CURRENT_ONLY_HISTORY_UNAVAILABLE,https://clinicaltrials.gov/study/NCT03193853?tab=history
NCT03193853,pre_recruitment,,,,CURRENT_ONLY_HISTORY_UNAVAILABLE,https://clinicaltrials.gov/study/NCT03193853?tab=history
NCT03193853,pre_primary_completion,,,,CURRENT_ONLY_HISTORY_UNAVAILABLE,https://clinicaltrials.gov/study/NCT03193853?tab=history
NCT03193853,pre_publication,,,,CURRENT_ONLY_HISTORY_UNAVAILABLE,https://clinicaltrials.gov/study/NCT03193853?tab=history
NCT03193853,current,current,,"Efficacy (Objective Response Rate) [Time Frame: Through study completion, up to 2 years 8 months]",CURRENT_ONLY_HISTORY_UNAVAILABLE,https://clinicaltrials.gov/study/NCT03193853?tab=history
NCT01277757,original,,,,CURRENT_ONLY_HISTORY_UNAVAILABLE,https://clinicaltrials.gov/study/NCT01277757?tab=history
NCT01277757,pre_recruitment,,,,CURRENT_ONLY_HISTORY_UNAVAILABLE,https://clinicaltrials.gov/study/NCT01277757?tab=history
NCT01277757,pre_primary_completion,,,,CURRENT_ONLY_HISTORY_UNAVAILABLE,https://clinicaltrials.gov/study/NCT01277757?tab=history
NCT01277757,pre_publication,,,,CURRENT_ONLY_HISTORY_UNAVAILABLE,https://clinicaltrials.gov/study/NCT01277757?tab=history
NCT01277757,current,current,,"Number of Participants With Response Defined Using Response Evaluation Criteria In Solid Tumors (RECIST) [Time Frame: Up to 3 weeks after completion of study treatment, for up to 1 year] | Number of Participants With Objective Response [Time Frame: 4 weeks following beginning treatment, repeat confirmation 4-6 weeks following response, up to 1 year]",CURRENT_ONLY_HISTORY_UNAVAILABLE,https://clinicaltrials.gov/study/NCT01277757?tab=history
NCT02654119,original,,,,CURRENT_ONLY_HISTORY_UNAVAILABLE,https://clinicaltrials.gov/study/NCT02654119?tab=history
NCT02654119,pre_recruitment,,,,CURRENT_ONLY_HISTORY_UNAVAILABLE,https://clinicaltrials.gov/study/NCT02654119?tab=history
NCT02654119,pre_primary_completion,,,,CURRENT_ONLY_HISTORY_UNAVAILABLE,https://clinicaltrials.gov/study/NCT02654119?tab=history
NCT02654119,pre_publication,,,,CURRENT_ONLY_HISTORY_UNAVAILABLE,https://clinicaltrials.gov/study/NCT02654119?tab=history
NCT02654119,current,current,,"Number of Participants With Neutropenia [Time Frame: From initiation of study treatment through completion of therapy and up to 3 months after the final dose of study treatment (including trastuzumab).] | Number of Participants With Paclitaxel-related Neuropathy [Time Frame: From initiation of study treatment through completion of therapy and up to 3 months after the final dose of study treatment (including trastuzumab).] | Number of Participants With Cardiotoxicity Grade 3/4 Cardiotoxicity, Graded According to the NCI CTCAE v4.03 [Time Frame: From initiation of study treatment through completion of therapy and up to 3 months after the final dose of study treatment (including trastuzumab).] | Number of Participants With Grade 3/4 Nausea/Vomiting, Graded According to the NCI CTCAE v4.03 [Time Frame: From initiation of study treatment through completion of therapy and up to 3 months after the final dose of study treatment (including trastuzumab).] | Number of Participants With Recurrence Free Survival (RFS) [Time Frame: First date of therapy until the first notation of clinical progression, relapse or death from any cause, assessed at 2 years] | Number of Participants With Inability to Complete Treatment, Defined as a Patient That Requires a Lower Dose of Therapy (Defined as Dose Lowered by 50%), or a Postponement of Scheduled Treatment of Longer Than 28 Days, or Discontinuation for Any Reason [Time Frame: Up to 2 years]",CURRENT_ONLY_HISTORY_UNAVAILABLE,https://clinicaltrials.gov/study/NCT02654119?tab=history
NCT04148911,original,,,,CURRENT_ONLY_HISTORY_UNAVAILABLE,https://clinicaltrials.gov/study/NCT04148911?tab=history
NCT04148911,pre_recruitment,,,,CURRENT_ONLY_HISTORY_UNAVAILABLE,https://clinicaltrials.gov/study/NCT04148911?tab=history
NCT04148911,pre_primary_completion,,,,CURRENT_ONLY_HISTORY_UNAVAILABLE,https://clinicaltrials.gov/study/NCT04148911?tab=history
NCT04148911,pre_publication,,,,CURRENT_ONLY_HISTORY_UNAVAILABLE,https://clinicaltrials.gov/study/NCT04148911?tab=history
NCT04148911,current,current,,Percentage of Participants With Treatment-emergent Grade ≥3 Adverse Events (AEs) [Time Frame: Up to 60 months] | Percentage of Participants With Treatment-emergent Grade ≥2 Immune-mediated AEs (imAEs) [Time Frame: Up to 60 months],CURRENT_ONLY_HISTORY_UNAVAILABLE,https://clinicaltrials.gov/study/NCT04148911?tab=history
NCT03095352,original,,,,CURRENT_ONLY_HISTORY_UNAVAILABLE,https://clinicaltrials.gov/study/NCT03095352?tab=history
NCT03095352,pre_recruitment,,,,CURRENT_ONLY_HISTORY_UNAVAILABLE,https://clinicaltrials.gov/study/NCT03095352?tab=history
NCT03095352,pre_primary_completion,,,,CURRENT_ONLY_HISTORY_UNAVAILABLE,https://clinicaltrials.gov/study/NCT03095352?tab=history
NCT03095352,pre_publication,,,,CURRENT_ONLY_HISTORY_UNAVAILABLE,https://clinicaltrials.gov/study/NCT03095352?tab=history
NCT03095352,current,current,,Disease Control Rate (DCR) at 18 Weeks [Time Frame: Up to 18 weeks] | Median Progression Free Survival (PFS) at 18 Weeks [Time Frame: Up to 18 weeks],CURRENT_ONLY_HISTORY_UNAVAILABLE,https://clinicaltrials.gov/study/NCT03095352?tab=history
NCT00445458,original,,,,CURRENT_ONLY_HISTORY_UNAVAILABLE,https://clinicaltrials.gov/study/NCT00445458?tab=history
NCT00445458,pre_recruitment,,,,CURRENT_ONLY_HISTORY_UNAVAILABLE,https://clinicaltrials.gov/study/NCT00445458?tab=history
NCT00445458,pre_primary_completion,,,,CURRENT_ONLY_HISTORY_UNAVAILABLE,https://clinicaltrials.gov/study/NCT00445458?tab=history
NCT00445458,pre_publication,,,,CURRENT_ONLY_HISTORY_UNAVAILABLE,https://clinicaltrials.gov/study/NCT00445458?tab=history
NCT00445458,current,current,,"Dose Limiting Toxicity Incidence of Neratinib in Combination With Paclitaxel [Time Frame: From first dose date through day 28] | Maximum Tolerated Dose [Time Frame: From first dose date through day 28.] | Objective Response Rate [Time Frame: From first dose date to progression or last tumor assessment, up to 140 weeks]",CURRENT_ONLY_HISTORY_UNAVAILABLE,https://clinicaltrials.gov/study/NCT00445458?tab=history
NCT00553410,original,,,,CURRENT_ONLY_HISTORY_UNAVAILABLE,https://clinicaltrials.gov/study/NCT00553410?tab=history
NCT00553410,pre_recruitment,,,,CURRENT_ONLY_HISTORY_UNAVAILABLE,https://clinicaltrials.gov/study/NCT00553410?tab=history
NCT00553410,pre_primary_completion,,,,CURRENT_ONLY_HISTORY_UNAVAILABLE,https://clinicaltrials.gov/study/NCT00553410?tab=history
NCT00553410,pre_publication,,,,CURRENT_ONLY_HISTORY_UNAVAILABLE,https://clinicaltrials.gov/study/NCT00553410?tab=history
NCT00553410,current,current,,"Disease-free Survival (DFS) [Time Frame: 5-year estimates, reported at a median follow-up of 60 months]",CURRENT_ONLY_HISTORY_UNAVAILABLE,https://clinicaltrials.gov/study/NCT00553410?tab=history
NCT02091960,original,,,,CURRENT_ONLY_HISTORY_UNAVAILABLE,https://clinicaltrials.gov/study/NCT02091960?tab=history
NCT02091960,pre_recruitment,,,,CURRENT_ONLY_HISTORY_UNAVAILABLE,https://clinicaltrials.gov/study/NCT02091960?tab=history
NCT02091960,pre_primary_completion,,,,CURRENT_ONLY_HISTORY_UNAVAILABLE,https://clinicaltrials.gov/study/NCT02091960?tab=history
NCT02091960,pre_publication,,,,CURRENT_ONLY_HISTORY_UNAVAILABLE,https://clinicaltrials.gov/study/NCT02091960?tab=history
NCT02091960,current,current,,"Clinical Benefit Rate (CBR) [Time Frame: Tumor assessments were performed every 8 weeks through week 49, and then every 12 weeks thereafter until disease progression or death; the median duration of treatment was 70 days, and the maximum was 660 days.]",CURRENT_ONLY_HISTORY_UNAVAILABLE,https://clinicaltrials.gov/study/NCT02091960?tab=history
NCT00570323,original,,,,CURRENT_ONLY_HISTORY_UNAVAILABLE,https://clinicaltrials.gov/study/NCT00570323?tab=history
NCT00570323,pre_recruitment,,,,CURRENT_ONLY_HISTORY_UNAVAILABLE,https://clinicaltrials.gov/study/NCT00570323?tab=history
NCT00570323,pre_primary_completion,,,,CURRENT_ONLY_HISTORY_UNAVAILABLE,https://clinicaltrials.gov/study/NCT00570323?tab=history
NCT00570323,pre_publication,,,,CURRENT_ONLY_HISTORY_UNAVAILABLE,https://clinicaltrials.gov/study/NCT00570323?tab=history
NCT00570323,current,current,,Change in Ki-67 Levels From Baseline (Pre) to Day 28 (Post) Biopsy Samples [Time Frame: baseline (pre) to day 28 (post)],CURRENT_ONLY_HISTORY_UNAVAILABLE,https://clinicaltrials.gov/study/NCT00570323?tab=history
NCT01194440,original,,,,CURRENT_ONLY_HISTORY_UNAVAILABLE,https://clinicaltrials.gov/study/NCT01194440?tab=history
NCT01194440,pre_recruitment,,,,CURRENT_ONLY_HISTORY_UNAVAILABLE,https://clinicaltrials.gov/study/NCT01194440?tab=history
NCT01194440,pre_primary_completion,,,,CURRENT_ONLY_HISTORY_UNAVAILABLE,https://clinicaltrials.gov/study/NCT01194440?tab=history
NCT01194440,pre_publication,,,,CURRENT_ONLY_HISTORY_UNAVAILABLE,https://clinicaltrials.gov/study/NCT01194440?tab=history
NCT01194440,current,current,,Number of Participants With Aromatase Inhibitor Associated Musculoskeletal Symptoms (AIMSS) [Time Frame: 12 months],CURRENT_ONLY_HISTORY_UNAVAILABLE,https://clinicaltrials.gov/study/NCT01194440?tab=history
NCT01307891,original,,,,CURRENT_ONLY_HISTORY_UNAVAILABLE,https://clinicaltrials.gov/study/NCT01307891?tab=history
NCT01307891,pre_recruitment,,,,CURRENT_ONLY_HISTORY_UNAVAILABLE,https://clinicaltrials.gov/study/NCT01307891?tab=history
NCT01307891,pre_primary_completion,,,,CURRENT_ONLY_HISTORY_UNAVAILABLE,https://clinicaltrials.gov/study/NCT01307891?tab=history
NCT01307891,pre_publication,,,,CURRENT_ONLY_HISTORY_UNAVAILABLE,https://clinicaltrials.gov/study/NCT01307891?tab=history
NCT01307891,current,current,,Objective Response Rate [Time Frame: Baseline to 6 months],CURRENT_ONLY_HISTORY_UNAVAILABLE,https://clinicaltrials.gov/study/NCT01307891?tab=history
NCT00490139,original,,,,CURRENT_ONLY_HISTORY_UNAVAILABLE,https://clinicaltrials.gov/study/NCT00490139?tab=history
NCT00490139,pre_recruitment,,,,CURRENT_ONLY_HISTORY_UNAVAILABLE,https://clinicaltrials.gov/study/NCT00490139?tab=history
NCT00490139,pre_primary_completion,,,,CURRENT_ONLY_HISTORY_UNAVAILABLE,https://clinicaltrials.gov/study/NCT00490139?tab=history
NCT00490139,pre_publication,,,,CURRENT_ONLY_HISTORY_UNAVAILABLE,https://clinicaltrials.gov/study/NCT00490139?tab=history
NCT00490139,current,current,,"Disease-Free Survival (DFS) at the Primary Analysis [Time Frame: From randomization until the date of the first occurrence of disease recurrence, a contralateral invasive breast cancer, a second primary cancer, or death from any cause (median follow-up of 4.5 years)]",CURRENT_ONLY_HISTORY_UNAVAILABLE,https://clinicaltrials.gov/study/NCT00490139?tab=history
NCT03425656,original,,,,CURRENT_ONLY_HISTORY_UNAVAILABLE,https://clinicaltrials.gov/study/NCT03425656?tab=history
NCT03425656,pre_recruitment,,,,CURRENT_ONLY_HISTORY_UNAVAILABLE,https://clinicaltrials.gov/study/NCT03425656?tab=history
NCT03425656,pre_primary_completion,,,,CURRENT_ONLY_HISTORY_UNAVAILABLE,https://clinicaltrials.gov/study/NCT03425656?tab=history
NCT03425656,pre_publication,,,,CURRENT_ONLY_HISTORY_UNAVAILABLE,https://clinicaltrials.gov/study/NCT03425656?tab=history
NCT03425656,current,current,,Pathologic Complete Response [Time Frame: week 23],CURRENT_ONLY_HISTORY_UNAVAILABLE,https://clinicaltrials.gov/study/NCT03425656?tab=history
NCT02980341,original,,,,CURRENT_ONLY_HISTORY_UNAVAILABLE,https://clinicaltrials.gov/study/NCT02980341?tab=history
NCT02980341,pre_recruitment,,,,CURRENT_ONLY_HISTORY_UNAVAILABLE,https://clinicaltrials.gov/study/NCT02980341?tab=history
NCT02980341,pre_primary_completion,,,,CURRENT_ONLY_HISTORY_UNAVAILABLE,https://clinicaltrials.gov/study/NCT02980341?tab=history
NCT02980341,pre_publication,,,,CURRENT_ONLY_HISTORY_UNAVAILABLE,https://clinicaltrials.gov/study/NCT02980341?tab=history
NCT02980341,current,current,,"Number of Participants Reporting Treatment-emergent Adverse Events (TEAEs) [Time Frame: Baseline up to 28 days post last dose, up to approximately 9 months] | Number of Participants With Best Overall Tumor Response Using Blinded Independent Central Review Based on Response Evaluation Criteria In Solid Tumors (RECIST) Version 1.1 [Time Frame: From screening until disease progresses, up to approximately 9 months]",CURRENT_ONLY_HISTORY_UNAVAILABLE,https://clinicaltrials.gov/study/NCT02980341?tab=history
NCT02187783,original,,,,CURRENT_ONLY_HISTORY_UNAVAILABLE,https://clinicaltrials.gov/study/NCT02187783?tab=history
NCT02187783,pre_recruitment,,,,CURRENT_ONLY_HISTORY_UNAVAILABLE,https://clinicaltrials.gov/study/NCT02187783?tab=history
NCT02187783,pre_primary_completion,,,,CURRENT_ONLY_HISTORY_UNAVAILABLE,https://clinicaltrials.gov/study/NCT02187783?tab=history
NCT02187783,pre_publication,,,,CURRENT_ONLY_HISTORY_UNAVAILABLE,https://clinicaltrials.gov/study/NCT02187783?tab=history
NCT02187783,current,current,,Number of Participants With Solid Tumor Response ≥ 16 Weeks for Based Upon Local Investigator Assessments [Time Frame: Baseline up ≥16 weeks up to approximately 36 months] | Clinical Benefit Rate (CBR) of ≥ 16 Weeks FAS [Time Frame: Baseline and ≥ 16 weeks up to approximately 36 months] | Overall Response Rate (ORR) ≥ 16 Weeks. FAS [Time Frame: Baseline and ≥ 16 weeks up to approximately 36 months],CURRENT_ONLY_HISTORY_UNAVAILABLE,https://clinicaltrials.gov/study/NCT02187783?tab=history
NCT00454805,original,,,,CURRENT_ONLY_HISTORY_UNAVAILABLE,https://clinicaltrials.gov/study/NCT00454805?tab=history
NCT00454805,pre_recruitment,,,,CURRENT_ONLY_HISTORY_UNAVAILABLE,https://clinicaltrials.gov/study/NCT00454805?tab=history
NCT00454805,pre_primary_completion,,,,CURRENT_ONLY_HISTORY_UNAVAILABLE,https://clinicaltrials.gov/study/NCT00454805?tab=history
NCT00454805,pre_publication,,,,CURRENT_ONLY_HISTORY_UNAVAILABLE,https://clinicaltrials.gov/study/NCT00454805?tab=history
NCT00454805,current,current,,Progression Free Survival [Time Frame: RECIST performed at screening and every 8 weeks through to progression or discontinuation whichever is earliest.],CURRENT_ONLY_HISTORY_UNAVAILABLE,https://clinicaltrials.gov/study/NCT00454805?tab=history
NCT01234402,original,,,,CURRENT_ONLY_HISTORY_UNAVAILABLE,https://clinicaltrials.gov/study/NCT01234402?tab=history
NCT01234402,pre_recruitment,,,,CURRENT_ONLY_HISTORY_UNAVAILABLE,https://clinicaltrials.gov/study/NCT01234402?tab=history
NCT01234402,pre_primary_completion,,,,CURRENT_ONLY_HISTORY_UNAVAILABLE,https://clinicaltrials.gov/study/NCT01234402?tab=history
NCT01234402,pre_publication,,,,CURRENT_ONLY_HISTORY_UNAVAILABLE,https://clinicaltrials.gov/study/NCT01234402?tab=history
NCT01234402,current,current,,Progression-Free Survival (PFS) [Time Frame: From Date of Randomization until Disease Progression or Death Due to Any Cause (Up To 97 weeks)],CURRENT_ONLY_HISTORY_UNAVAILABLE,https://clinicaltrials.gov/study/NCT01234402?tab=history
NCT02447003,original,,,,CURRENT_ONLY_HISTORY_UNAVAILABLE,https://clinicaltrials.gov/study/NCT02447003?tab=history
NCT02447003,pre_recruitment,,,,CURRENT_ONLY_HISTORY_UNAVAILABLE,https://clinicaltrials.gov/study/NCT02447003?tab=history
NCT02447003,pre_primary_completion,,,,CURRENT_ONLY_HISTORY_UNAVAILABLE,https://clinicaltrials.gov/study/NCT02447003?tab=history
NCT02447003,pre_publication,,,,CURRENT_ONLY_HISTORY_UNAVAILABLE,https://clinicaltrials.gov/study/NCT02447003?tab=history
NCT02447003,current,current,,Objective Response Rate (ORR) Per Response Evaluation Criteria in Solid Tumors Version 1.1 (RECIST 1.1) by Central Imaging Vendor (CIV) in All Cohort A Participants [Time Frame: Up to ~28 months (through pre-specified statistical analysis cut-off date of 10-Nov-2017)] | ORR Per RECIST 1.1 by CIV in Subgroup of Cohort A Participants With Programmed Cell Death- Ligand 1 (PD-L1) Positive Tumor Expression [Time Frame: Up to ~28 months (through pre-specified statistical analysis cut-off date of 10-Nov-2017)] | Number of Participants Who Experienced at Least One Adverse Event (AE) [Time Frame: Up to ~31 months] | Number of Participants Who Discontinued Study Drug Due to an AE [Time Frame: Up to ~31 months],CURRENT_ONLY_HISTORY_UNAVAILABLE,https://clinicaltrials.gov/study/NCT02447003?tab=history
NCT01306942,original,,,,CURRENT_ONLY_HISTORY_UNAVAILABLE,https://clinicaltrials.gov/study/NCT01306942?tab=history
NCT01306942,pre_recruitment,,,,CURRENT_ONLY_HISTORY_UNAVAILABLE,https://clinicaltrials.gov/study/NCT01306942?tab=history
NCT01306942,pre_primary_completion,,,,CURRENT_ONLY_HISTORY_UNAVAILABLE,https://clinicaltrials.gov/study/NCT01306942?tab=history
NCT01306942,pre_publication,,,,CURRENT_ONLY_HISTORY_UNAVAILABLE,https://clinicaltrials.gov/study/NCT01306942?tab=history
NCT01306942,current,current,,"Number of Participants With Dose Limiting Toxicity (DLT) Within the First Cycle of Dasatinib in Combination With Trastuzumab and Paclitaxel (Phase I) [Time Frame: Up to cycle 1] | Maximum Tolerated Dose (MTD) of Dasatinib in Combination With Trastuzumab and Paclitaxel (Phase I) [Time Frame: Up to cycle 1] | Recommended Phase II Dose (RP2D) of Dasatinib in Combination With Trastuzumab and Paclitaxel (Phase I). [Time Frame: Up to cycle 1] | Objective Response Rate (ORR) [Time Frame: Through study treatment, an average of 24 months]",CURRENT_ONLY_HISTORY_UNAVAILABLE,https://clinicaltrials.gov/study/NCT01306942?tab=history
NCT01547741,original,,,,CURRENT_ONLY_HISTORY_UNAVAILABLE,https://clinicaltrials.gov/study/NCT01547741?tab=history
NCT01547741,pre_recruitment,,,,CURRENT_ONLY_HISTORY_UNAVAILABLE,https://clinicaltrials.gov/study/NCT01547741?tab=history
NCT01547741,pre_primary_completion,,,,CURRENT_ONLY_HISTORY_UNAVAILABLE,https://clinicaltrials.gov/study/NCT01547741?tab=history
NCT01547741,pre_publication,,,,CURRENT_ONLY_HISTORY_UNAVAILABLE,https://clinicaltrials.gov/study/NCT01547741?tab=history
NCT01547741,current,current,,"Invasive Disease-free Survival (IDFS) [Time Frame: Assessed before each cycle of chemotherapy, 3-4 weeks after completion of chemotherapy, every 6 months through 5 years and yearly years 6-10.]",CURRENT_ONLY_HISTORY_UNAVAILABLE,https://clinicaltrials.gov/study/NCT01547741?tab=history
NCT02236000,original,,,,CURRENT_ONLY_HISTORY_UNAVAILABLE,https://clinicaltrials.gov/study/NCT02236000?tab=history
NCT02236000,pre_recruitment,,,,CURRENT_ONLY_HISTORY_UNAVAILABLE,https://clinicaltrials.gov/study/NCT02236000?tab=history
NCT02236000,pre_primary_completion,,,,CURRENT_ONLY_HISTORY_UNAVAILABLE,https://clinicaltrials.gov/study/NCT02236000?tab=history
NCT02236000,pre_publication,,,,CURRENT_ONLY_HISTORY_UNAVAILABLE,https://clinicaltrials.gov/study/NCT02236000?tab=history
NCT02236000,current,current,,"Number of Evaluable Patients With Dose Limiting Toxicity Events in Phase 1 [Time Frame: Day 1, 8, and 15 of cycle 1.] | Overall Response Rate (ORR) by Measurement of Target Lesions in Phase II [Time Frame: Every 42 days after the start of protocol therapy through disease progression, approximately 2 years]",CURRENT_ONLY_HISTORY_UNAVAILABLE,https://clinicaltrials.gov/study/NCT02236000?tab=history
NCT00391092,original,,,,CURRENT_ONLY_HISTORY_UNAVAILABLE,https://clinicaltrials.gov/study/NCT00391092?tab=history
NCT00391092,pre_recruitment,,,,CURRENT_ONLY_HISTORY_UNAVAILABLE,https://clinicaltrials.gov/study/NCT00391092?tab=history
NCT00391092,pre_primary_completion,,,,CURRENT_ONLY_HISTORY_UNAVAILABLE,https://clinicaltrials.gov/study/NCT00391092?tab=history
NCT00391092,pre_publication,,,,CURRENT_ONLY_HISTORY_UNAVAILABLE,https://clinicaltrials.gov/study/NCT00391092?tab=history
NCT00391092,current,current,,"Progression Free Survival (PFS) [Time Frame: Every 9 weeks up to Week 36, thereafter every 12 weeks until disease progression (up to the clinical cutoff of 30 June 2011, up to 4.75 years)]",CURRENT_ONLY_HISTORY_UNAVAILABLE,https://clinicaltrials.gov/study/NCT00391092?tab=history
NCT01387295,original,,,,CURRENT_ONLY_HISTORY_UNAVAILABLE,https://clinicaltrials.gov/study/NCT01387295?tab=history
NCT01387295,pre_recruitment,,,,CURRENT_ONLY_HISTORY_UNAVAILABLE,https://clinicaltrials.gov/study/NCT01387295?tab=history
NCT01387295,pre_primary_completion,,,,CURRENT_ONLY_HISTORY_UNAVAILABLE,https://clinicaltrials.gov/study/NCT01387295?tab=history
NCT01387295,pre_publication,,,,CURRENT_ONLY_HISTORY_UNAVAILABLE,https://clinicaltrials.gov/study/NCT01387295?tab=history
NCT01387295,current,current,,Response Rate [Time Frame: up to 24 months from baseline],CURRENT_ONLY_HISTORY_UNAVAILABLE,https://clinicaltrials.gov/study/NCT01387295?tab=history
NCT01201265,original,,,,CURRENT_ONLY_HISTORY_UNAVAILABLE,https://clinicaltrials.gov/study/NCT01201265?tab=history
NCT01201265,pre_recruitment,,,,CURRENT_ONLY_HISTORY_UNAVAILABLE,https://clinicaltrials.gov/study/NCT01201265?tab=history
NCT01201265,pre_primary_completion,,,,CURRENT_ONLY_HISTORY_UNAVAILABLE,https://clinicaltrials.gov/study/NCT01201265?tab=history
NCT01201265,pre_publication,,,,CURRENT_ONLY_HISTORY_UNAVAILABLE,https://clinicaltrials.gov/study/NCT01201265?tab=history
NCT01201265,current,current,,Progression-free Survival (PFS) [Time Frame: From the date of registration until the disease progression or death (up to 1541 days).],CURRENT_ONLY_HISTORY_UNAVAILABLE,https://clinicaltrials.gov/study/NCT01201265?tab=history
NCT00608972,original,,,,CURRENT_ONLY_HISTORY_UNAVAILABLE,https://clinicaltrials.gov/study/NCT00608972?tab=history
NCT00608972,pre_recruitment,,,,CURRENT_ONLY_HISTORY_UNAVAILABLE,https://clinicaltrials.gov/study/NCT00608972?tab=history
NCT00608972,pre_primary_completion,,,,CURRENT_ONLY_HISTORY_UNAVAILABLE,https://clinicaltrials.gov/study/NCT00608972?tab=history
NCT00608972,pre_publication,,,,CURRENT_ONLY_HISTORY_UNAVAILABLE,https://clinicaltrials.gov/study/NCT00608972?tab=history
NCT00608972,current,current,,"Progression Free Survival (PFS) After Treatment With Doxil, Carboplatin and Bevacizumab in Patients With ER, PR, HER2neu Negative Metastatic Breast Cancer [Time Frame: Two Years]",CURRENT_ONLY_HISTORY_UNAVAILABLE,https://clinicaltrials.gov/study/NCT00608972?tab=history
NCT04024462,original,,,,CURRENT_ONLY_HISTORY_UNAVAILABLE,https://clinicaltrials.gov/study/NCT04024462?tab=history
NCT04024462,pre_recruitment,,,,CURRENT_ONLY_HISTORY_UNAVAILABLE,https://clinicaltrials.gov/study/NCT04024462?tab=history
NCT04024462,pre_primary_completion,,,,CURRENT_ONLY_HISTORY_UNAVAILABLE,https://clinicaltrials.gov/study/NCT04024462?tab=history
NCT04024462,pre_publication,,,,CURRENT_ONLY_HISTORY_UNAVAILABLE,https://clinicaltrials.gov/study/NCT04024462?tab=history
NCT04024462,current,current,,Serum Trough Concentration (Ctrough) of Pertuzumab During Cycle 7 (Pre-Dose Cycle 8) [Time Frame: Pre-dose at Cycle 8 (one cycle is 21 days)] | Serum Ctrough of Trastuzumab During Cycle 7 (Pre-Dose Cycle 8) [Time Frame: Pre-dose at Cycle 8 (one cycle is 21 days)],CURRENT_ONLY_HISTORY_UNAVAILABLE,https://clinicaltrials.gov/study/NCT04024462?tab=history
NCT00534417,original,,,,CURRENT_ONLY_HISTORY_UNAVAILABLE,https://clinicaltrials.gov/study/NCT00534417?tab=history
NCT00534417,pre_recruitment,,,,CURRENT_ONLY_HISTORY_UNAVAILABLE,https://clinicaltrials.gov/study/NCT00534417?tab=history
NCT00534417,pre_primary_completion,,,,CURRENT_ONLY_HISTORY_UNAVAILABLE,https://clinicaltrials.gov/study/NCT00534417?tab=history
NCT00534417,pre_publication,,,,CURRENT_ONLY_HISTORY_UNAVAILABLE,https://clinicaltrials.gov/study/NCT00534417?tab=history
NCT00534417,current,current,,"Time to Progression (TTP) [Time Frame: TTP was measured from day 1 of treatment until time of progression (assessed every 8 weeks), up to 29 months.] | Progression-free Survival (PFS) [Time Frame: PFS was measured from day 1 of treatment until time of progression (assessed every 8 weeks) or death, whichever came first, up to 32.5 months.]",CURRENT_ONLY_HISTORY_UNAVAILABLE,https://clinicaltrials.gov/study/NCT00534417?tab=history
NCT00324259,original,,,,CURRENT_ONLY_HISTORY_UNAVAILABLE,https://clinicaltrials.gov/study/NCT00324259?tab=history
NCT00324259,pre_recruitment,,,,CURRENT_ONLY_HISTORY_UNAVAILABLE,https://clinicaltrials.gov/study/NCT00324259?tab=history
NCT00324259,pre_primary_completion,,,,CURRENT_ONLY_HISTORY_UNAVAILABLE,https://clinicaltrials.gov/study/NCT00324259?tab=history
NCT00324259,pre_publication,,,,CURRENT_ONLY_HISTORY_UNAVAILABLE,https://clinicaltrials.gov/study/NCT00324259?tab=history
NCT00324259,current,current,,Clinical Benefit Rate (CR Plus PR Plus SD) [Time Frame: 24 weeks after start of treatment],CURRENT_ONLY_HISTORY_UNAVAILABLE,https://clinicaltrials.gov/study/NCT00324259?tab=history
NCT02938442,original,,,,CURRENT_ONLY_HISTORY_UNAVAILABLE,https://clinicaltrials.gov/study/NCT02938442?tab=history
NCT02938442,pre_recruitment,,,,CURRENT_ONLY_HISTORY_UNAVAILABLE,https://clinicaltrials.gov/study/NCT02938442?tab=history
NCT02938442,pre_primary_completion,,,,CURRENT_ONLY_HISTORY_UNAVAILABLE,https://clinicaltrials.gov/study/NCT02938442?tab=history
NCT02938442,pre_publication,,,,CURRENT_ONLY_HISTORY_UNAVAILABLE,https://clinicaltrials.gov/study/NCT02938442?tab=history
NCT02938442,current,current,,Safety and Tolerability Adverse Events [Time Frame: From the start of treatment to the time of definitive surgery (4-8 weeks after chemo); from Week 0 to Week 20-23] | Pathologic Complete Response (pCR) [Time Frame: During and/or Immediately After Surgery] | Pathological Tumor Size [Time Frame: Surgery] | Pathological Node Status: Number of Positive Lymph Nodes [Time Frame: Surgery] | Pathological Node Status: Number of Dissected Lymph Nodes [Time Frame: Surgery] | Tumor Response [Time Frame: Surgery],CURRENT_ONLY_HISTORY_UNAVAILABLE,https://clinicaltrials.gov/study/NCT02938442?tab=history
NCT01091454,original,,,,CURRENT_ONLY_HISTORY_UNAVAILABLE,https://clinicaltrials.gov/study/NCT01091454?tab=history
NCT01091454,pre_recruitment,,,,CURRENT_ONLY_HISTORY_UNAVAILABLE,https://clinicaltrials.gov/study/NCT01091454?tab=history
NCT01091454,pre_primary_completion,,,,CURRENT_ONLY_HISTORY_UNAVAILABLE,https://clinicaltrials.gov/study/NCT01091454?tab=history
NCT01091454,pre_publication,,,,CURRENT_ONLY_HISTORY_UNAVAILABLE,https://clinicaltrials.gov/study/NCT01091454?tab=history
NCT01091454,current,current,,3-month Progression-free Survival (3-mo PFS) Rate [Time Frame: 3 months],CURRENT_ONLY_HISTORY_UNAVAILABLE,https://clinicaltrials.gov/study/NCT01091454?tab=history
NCT01790932,original,,,,CURRENT_ONLY_HISTORY_UNAVAILABLE,https://clinicaltrials.gov/study/NCT01790932?tab=history
NCT01790932,pre_recruitment,,,,CURRENT_ONLY_HISTORY_UNAVAILABLE,https://clinicaltrials.gov/study/NCT01790932?tab=history
NCT01790932,pre_primary_completion,,,,CURRENT_ONLY_HISTORY_UNAVAILABLE,https://clinicaltrials.gov/study/NCT01790932?tab=history
NCT01790932,pre_publication,,,,CURRENT_ONLY_HISTORY_UNAVAILABLE,https://clinicaltrials.gov/study/NCT01790932?tab=history
NCT01790932,current,current,,Clinical Benefit Rate [Time Frame: Disease was evaluated radiologically at baseline and every 2 cycles on treatment then every 3 months up to 2 years. Participants in this study cohort were followed for response on average approximately 2 months.],CURRENT_ONLY_HISTORY_UNAVAILABLE,https://clinicaltrials.gov/study/NCT01790932?tab=history
NCT01036087,original,,,,CURRENT_ONLY_HISTORY_UNAVAILABLE,https://clinicaltrials.gov/study/NCT01036087?tab=history
NCT01036087,pre_recruitment,,,,CURRENT_ONLY_HISTORY_UNAVAILABLE,https://clinicaltrials.gov/study/NCT01036087?tab=history
NCT01036087,pre_primary_completion,,,,CURRENT_ONLY_HISTORY_UNAVAILABLE,https://clinicaltrials.gov/study/NCT01036087?tab=history
NCT01036087,pre_publication,,,,CURRENT_ONLY_HISTORY_UNAVAILABLE,https://clinicaltrials.gov/study/NCT01036087?tab=history
NCT01036087,current,current,,Number of Participants That Achieved Pathologic Complete Response (CR) [Time Frame: Assessed after 14 weeks (following PNC and FEC preoperative chemotherapy treatment).],CURRENT_ONLY_HISTORY_UNAVAILABLE,https://clinicaltrials.gov/study/NCT01036087?tab=history
NCT00894504,original,,,,CURRENT_ONLY_HISTORY_UNAVAILABLE,https://clinicaltrials.gov/study/NCT00894504?tab=history
NCT00894504,pre_recruitment,,,,CURRENT_ONLY_HISTORY_UNAVAILABLE,https://clinicaltrials.gov/study/NCT00894504?tab=history
NCT00894504,pre_primary_completion,,,,CURRENT_ONLY_HISTORY_UNAVAILABLE,https://clinicaltrials.gov/study/NCT00894504?tab=history
NCT00894504,pre_publication,,,,CURRENT_ONLY_HISTORY_UNAVAILABLE,https://clinicaltrials.gov/study/NCT00894504?tab=history
NCT00894504,current,current,,Progression-free Survival (PFS) [Time Frame: every 6 weeks until treatment discontinuation],CURRENT_ONLY_HISTORY_UNAVAILABLE,https://clinicaltrials.gov/study/NCT00894504?tab=history
NCT00074152,original,,,,CURRENT_ONLY_HISTORY_UNAVAILABLE,https://clinicaltrials.gov/study/NCT00074152?tab=history
NCT00074152,pre_recruitment,,,,CURRENT_ONLY_HISTORY_UNAVAILABLE,https://clinicaltrials.gov/study/NCT00074152?tab=history
NCT00074152,pre_primary_completion,,,,CURRENT_ONLY_HISTORY_UNAVAILABLE,https://clinicaltrials.gov/study/NCT00074152?tab=history
NCT00074152,pre_publication,,,,CURRENT_ONLY_HISTORY_UNAVAILABLE,https://clinicaltrials.gov/study/NCT00074152?tab=history
NCT00074152,current,current,,Disease-free Survival [Time Frame: 5 years after randomization],CURRENT_ONLY_HISTORY_UNAVAILABLE,https://clinicaltrials.gov/study/NCT00074152?tab=history
NCT02000882,original,,,,CURRENT_ONLY_HISTORY_UNAVAILABLE,https://clinicaltrials.gov/study/NCT02000882?tab=history
NCT02000882,pre_recruitment,,,,CURRENT_ONLY_HISTORY_UNAVAILABLE,https://clinicaltrials.gov/study/NCT02000882?tab=history
NCT02000882,pre_primary_completion,,,,CURRENT_ONLY_HISTORY_UNAVAILABLE,https://clinicaltrials.gov/study/NCT02000882?tab=history
NCT02000882,pre_publication,,,,CURRENT_ONLY_HISTORY_UNAVAILABLE,https://clinicaltrials.gov/study/NCT02000882?tab=history
NCT02000882,current,current,,"Clinical Benefit Rate (CBR) [Time Frame: until disease progression (assessed by RECIST 1.1), unacceptable toxicity, death, or discontinuation from study for any other reason, up to 2 years from date of patient registration]",CURRENT_ONLY_HISTORY_UNAVAILABLE,https://clinicaltrials.gov/study/NCT02000882?tab=history
NCT01942135,original,,,,CURRENT_ONLY_HISTORY_UNAVAILABLE,https://clinicaltrials.gov/study/NCT01942135?tab=history
NCT01942135,pre_recruitment,,,,CURRENT_ONLY_HISTORY_UNAVAILABLE,https://clinicaltrials.gov/study/NCT01942135?tab=history
NCT01942135,pre_primary_completion,,,,CURRENT_ONLY_HISTORY_UNAVAILABLE,https://clinicaltrials.gov/study/NCT01942135?tab=history
NCT01942135,pre_publication,,,,CURRENT_ONLY_HISTORY_UNAVAILABLE,https://clinicaltrials.gov/study/NCT01942135?tab=history
NCT01942135,current,current,,Progression-Free Survival (PFS) as Assessed by the Investigator [Time Frame: From randomization date to date of first documentation of progression or death (assessed up to 12 months)],CURRENT_ONLY_HISTORY_UNAVAILABLE,https://clinicaltrials.gov/study/NCT01942135?tab=history
NCT01617668,original,,,,CURRENT_ONLY_HISTORY_UNAVAILABLE,https://clinicaltrials.gov/study/NCT01617668?tab=history
NCT01617668,pre_recruitment,,,,CURRENT_ONLY_HISTORY_UNAVAILABLE,https://clinicaltrials.gov/study/NCT01617668?tab=history
NCT01617668,pre_primary_completion,,,,CURRENT_ONLY_HISTORY_UNAVAILABLE,https://clinicaltrials.gov/study/NCT01617668?tab=history
NCT01617668,pre_publication,,,,CURRENT_ONLY_HISTORY_UNAVAILABLE,https://clinicaltrials.gov/study/NCT01617668?tab=history
NCT01617668,current,current,,Pathological Complete Response (pCR) Rate in Breast After 12 Weeks of Therapy [Time Frame: 12 weeks] | Number of Participants With Pathological Complete Response (pCR) in Breast After 12 Weeks of Therapy [Time Frame: 12 weeks] | Difference in pCR Rates Between Treatment Arms [Time Frame: 12 weeks],CURRENT_ONLY_HISTORY_UNAVAILABLE,https://clinicaltrials.gov/study/NCT01617668?tab=history
NCT01831076,original,,,,CURRENT_ONLY_HISTORY_UNAVAILABLE,https://clinicaltrials.gov/study/NCT01831076?tab=history
NCT01831076,pre_recruitment,,,,CURRENT_ONLY_HISTORY_UNAVAILABLE,https://clinicaltrials.gov/study/NCT01831076?tab=history
NCT01831076,pre_primary_completion,,,,CURRENT_ONLY_HISTORY_UNAVAILABLE,https://clinicaltrials.gov/study/NCT01831076?tab=history
NCT01831076,pre_publication,,,,CURRENT_ONLY_HISTORY_UNAVAILABLE,https://clinicaltrials.gov/study/NCT01831076?tab=history
NCT01831076,current,current,,"Overall Response Rate as Measured by Clinical Exam, Standard Imaging, and Surgical Pathology Findings [Time Frame: Up to 6 months]",CURRENT_ONLY_HISTORY_UNAVAILABLE,https://clinicaltrials.gov/study/NCT01831076?tab=history
NCT02574455,original,,,,CURRENT_ONLY_HISTORY_UNAVAILABLE,https://clinicaltrials.gov/study/NCT02574455?tab=history
NCT02574455,pre_recruitment,,,,CURRENT_ONLY_HISTORY_UNAVAILABLE,https://clinicaltrials.gov/study/NCT02574455?tab=history
NCT02574455,pre_primary_completion,,,,CURRENT_ONLY_HISTORY_UNAVAILABLE,https://clinicaltrials.gov/study/NCT02574455?tab=history
NCT02574455,pre_publication,,,,CURRENT_ONLY_HISTORY_UNAVAILABLE,https://clinicaltrials.gov/study/NCT02574455?tab=history
NCT02574455,current,current,,Progression-Free Survival (PFS) by Independent Review Committee (IRC) Assessment in Brain Metastasis Negative (BM-ve) Population [Time Frame: From randomization until objective tumor progression or death (assessed every 6 weeks for 9 months and then every 9 weeks thereafter until the occurrence of progression of disease; maximum exposure: 29.6 months)],CURRENT_ONLY_HISTORY_UNAVAILABLE,https://clinicaltrials.gov/study/NCT02574455?tab=history
NCT00885755,original,,,,CURRENT_ONLY_HISTORY_UNAVAILABLE,https://clinicaltrials.gov/study/NCT00885755?tab=history
NCT00885755,pre_recruitment,,,,CURRENT_ONLY_HISTORY_UNAVAILABLE,https://clinicaltrials.gov/study/NCT00885755?tab=history
NCT00885755,pre_primary_completion,,,,CURRENT_ONLY_HISTORY_UNAVAILABLE,https://clinicaltrials.gov/study/NCT00885755?tab=history
NCT00885755,pre_publication,,,,CURRENT_ONLY_HISTORY_UNAVAILABLE,https://clinicaltrials.gov/study/NCT00885755?tab=history
NCT00885755,current,current,,"Part I: Progression Free Survival (PFS) by Biomarker [Time Frame: End of first 2 Cycles (Weeks 3 and 6), every 3 Cycles for 18 weeks, then every 4 cycles until progression, unacceptable toxicity or participant decision to cease treatment up to 46 months] | Part II: Progression Free Survival (PFS) by Biomarker [Time Frame: End of first 2 Cycles (Weeks 3 and 6), every 3 cycles for 18 weeks, then every 4 cycles until progression, unacceptable toxicity or participant decision to cease treatment up to 46 months] | Part I: Time to Progression (TTP) by Biomarker [Time Frame: End of first 2 Cycles (Weeks 3 and 6), every 3 Cycles for 18 weeks, then every 4 cycles until progression, unacceptable toxicity or participant decision to cease treatment up to 46 weeks] | Part II: TTP by Biomarker [Time Frame: End of first 2 Cycles (Weeks 3 and 6), every 3 cycles for 18 weeks, then every 4 cycles until progression, unacceptable toxicity or participant decision to cease treatment up to 46 months] | Part I: Percentage of Participants With a Best Overall Response (BOR) of Complete Response (CR), Partial Response (PR), Stable Disease (SD) or Progrerssive Disease (PD) by Biomarker [Time Frame: End of first 2 Cycles (Weeks 3 and 6), every 3 cycles for 18 weeks, then every 4 cycles until progression, unacceptable toxicity or participant decision to cease treatment up to 46 weeks] | Part II: Percentage of Participants With a Best Overall Response of CR, PR, SD or PD by Biomarker [Time Frame: End of first 2 Cycles (Weeks 3 and 6), every 3 cycles for 18 weeks, then every 4 cycles until progression, unacceptable toxicity or participant decision to cease treatment up to 46 months]",CURRENT_ONLY_HISTORY_UNAVAILABLE,https://clinicaltrials.gov/study/NCT00885755?tab=history
NCT01923168,original,,,,CURRENT_ONLY_HISTORY_UNAVAILABLE,https://clinicaltrials.gov/study/NCT01923168?tab=history
NCT01923168,pre_recruitment,,,,CURRENT_ONLY_HISTORY_UNAVAILABLE,https://clinicaltrials.gov/study/NCT01923168?tab=history
NCT01923168,pre_primary_completion,,,,CURRENT_ONLY_HISTORY_UNAVAILABLE,https://clinicaltrials.gov/study/NCT01923168?tab=history
NCT01923168,pre_publication,,,,CURRENT_ONLY_HISTORY_UNAVAILABLE,https://clinicaltrials.gov/study/NCT01923168?tab=history
NCT01923168,current,current,,Pathological Complete Response (pCR) Per Investigator Assessment for Alpelisib vs. Placebo for PIK3CA Mutant Cohort [Time Frame: After 24 weeks of treatment] | Pathological Complete Response (pCR) Per Investigator Assessment for Alpelisib vs. Placebo for PIK3CA Wild-type Cohort [Time Frame: After 24 weeks of treatment] | Objective Response Rate Per Investigator Assessment According to RECIST 1.1 for Alpelisib vs. Placebo - PIK3CA Mutant Cohort [Time Frame: After 24 weeks of treatment] | Objective Response Rate According to RECIST 1.1 Per Investigator Assessment for Alpelisib vs. Placebo - PIK3CA Wild-type Cohort [Time Frame: After 24 weeks of treatment],CURRENT_ONLY_HISTORY_UNAVAILABLE,https://clinicaltrials.gov/study/NCT01923168?tab=history
NCT01037790,original,,,,CURRENT_ONLY_HISTORY_UNAVAILABLE,https://clinicaltrials.gov/study/NCT01037790?tab=history
NCT01037790,pre_recruitment,,,,CURRENT_ONLY_HISTORY_UNAVAILABLE,https://clinicaltrials.gov/study/NCT01037790?tab=history
NCT01037790,pre_primary_completion,,,,CURRENT_ONLY_HISTORY_UNAVAILABLE,https://clinicaltrials.gov/study/NCT01037790?tab=history
NCT01037790,pre_publication,,,,CURRENT_ONLY_HISTORY_UNAVAILABLE,https://clinicaltrials.gov/study/NCT01037790?tab=history
NCT01037790,current,current,,Response Rates [Time Frame: 10 years],CURRENT_ONLY_HISTORY_UNAVAILABLE,https://clinicaltrials.gov/study/NCT01037790?tab=history
NCT02291913,original,,,,CURRENT_ONLY_HISTORY_UNAVAILABLE,https://clinicaltrials.gov/study/NCT02291913?tab=history
NCT02291913,pre_recruitment,,,,CURRENT_ONLY_HISTORY_UNAVAILABLE,https://clinicaltrials.gov/study/NCT02291913?tab=history
NCT02291913,pre_primary_completion,,,,CURRENT_ONLY_HISTORY_UNAVAILABLE,https://clinicaltrials.gov/study/NCT02291913?tab=history
NCT02291913,pre_publication,,,,CURRENT_ONLY_HISTORY_UNAVAILABLE,https://clinicaltrials.gov/study/NCT02291913?tab=history
NCT02291913,current,current,,Median Progression Free Survival (PFS) [Time Frame: up to 3 years],CURRENT_ONLY_HISTORY_UNAVAILABLE,https://clinicaltrials.gov/study/NCT02291913?tab=history
NCT03092934,original,,,,CURRENT_ONLY_HISTORY_UNAVAILABLE,https://clinicaltrials.gov/study/NCT03092934?tab=history
NCT03092934,pre_recruitment,,,,CURRENT_ONLY_HISTORY_UNAVAILABLE,https://clinicaltrials.gov/study/NCT03092934?tab=history
NCT03092934,pre_primary_completion,,,,CURRENT_ONLY_HISTORY_UNAVAILABLE,https://clinicaltrials.gov/study/NCT03092934?tab=history
NCT03092934,pre_publication,,,,CURRENT_ONLY_HISTORY_UNAVAILABLE,https://clinicaltrials.gov/study/NCT03092934?tab=history
NCT03092934,current,current,,Phase 1: Maximum Tolerated Dose [Time Frame: Cycle 1 (21 days)] | Phase 2: Percentage of Participants Who Achieved Partial Response (PR) or Complete Response (CR) [Objective Response Rate (ORR)] [Time Frame: Baseline to Objective Disease Progression (Up to 11 months)],CURRENT_ONLY_HISTORY_UNAVAILABLE,https://clinicaltrials.gov/study/NCT03092934?tab=history
NCT00630032,original,,,,CURRENT_ONLY_HISTORY_UNAVAILABLE,https://clinicaltrials.gov/study/NCT00630032?tab=history
NCT00630032,pre_recruitment,,,,CURRENT_ONLY_HISTORY_UNAVAILABLE,https://clinicaltrials.gov/study/NCT00630032?tab=history
NCT00630032,pre_primary_completion,,,,CURRENT_ONLY_HISTORY_UNAVAILABLE,https://clinicaltrials.gov/study/NCT00630032?tab=history
NCT00630032,pre_publication,,,,CURRENT_ONLY_HISTORY_UNAVAILABLE,https://clinicaltrials.gov/study/NCT00630032?tab=history
NCT00630032,current,current,,Percentage of Participants With Disease-free Survival (DFS) [Time Frame: At 5 years],CURRENT_ONLY_HISTORY_UNAVAILABLE,https://clinicaltrials.gov/study/NCT00630032?tab=history
NCT03112590,original,,,,CURRENT_ONLY_HISTORY_UNAVAILABLE,https://clinicaltrials.gov/study/NCT03112590?tab=history
NCT03112590,pre_recruitment,,,,CURRENT_ONLY_HISTORY_UNAVAILABLE,https://clinicaltrials.gov/study/NCT03112590?tab=history
NCT03112590,pre_primary_completion,,,,CURRENT_ONLY_HISTORY_UNAVAILABLE,https://clinicaltrials.gov/study/NCT03112590?tab=history
NCT03112590,pre_publication,,,,CURRENT_ONLY_HISTORY_UNAVAILABLE,https://clinicaltrials.gov/study/NCT03112590?tab=history
NCT03112590,current,current,,Phase 1: Recommended Phase 2 Dose (RP2D) [Time Frame: 12 weeks] | Phase 2: Pathologic Complete Response Rate (pCR) [Time Frame: After post therapy surgery - Therapy: approximately 12 weeks per participant],CURRENT_ONLY_HISTORY_UNAVAILABLE,https://clinicaltrials.gov/study/NCT03112590?tab=history
NCT01565499,original,,,,CURRENT_ONLY_HISTORY_UNAVAILABLE,https://clinicaltrials.gov/study/NCT01565499?tab=history
NCT01565499,pre_recruitment,,,,CURRENT_ONLY_HISTORY_UNAVAILABLE,https://clinicaltrials.gov/study/NCT01565499?tab=history
NCT01565499,pre_primary_completion,,,,CURRENT_ONLY_HISTORY_UNAVAILABLE,https://clinicaltrials.gov/study/NCT01565499?tab=history
NCT01565499,pre_publication,,,,CURRENT_ONLY_HISTORY_UNAVAILABLE,https://clinicaltrials.gov/study/NCT01565499?tab=history
NCT01565499,current,current,,"The Residual Cancer Burden Grade III (RCB-III). [Time Frame: After surgery, up to 4 months]",CURRENT_ONLY_HISTORY_UNAVAILABLE,https://clinicaltrials.gov/study/NCT01565499?tab=history
NCT00930930,original,,,,CURRENT_ONLY_HISTORY_UNAVAILABLE,https://clinicaltrials.gov/study/NCT00930930?tab=history
NCT00930930,pre_recruitment,,,,CURRENT_ONLY_HISTORY_UNAVAILABLE,https://clinicaltrials.gov/study/NCT00930930?tab=history
NCT00930930,pre_primary_completion,,,,CURRENT_ONLY_HISTORY_UNAVAILABLE,https://clinicaltrials.gov/study/NCT00930930?tab=history
NCT00930930,pre_publication,,,,CURRENT_ONLY_HISTORY_UNAVAILABLE,https://clinicaltrials.gov/study/NCT00930930?tab=history
NCT00930930,current,current,,"Number of Patients With Pathological Complete Response [Time Frame: at time of surgery, week 15-18]",CURRENT_ONLY_HISTORY_UNAVAILABLE,https://clinicaltrials.gov/study/NCT00930930?tab=history
NCT02806544,original,,,,CURRENT_ONLY_HISTORY_UNAVAILABLE,https://clinicaltrials.gov/study/NCT02806544?tab=history
NCT02806544,pre_recruitment,,,,CURRENT_ONLY_HISTORY_UNAVAILABLE,https://clinicaltrials.gov/study/NCT02806544?tab=history
NCT02806544,pre_primary_completion,,,,CURRENT_ONLY_HISTORY_UNAVAILABLE,https://clinicaltrials.gov/study/NCT02806544?tab=history
NCT02806544,pre_publication,,,,CURRENT_ONLY_HISTORY_UNAVAILABLE,https://clinicaltrials.gov/study/NCT02806544?tab=history
NCT02806544,current,current,,"Number of Participants Who Were Successfully Accrued in the Study, as a Measure of Feasibility [Time Frame: 4-6 months]",CURRENT_ONLY_HISTORY_UNAVAILABLE,https://clinicaltrials.gov/study/NCT02806544?tab=history
NCT01631552,original,,,,CURRENT_ONLY_HISTORY_UNAVAILABLE,https://clinicaltrials.gov/study/NCT01631552?tab=history
NCT01631552,pre_recruitment,,,,CURRENT_ONLY_HISTORY_UNAVAILABLE,https://clinicaltrials.gov/study/NCT01631552?tab=history
NCT01631552,pre_primary_completion,,,,CURRENT_ONLY_HISTORY_UNAVAILABLE,https://clinicaltrials.gov/study/NCT01631552?tab=history
NCT01631552,pre_publication,,,,CURRENT_ONLY_HISTORY_UNAVAILABLE,https://clinicaltrials.gov/study/NCT01631552?tab=history
NCT01631552,current,current,,"Percentage of Participants Experiencing Any Treatment Emergent Adverse Events and Serious Treatment Emergent Adverse Events [Time Frame: First dose date up to last dose for data cutoff date of 01 March 2019 (maximum duration: 55.2 months) plus 30 days] | Percentage of Participants Who Permanently Discontinued Sacituzumab Govitecan-hziy (SG) Due to Any Adverse Events, Excluding Adverse Events Leading to Death [Time Frame: First dose date up to last dose for data cutoff date of 01 March 2019 (maximum duration: 55.2 months)] | Percentage of Participants Who Required Dose Interruption Due to Any Adverse Events [Time Frame: First dose date up to last dose for data cutoff date of 01 March 2019 (maximum duration: 55.2 months)] | Objective Response Rate (ORR) by Independent Central Review (ICR) [Time Frame: Up to data cutoff date of 01 March 2019 (maximum duration: 74 months)] | Objective Response Rate by Local Assessment [Time Frame: Up to data cutoff date of 01 March 2019 (maximum duration: 74 months)]",CURRENT_ONLY_HISTORY_UNAVAILABLE,https://clinicaltrials.gov/study/NCT01631552?tab=history
NCT00423917,original,,,,CURRENT_ONLY_HISTORY_UNAVAILABLE,https://clinicaltrials.gov/study/NCT00423917?tab=history
NCT00423917,pre_recruitment,,,,CURRENT_ONLY_HISTORY_UNAVAILABLE,https://clinicaltrials.gov/study/NCT00423917?tab=history
NCT00423917,pre_primary_completion,,,,CURRENT_ONLY_HISTORY_UNAVAILABLE,https://clinicaltrials.gov/study/NCT00423917?tab=history
NCT00423917,pre_publication,,,,CURRENT_ONLY_HISTORY_UNAVAILABLE,https://clinicaltrials.gov/study/NCT00423917?tab=history
NCT00423917,current,current,,Six-month Progression-free Survival (PFS) Rate at 6 Months [Time Frame: at 6 months],CURRENT_ONLY_HISTORY_UNAVAILABLE,https://clinicaltrials.gov/study/NCT00423917?tab=history
NCT03644186,original,,,,CURRENT_ONLY_HISTORY_UNAVAILABLE,https://clinicaltrials.gov/study/NCT03644186?tab=history
NCT03644186,pre_recruitment,,,,CURRENT_ONLY_HISTORY_UNAVAILABLE,https://clinicaltrials.gov/study/NCT03644186?tab=history
NCT03644186,pre_primary_completion,,,,CURRENT_ONLY_HISTORY_UNAVAILABLE,https://clinicaltrials.gov/study/NCT03644186?tab=history
NCT03644186,pre_publication,,,,CURRENT_ONLY_HISTORY_UNAVAILABLE,https://clinicaltrials.gov/study/NCT03644186?tab=history
NCT03644186,current,current,,"Pathological Complete Response (pCR) [Time Frame: Assessed within 30 days of the time of breast surgery after completion of a treatment period of up to 16 weeks; up to 21 weeks. If the patient does not undergo surgery, assessment will occur within 30 days after all treatment is stopped; up to 30 weeks.]",CURRENT_ONLY_HISTORY_UNAVAILABLE,https://clinicaltrials.gov/study/NCT03644186?tab=history
NCT02983045,original,,,,CURRENT_ONLY_HISTORY_UNAVAILABLE,https://clinicaltrials.gov/study/NCT02983045?tab=history
NCT02983045,pre_recruitment,,,,CURRENT_ONLY_HISTORY_UNAVAILABLE,https://clinicaltrials.gov/study/NCT02983045?tab=history
NCT02983045,pre_primary_completion,,,,CURRENT_ONLY_HISTORY_UNAVAILABLE,https://clinicaltrials.gov/study/NCT02983045?tab=history
NCT02983045,pre_publication,,,,CURRENT_ONLY_HISTORY_UNAVAILABLE,https://clinicaltrials.gov/study/NCT02983045?tab=history
NCT02983045,current,current,,Part 1 Dose Escalation: Incidence of Dose-limiting Toxicity (DLT) During the DLT Evaluation Window [Time Frame: Includes DLTs that occurred within the DLT window of at least 21 days after the first dose of study treatment (28 days for every 2 weeks dosing; 21 days for every 3 weeks dosing). Patients were counted only once under each preferred term.] | Part 3 Schedule Finding: Incidence of Dose-limiting Toxicity (DLT) During the DLT Evaluation Window [Time Frame: Dose-limiting toxicities (DLTs) were assessed during a 3-week (21-day) DLT evaluation period beginning with the first dose of ipilimumab.] | Part 2 and Part 4: Objective Response Rate (ORR) Per RECIST 1.1 at Recommended Phase 2 Dose (RP2D) [Time Frame: Tumor assessment at Screening then every 8 weeks (± 7 days) from Cycle 1 Day 1 and end of treatment (unless scan done within 4 weeks) up to approximately 27 months.],CURRENT_ONLY_HISTORY_UNAVAILABLE,https://clinicaltrials.gov/study/NCT02983045?tab=history
NCT02675231,original,,,,CURRENT_ONLY_HISTORY_UNAVAILABLE,https://clinicaltrials.gov/study/NCT02675231?tab=history
NCT02675231,pre_recruitment,,,,CURRENT_ONLY_HISTORY_UNAVAILABLE,https://clinicaltrials.gov/study/NCT02675231?tab=history
NCT02675231,pre_primary_completion,,,,CURRENT_ONLY_HISTORY_UNAVAILABLE,https://clinicaltrials.gov/study/NCT02675231?tab=history
NCT02675231,pre_publication,,,,CURRENT_ONLY_HISTORY_UNAVAILABLE,https://clinicaltrials.gov/study/NCT02675231?tab=history
NCT02675231,current,current,,Progression Free Survival (PFS) [Time Frame: Baseline to Progressive Disease or Death from Any Cause (Up To 36 Months)],CURRENT_ONLY_HISTORY_UNAVAILABLE,https://clinicaltrials.gov/study/NCT02675231?tab=history
NCT00513292,original,,,,CURRENT_ONLY_HISTORY_UNAVAILABLE,https://clinicaltrials.gov/study/NCT00513292?tab=history
NCT00513292,pre_recruitment,,,,CURRENT_ONLY_HISTORY_UNAVAILABLE,https://clinicaltrials.gov/study/NCT00513292?tab=history
NCT00513292,pre_primary_completion,,,,CURRENT_ONLY_HISTORY_UNAVAILABLE,https://clinicaltrials.gov/study/NCT00513292?tab=history
NCT00513292,pre_publication,,,,CURRENT_ONLY_HISTORY_UNAVAILABLE,https://clinicaltrials.gov/study/NCT00513292?tab=history
NCT00513292,current,current,,"pCR Within the Breast, Defined as no Evidence of Invasive Tumor Remaining in the Breast at Surgery Following Completion of Chemotherapy [Time Frame: Up to 5 years]",CURRENT_ONLY_HISTORY_UNAVAILABLE,https://clinicaltrials.gov/study/NCT00513292?tab=history
NCT00041067,original,,,,CURRENT_ONLY_HISTORY_UNAVAILABLE,https://clinicaltrials.gov/study/NCT00041067?tab=history
NCT00041067,pre_recruitment,,,,CURRENT_ONLY_HISTORY_UNAVAILABLE,https://clinicaltrials.gov/study/NCT00041067?tab=history
NCT00041067,pre_primary_completion,,,,CURRENT_ONLY_HISTORY_UNAVAILABLE,https://clinicaltrials.gov/study/NCT00041067?tab=history
NCT00041067,pre_publication,,,,CURRENT_ONLY_HISTORY_UNAVAILABLE,https://clinicaltrials.gov/study/NCT00041067?tab=history
NCT00041067,current,current,,Survival at 1 Year [Time Frame: 1 year],CURRENT_ONLY_HISTORY_UNAVAILABLE,https://clinicaltrials.gov/study/NCT00041067?tab=history
NCT01797120,original,,,,CURRENT_ONLY_HISTORY_UNAVAILABLE,https://clinicaltrials.gov/study/NCT01797120?tab=history
NCT01797120,pre_recruitment,,,,CURRENT_ONLY_HISTORY_UNAVAILABLE,https://clinicaltrials.gov/study/NCT01797120?tab=history
NCT01797120,pre_primary_completion,,,,CURRENT_ONLY_HISTORY_UNAVAILABLE,https://clinicaltrials.gov/study/NCT01797120?tab=history
NCT01797120,pre_publication,,,,CURRENT_ONLY_HISTORY_UNAVAILABLE,https://clinicaltrials.gov/study/NCT01797120?tab=history
NCT01797120,current,current,,Progression-free Survival [Time Frame: Every 3 months until progression or up to 3 years],CURRENT_ONLY_HISTORY_UNAVAILABLE,https://clinicaltrials.gov/study/NCT01797120?tab=history
NCT04224272,original,,,,CURRENT_ONLY_HISTORY_UNAVAILABLE,https://clinicaltrials.gov/study/NCT04224272?tab=history
NCT04224272,pre_recruitment,,,,CURRENT_ONLY_HISTORY_UNAVAILABLE,https://clinicaltrials.gov/study/NCT04224272?tab=history
NCT04224272,pre_primary_completion,,,,CURRENT_ONLY_HISTORY_UNAVAILABLE,https://clinicaltrials.gov/study/NCT04224272?tab=history
NCT04224272,pre_publication,,,,CURRENT_ONLY_HISTORY_UNAVAILABLE,https://clinicaltrials.gov/study/NCT04224272?tab=history
NCT04224272,current,current,,"Number of Participants With Dose-Limiting Toxicities [Time Frame: Cycle 1 Day 1 to Day 28 (each cycle is 28 days)] | Number of Participants Reporting Grade 3 or Higher Treatment-emergent Adverse Events [Time Frame: Baseline from the start of dosing of any study drug up until 30 days after last study dose, up to approximately 2 years 10 months.] | Progression-free Survival 6 [Time Frame: 6 months from first dose of any study drug to the date of documented disease progression or death]",CURRENT_ONLY_HISTORY_UNAVAILABLE,https://clinicaltrials.gov/study/NCT04224272?tab=history
NCT00338728,original,,,,CURRENT_ONLY_HISTORY_UNAVAILABLE,https://clinicaltrials.gov/study/NCT00338728?tab=history
NCT00338728,pre_recruitment,,,,CURRENT_ONLY_HISTORY_UNAVAILABLE,https://clinicaltrials.gov/study/NCT00338728?tab=history
NCT00338728,pre_primary_completion,,,,CURRENT_ONLY_HISTORY_UNAVAILABLE,https://clinicaltrials.gov/study/NCT00338728?tab=history
NCT00338728,pre_publication,,,,CURRENT_ONLY_HISTORY_UNAVAILABLE,https://clinicaltrials.gov/study/NCT00338728?tab=history
NCT00338728,current,current,,"Objective Response Rate (ORR) [Time Frame: From the registration until disease progression, death, unacceptable toxicity, or withdraw of study consent, whichever occurred first assessed up to 182 months] | Overall Survival of Participants [Time Frame: From the registration until disease progression, death, unacceptable toxicity, or withdraw of study consent, whichever occurred first assessed up to 182 months]",CURRENT_ONLY_HISTORY_UNAVAILABLE,https://clinicaltrials.gov/study/NCT00338728?tab=history
NCT01806259,original,,,,CURRENT_ONLY_HISTORY_UNAVAILABLE,https://clinicaltrials.gov/study/NCT01806259?tab=history
NCT01806259,pre_recruitment,,,,CURRENT_ONLY_HISTORY_UNAVAILABLE,https://clinicaltrials.gov/study/NCT01806259?tab=history
NCT01806259,pre_primary_completion,,,,CURRENT_ONLY_HISTORY_UNAVAILABLE,https://clinicaltrials.gov/study/NCT01806259?tab=history
NCT01806259,pre_publication,,,,CURRENT_ONLY_HISTORY_UNAVAILABLE,https://clinicaltrials.gov/study/NCT01806259?tab=history
NCT01806259,current,current,,Recurrence-free Survival [Time Frame: 5 years],CURRENT_ONLY_HISTORY_UNAVAILABLE,https://clinicaltrials.gov/study/NCT01806259?tab=history
NCT00548184,original,,,,CURRENT_ONLY_HISTORY_UNAVAILABLE,https://clinicaltrials.gov/study/NCT00548184?tab=history
NCT00548184,pre_recruitment,,,,CURRENT_ONLY_HISTORY_UNAVAILABLE,https://clinicaltrials.gov/study/NCT00548184?tab=history
NCT00548184,pre_primary_completion,,,,CURRENT_ONLY_HISTORY_UNAVAILABLE,https://clinicaltrials.gov/study/NCT00548184?tab=history
NCT00548184,pre_publication,,,,CURRENT_ONLY_HISTORY_UNAVAILABLE,https://clinicaltrials.gov/study/NCT00548184?tab=history
NCT00548184,current,current,,Pathologic Assessment After Study Treatment [Time Frame: 12 weeks],CURRENT_ONLY_HISTORY_UNAVAILABLE,https://clinicaltrials.gov/study/NCT00548184?tab=history
NCT03121352,original,,,,CURRENT_ONLY_HISTORY_UNAVAILABLE,https://clinicaltrials.gov/study/NCT03121352?tab=history
NCT03121352,pre_recruitment,,,,CURRENT_ONLY_HISTORY_UNAVAILABLE,https://clinicaltrials.gov/study/NCT03121352?tab=history
NCT03121352,pre_primary_completion,,,,CURRENT_ONLY_HISTORY_UNAVAILABLE,https://clinicaltrials.gov/study/NCT03121352?tab=history
NCT03121352,pre_publication,,,,CURRENT_ONLY_HISTORY_UNAVAILABLE,https://clinicaltrials.gov/study/NCT03121352?tab=history
NCT03121352,current,current,,Overall Response Rate (ORR) in Patients Treated With CNP [Time Frame: Up to 24 months],CURRENT_ONLY_HISTORY_UNAVAILABLE,https://clinicaltrials.gov/study/NCT03121352?tab=history
NCT00057941,original,,,,CURRENT_ONLY_HISTORY_UNAVAILABLE,https://clinicaltrials.gov/study/NCT00057941?tab=history
NCT00057941,pre_recruitment,,,,CURRENT_ONLY_HISTORY_UNAVAILABLE,https://clinicaltrials.gov/study/NCT00057941?tab=history
NCT00057941,pre_primary_completion,,,,CURRENT_ONLY_HISTORY_UNAVAILABLE,https://clinicaltrials.gov/study/NCT00057941?tab=history
NCT00057941,pre_publication,,,,CURRENT_ONLY_HISTORY_UNAVAILABLE,https://clinicaltrials.gov/study/NCT00057941?tab=history
NCT00057941,current,current,,"Clinical Benefit Rate [Time Frame: assessed every 3 cycles while on treatment, assessed every 3 months when follow up <2 years, every 6 months between 2-3 years,no specific requirements after 3 years]",CURRENT_ONLY_HISTORY_UNAVAILABLE,https://clinicaltrials.gov/study/NCT00057941?tab=history
NCT03084237,original,,,,CURRENT_ONLY_HISTORY_UNAVAILABLE,https://clinicaltrials.gov/study/NCT03084237?tab=history
NCT03084237,pre_recruitment,,,,CURRENT_ONLY_HISTORY_UNAVAILABLE,https://clinicaltrials.gov/study/NCT03084237?tab=history
NCT03084237,pre_primary_completion,,,,CURRENT_ONLY_HISTORY_UNAVAILABLE,https://clinicaltrials.gov/study/NCT03084237?tab=history
NCT03084237,pre_publication,,,,CURRENT_ONLY_HISTORY_UNAVAILABLE,https://clinicaltrials.gov/study/NCT03084237?tab=history
NCT03084237,current,current,,ORR 24 [Time Frame: From time of First treatment to week 24],CURRENT_ONLY_HISTORY_UNAVAILABLE,https://clinicaltrials.gov/study/NCT03084237?tab=history
NCT01358877,original,,,,CURRENT_ONLY_HISTORY_UNAVAILABLE,https://clinicaltrials.gov/study/NCT01358877?tab=history
NCT01358877,pre_recruitment,,,,CURRENT_ONLY_HISTORY_UNAVAILABLE,https://clinicaltrials.gov/study/NCT01358877?tab=history
NCT01358877,pre_primary_completion,,,,CURRENT_ONLY_HISTORY_UNAVAILABLE,https://clinicaltrials.gov/study/NCT01358877?tab=history
NCT01358877,pre_publication,,,,CURRENT_ONLY_HISTORY_UNAVAILABLE,https://clinicaltrials.gov/study/NCT01358877?tab=history
NCT01358877,current,current,,"Percentage of Participants With Invasive Disease-Free Survival (IDFS) Event (Excluding Second Primary Non-Breast Cancer [SPNBC]), as Assessed Using Radiologic, Histologic Examinations or Laboratory Findings [Time Frame: Randomization to the first occurrence of IDFS event (excluding SPNBC) (until data cut-off date 19 December 2016; median [range] follow-up: 3.8 [0-4.9] years)] | Kaplan-Meier Estimate of the Percentage of Participants Who Were IDFS Event-Free (Excluding SPNBC) at 3 Years, as Assessed Using Radiologic, Histologic Examinations or Laboratory Findings [Time Frame: 3 years]",CURRENT_ONLY_HISTORY_UNAVAILABLE,https://clinicaltrials.gov/study/NCT01358877?tab=history
NCT00754845,original,,,,CURRENT_ONLY_HISTORY_UNAVAILABLE,https://clinicaltrials.gov/study/NCT00754845?tab=history
NCT00754845,pre_recruitment,,,,CURRENT_ONLY_HISTORY_UNAVAILABLE,https://clinicaltrials.gov/study/NCT00754845?tab=history
NCT00754845,pre_primary_completion,,,,CURRENT_ONLY_HISTORY_UNAVAILABLE,https://clinicaltrials.gov/study/NCT00754845?tab=history
NCT00754845,pre_publication,,,,CURRENT_ONLY_HISTORY_UNAVAILABLE,https://clinicaltrials.gov/study/NCT00754845?tab=history
NCT00754845,current,current,,Disease-free Survival (DFS) [Time Frame: Unitil the end of study with a median follow up of 75 months],CURRENT_ONLY_HISTORY_UNAVAILABLE,https://clinicaltrials.gov/study/NCT00754845?tab=history
NCT03742986,original,,,,CURRENT_ONLY_HISTORY_UNAVAILABLE,https://clinicaltrials.gov/study/NCT03742986?tab=history
NCT03742986,pre_recruitment,,,,CURRENT_ONLY_HISTORY_UNAVAILABLE,https://clinicaltrials.gov/study/NCT03742986?tab=history
NCT03742986,pre_primary_completion,,,,CURRENT_ONLY_HISTORY_UNAVAILABLE,https://clinicaltrials.gov/study/NCT03742986?tab=history
NCT03742986,pre_publication,,,,CURRENT_ONLY_HISTORY_UNAVAILABLE,https://clinicaltrials.gov/study/NCT03742986?tab=history
NCT03742986,current,current,,Number of Participants Who Had a Pathological Complete Response (pCR) [Time Frame: up to 16 weeks] | Number of Participants Who Had a Pathological Complete Response (pCR) [Time Frame: up to 1 year],CURRENT_ONLY_HISTORY_UNAVAILABLE,https://clinicaltrials.gov/study/NCT03742986?tab=history
NCT00950300,original,,,,CURRENT_ONLY_HISTORY_UNAVAILABLE,https://clinicaltrials.gov/study/NCT00950300?tab=history
NCT00950300,pre_recruitment,,,,CURRENT_ONLY_HISTORY_UNAVAILABLE,https://clinicaltrials.gov/study/NCT00950300?tab=history
NCT00950300,pre_primary_completion,,,,CURRENT_ONLY_HISTORY_UNAVAILABLE,https://clinicaltrials.gov/study/NCT00950300?tab=history
NCT00950300,pre_publication,,,,CURRENT_ONLY_HISTORY_UNAVAILABLE,https://clinicaltrials.gov/study/NCT00950300?tab=history
NCT00950300,current,current,,Observed Serum Trough Concentration (Ctrough) of Trastuzumab Prior to Surgery [Time Frame: Pre-dose (0 hours) on Day 1 of Cycle 8 (cycle length of 21 days)] | Percentage of Participants With Pathological Complete Response (pCR) [Time Frame: After surgery following eight cycles of Herceptin + chemotherapy (approximately 6 months from Baseline)],CURRENT_ONLY_HISTORY_UNAVAILABLE,https://clinicaltrials.gov/study/NCT00950300?tab=history
NCT00841828,original,,,,CURRENT_ONLY_HISTORY_UNAVAILABLE,https://clinicaltrials.gov/study/NCT00841828?tab=history
NCT00841828,pre_recruitment,,,,CURRENT_ONLY_HISTORY_UNAVAILABLE,https://clinicaltrials.gov/study/NCT00841828?tab=history
NCT00841828,pre_primary_completion,,,,CURRENT_ONLY_HISTORY_UNAVAILABLE,https://clinicaltrials.gov/study/NCT00841828?tab=history
NCT00841828,pre_publication,,,,CURRENT_ONLY_HISTORY_UNAVAILABLE,https://clinicaltrials.gov/study/NCT00841828?tab=history
NCT00841828,current,current,,Complete Pathological Response (pCR) Rate in Breast and Axilla According to the Miller&Payne Criteria (G5-A and G5-D). [Time Frame: Up to 16 weeks],CURRENT_ONLY_HISTORY_UNAVAILABLE,https://clinicaltrials.gov/study/NCT00841828?tab=history
NCT02370238,original,,,,CURRENT_ONLY_HISTORY_UNAVAILABLE,https://clinicaltrials.gov/study/NCT02370238?tab=history
NCT02370238,pre_recruitment,,,,CURRENT_ONLY_HISTORY_UNAVAILABLE,https://clinicaltrials.gov/study/NCT02370238?tab=history
NCT02370238,pre_primary_completion,,,,CURRENT_ONLY_HISTORY_UNAVAILABLE,https://clinicaltrials.gov/study/NCT02370238?tab=history
NCT02370238,pre_publication,,,,CURRENT_ONLY_HISTORY_UNAVAILABLE,https://clinicaltrials.gov/study/NCT02370238?tab=history
NCT02370238,current,current,,"Progression Free Survival (PFS) [Time Frame: Baseline up to every 8 weeks until disease progression or death, whichever occurs first, up to 721 days]",CURRENT_ONLY_HISTORY_UNAVAILABLE,https://clinicaltrials.gov/study/NCT02370238?tab=history
NCT01738438,original,,,,CURRENT_ONLY_HISTORY_UNAVAILABLE,https://clinicaltrials.gov/study/NCT01738438?tab=history
NCT01738438,pre_recruitment,,,,CURRENT_ONLY_HISTORY_UNAVAILABLE,https://clinicaltrials.gov/study/NCT01738438?tab=history
NCT01738438,pre_primary_completion,,,,CURRENT_ONLY_HISTORY_UNAVAILABLE,https://clinicaltrials.gov/study/NCT01738438?tab=history
NCT01738438,pre_publication,,,,CURRENT_ONLY_HISTORY_UNAVAILABLE,https://clinicaltrials.gov/study/NCT01738438?tab=history
NCT01738438,current,current,,"Objective Response Rate [Time Frame: Disease was evaluated radiologically at baseline, week 6 and every 9 weeks on treatment; Treatment continued until disease progression or unacceptable toxicity. Treatment duration was a median of 3 cycles range (1-17).]",CURRENT_ONLY_HISTORY_UNAVAILABLE,https://clinicaltrials.gov/study/NCT01738438?tab=history
NCT05054374,original,,,,CURRENT_ONLY_HISTORY_UNAVAILABLE,https://clinicaltrials.gov/study/NCT05054374?tab=history
NCT05054374,pre_recruitment,,,,CURRENT_ONLY_HISTORY_UNAVAILABLE,https://clinicaltrials.gov/study/NCT05054374?tab=history
NCT05054374,pre_primary_completion,,,,CURRENT_ONLY_HISTORY_UNAVAILABLE,https://clinicaltrials.gov/study/NCT05054374?tab=history
NCT05054374,pre_publication,,,,CURRENT_ONLY_HISTORY_UNAVAILABLE,https://clinicaltrials.gov/study/NCT05054374?tab=history
NCT05054374,current,current,,Dose Limiting Treatment/DLT Evaluable Population [Time Frame: 28 days from first day of treatment],CURRENT_ONLY_HISTORY_UNAVAILABLE,https://clinicaltrials.gov/study/NCT05054374?tab=history
NCT00265759,original,,,,CURRENT_ONLY_HISTORY_UNAVAILABLE,https://clinicaltrials.gov/study/NCT00265759?tab=history
NCT00265759,pre_recruitment,,,,CURRENT_ONLY_HISTORY_UNAVAILABLE,https://clinicaltrials.gov/study/NCT00265759?tab=history
NCT00265759,pre_primary_completion,,,,CURRENT_ONLY_HISTORY_UNAVAILABLE,https://clinicaltrials.gov/study/NCT00265759?tab=history
NCT00265759,pre_publication,,,,CURRENT_ONLY_HISTORY_UNAVAILABLE,https://clinicaltrials.gov/study/NCT00265759?tab=history
NCT00265759,current,current,,Clinical Response (Complete or Partial Response) Rate (Cohort A) [Time Frame: Up to 18 weeks] | Anti-tumor Effect in Terms of Pathologic CR (pCR) Rate to Neoadjuvant Chemotherapy (Cohort B) [Time Frame: Up to 18 weeks],CURRENT_ONLY_HISTORY_UNAVAILABLE,https://clinicaltrials.gov/study/NCT00265759?tab=history
NCT00129389,original,,,,CURRENT_ONLY_HISTORY_UNAVAILABLE,https://clinicaltrials.gov/study/NCT00129389?tab=history
NCT00129389,pre_recruitment,,,,CURRENT_ONLY_HISTORY_UNAVAILABLE,https://clinicaltrials.gov/study/NCT00129389?tab=history
NCT00129389,pre_primary_completion,,,,CURRENT_ONLY_HISTORY_UNAVAILABLE,https://clinicaltrials.gov/study/NCT00129389?tab=history
NCT00129389,pre_publication,,,,CURRENT_ONLY_HISTORY_UNAVAILABLE,https://clinicaltrials.gov/study/NCT00129389?tab=history
NCT00129389,current,current,,Disease-free Survival (DFS) Event [Time Frame: Up to 5 years],CURRENT_ONLY_HISTORY_UNAVAILABLE,https://clinicaltrials.gov/study/NCT00129389?tab=history
NCT01702571,original,,,,CURRENT_ONLY_HISTORY_UNAVAILABLE,https://clinicaltrials.gov/study/NCT01702571?tab=history
NCT01702571,pre_recruitment,,,,CURRENT_ONLY_HISTORY_UNAVAILABLE,https://clinicaltrials.gov/study/NCT01702571?tab=history
NCT01702571,pre_primary_completion,,,,CURRENT_ONLY_HISTORY_UNAVAILABLE,https://clinicaltrials.gov/study/NCT01702571?tab=history
NCT01702571,pre_publication,,,,CURRENT_ONLY_HISTORY_UNAVAILABLE,https://clinicaltrials.gov/study/NCT01702571?tab=history
NCT01702571,current,current,,Percentage of Participants With Adverse Events of Primary Interest (AEPIs) [Time Frame: Baseline up to approximately 7 years],CURRENT_ONLY_HISTORY_UNAVAILABLE,https://clinicaltrials.gov/study/NCT01702571?tab=history
NCT02779855,original,,,,CURRENT_ONLY_HISTORY_UNAVAILABLE,https://clinicaltrials.gov/study/NCT02779855?tab=history
NCT02779855,pre_recruitment,,,,CURRENT_ONLY_HISTORY_UNAVAILABLE,https://clinicaltrials.gov/study/NCT02779855?tab=history
NCT02779855,pre_primary_completion,,,,CURRENT_ONLY_HISTORY_UNAVAILABLE,https://clinicaltrials.gov/study/NCT02779855?tab=history
NCT02779855,pre_publication,,,,CURRENT_ONLY_HISTORY_UNAVAILABLE,https://clinicaltrials.gov/study/NCT02779855?tab=history
NCT02779855,current,current,,Phase I: Maximum Tolerated Dose (MTD) / Recommended Phase II Dose (RP2D) [Time Frame: Up to 6 months] | Phase II: Percentage of Participants With Pathologic Complete Response Rate (pCR) [Time Frame: Up to 36 months],CURRENT_ONLY_HISTORY_UNAVAILABLE,https://clinicaltrials.gov/study/NCT02779855?tab=history
NCT01494662,original,,,,CURRENT_ONLY_HISTORY_UNAVAILABLE,https://clinicaltrials.gov/study/NCT01494662?tab=history
NCT01494662,pre_recruitment,,,,CURRENT_ONLY_HISTORY_UNAVAILABLE,https://clinicaltrials.gov/study/NCT01494662?tab=history
NCT01494662,pre_primary_completion,,,,CURRENT_ONLY_HISTORY_UNAVAILABLE,https://clinicaltrials.gov/study/NCT01494662?tab=history
NCT01494662,pre_publication,,,,CURRENT_ONLY_HISTORY_UNAVAILABLE,https://clinicaltrials.gov/study/NCT01494662?tab=history
NCT01494662,current,current,,Objective Response Rate Per Composite Response Criteria [Time Frame: 2 years] | Objective Response Rate Per RANO-BM Criteria [Time Frame: 2 years],CURRENT_ONLY_HISTORY_UNAVAILABLE,https://clinicaltrials.gov/study/NCT01494662?tab=history
NCT00679341,original,,,,CURRENT_ONLY_HISTORY_UNAVAILABLE,https://clinicaltrials.gov/study/NCT00679341?tab=history
NCT00679341,pre_recruitment,,,,CURRENT_ONLY_HISTORY_UNAVAILABLE,https://clinicaltrials.gov/study/NCT00679341?tab=history
NCT00679341,pre_primary_completion,,,,CURRENT_ONLY_HISTORY_UNAVAILABLE,https://clinicaltrials.gov/study/NCT00679341?tab=history
NCT00679341,pre_publication,,,,CURRENT_ONLY_HISTORY_UNAVAILABLE,https://clinicaltrials.gov/study/NCT00679341?tab=history
NCT00679341,current,current,,"Progression-free Survival (PFS) by the Investigator Using Modified Response Evaluation Criteria In Solid Tumors (RECIST) [Time Frame: Baseline through the data cut-off date of 15 Nov 2010 (up to 2 years, 2 months)]",CURRENT_ONLY_HISTORY_UNAVAILABLE,https://clinicaltrials.gov/study/NCT00679341?tab=history
NCT01740427,original,,,,CURRENT_ONLY_HISTORY_UNAVAILABLE,https://clinicaltrials.gov/study/NCT01740427?tab=history
NCT01740427,pre_recruitment,,,,CURRENT_ONLY_HISTORY_UNAVAILABLE,https://clinicaltrials.gov/study/NCT01740427?tab=history
NCT01740427,pre_primary_completion,,,,CURRENT_ONLY_HISTORY_UNAVAILABLE,https://clinicaltrials.gov/study/NCT01740427?tab=history
NCT01740427,pre_publication,,,,CURRENT_ONLY_HISTORY_UNAVAILABLE,https://clinicaltrials.gov/study/NCT01740427?tab=history
NCT01740427,current,current,,Progression-Free Survival (PFS) as Assessed by the Investigator [Time Frame: From randomization date to date of first documentation of progression or death (up to approximately 2.5 years)],CURRENT_ONLY_HISTORY_UNAVAILABLE,https://clinicaltrials.gov/study/NCT01740427?tab=history
NCT05383170,original,,,,CURRENT_ONLY_HISTORY_UNAVAILABLE,https://clinicaltrials.gov/study/NCT05383170?tab=history
NCT05383170,pre_recruitment,,,,CURRENT_ONLY_HISTORY_UNAVAILABLE,https://clinicaltrials.gov/study/NCT05383170?tab=history
NCT05383170,pre_primary_completion,,,,CURRENT_ONLY_HISTORY_UNAVAILABLE,https://clinicaltrials.gov/study/NCT05383170?tab=history
NCT05383170,pre_publication,,,,CURRENT_ONLY_HISTORY_UNAVAILABLE,https://clinicaltrials.gov/study/NCT05383170?tab=history
NCT05383170,current,current,,"Frequency, and Seriousness of TEAEs [Time Frame: For each subject, from the time of signing the ICF until 30 days (90 days for SAEs) after the last dose of study treatment up to a maximum of 18 months.] | Incidence of DLTs [Time Frame: Initial 6 weeks of treatment.]",CURRENT_ONLY_HISTORY_UNAVAILABLE,https://clinicaltrials.gov/study/NCT05383170?tab=history
NCT00118157,original,,,,CURRENT_ONLY_HISTORY_UNAVAILABLE,https://clinicaltrials.gov/study/NCT00118157?tab=history
NCT00118157,pre_recruitment,,,,CURRENT_ONLY_HISTORY_UNAVAILABLE,https://clinicaltrials.gov/study/NCT00118157?tab=history
NCT00118157,pre_primary_completion,,,,CURRENT_ONLY_HISTORY_UNAVAILABLE,https://clinicaltrials.gov/study/NCT00118157?tab=history
NCT00118157,pre_publication,,,,CURRENT_ONLY_HISTORY_UNAVAILABLE,https://clinicaltrials.gov/study/NCT00118157?tab=history
NCT00118157,current,current,,Tumor Response Rate (Complete and Partial) Assessed by Response Evaluation Criteria in Solid Tumors (RECIST) [Time Frame: 4 weeks],CURRENT_ONLY_HISTORY_UNAVAILABLE,https://clinicaltrials.gov/study/NCT00118157?tab=history
NCT00941330,original,,,,CURRENT_ONLY_HISTORY_UNAVAILABLE,https://clinicaltrials.gov/study/NCT00941330?tab=history
NCT00941330,pre_recruitment,,,,CURRENT_ONLY_HISTORY_UNAVAILABLE,https://clinicaltrials.gov/study/NCT00941330?tab=history
NCT00941330,pre_primary_completion,,,,CURRENT_ONLY_HISTORY_UNAVAILABLE,https://clinicaltrials.gov/study/NCT00941330?tab=history
NCT00941330,pre_publication,,,,CURRENT_ONLY_HISTORY_UNAVAILABLE,https://clinicaltrials.gov/study/NCT00941330?tab=history
NCT00941330,current,current,,Pathologic Complete Response [Time Frame: At time of definitive surgery],CURRENT_ONLY_HISTORY_UNAVAILABLE,https://clinicaltrials.gov/study/NCT00941330?tab=history
NCT00317720,original,,,,CURRENT_ONLY_HISTORY_UNAVAILABLE,https://clinicaltrials.gov/study/NCT00317720?tab=history
NCT00317720,pre_recruitment,,,,CURRENT_ONLY_HISTORY_UNAVAILABLE,https://clinicaltrials.gov/study/NCT00317720?tab=history
NCT00317720,pre_primary_completion,,,,CURRENT_ONLY_HISTORY_UNAVAILABLE,https://clinicaltrials.gov/study/NCT00317720?tab=history
NCT00317720,pre_publication,,,,CURRENT_ONLY_HISTORY_UNAVAILABLE,https://clinicaltrials.gov/study/NCT00317720?tab=history
NCT00317720,current,current,,Optimal Dose of RAD001 in Combination With Trastuzumab (Phase I) [Time Frame: Following two 3 week cycles of therapy] | Clinical Benefit Response Rate (CBR) [Time Frame: 6 weeks],CURRENT_ONLY_HISTORY_UNAVAILABLE,https://clinicaltrials.gov/study/NCT00317720?tab=history
NCT00545688,original,,,,CURRENT_ONLY_HISTORY_UNAVAILABLE,https://clinicaltrials.gov/study/NCT00545688?tab=history
NCT00545688,pre_recruitment,,,,CURRENT_ONLY_HISTORY_UNAVAILABLE,https://clinicaltrials.gov/study/NCT00545688?tab=history
NCT00545688,pre_primary_completion,,,,CURRENT_ONLY_HISTORY_UNAVAILABLE,https://clinicaltrials.gov/study/NCT00545688?tab=history
NCT00545688,pre_publication,,,,CURRENT_ONLY_HISTORY_UNAVAILABLE,https://clinicaltrials.gov/study/NCT00545688?tab=history
NCT00545688,current,current,,"Percentage of Participants Achieving Pathological Complete Response (pCR) [Time Frame: Approximately 4 months from randomization following surgery or early withdrawal, whichever occurred first (Surgery was performed within 2 weeks after Cycle 4)] | Percentage of Participants Achieving pCR by Breast Cancer Type [Time Frame: Approximately 4 months from randomization following surgery or early withdrawal, whichever occurred first (Surgery was performed within 2 weeks after Cycle 4)] | Percentage of Participants Achieving pCR by Hormone Receptor Status [Time Frame: Approximately 4 months from randomization following surgery or early withdrawal, whichever occurred first (Surgery was performed within 2 weeks after Cycle 4)] | Percentage of Participants Achieving pCR by Lymph Node Status [Time Frame: Approximately 4 months from randomization following surgery or early withdrawal, whichever occurred first (Surgery was performed within 2 weeks after Cycle 4)] | Percentage of Participants Achieving pCR by Presence or Absence of Residual Intraductal Carcinoma (DCIS) / Intalobular Carcinoma (LCIS) [Time Frame: Approximately 4 months from randomization following surgery or early withdrawal, whichever occurred first (Surgery was performed within 2 weeks after Cycle 4)]",CURRENT_ONLY_HISTORY_UNAVAILABLE,https://clinicaltrials.gov/study/NCT00545688?tab=history
NCT01901146,original,,,,CURRENT_ONLY_HISTORY_UNAVAILABLE,https://clinicaltrials.gov/study/NCT01901146?tab=history
NCT01901146,pre_recruitment,,,,CURRENT_ONLY_HISTORY_UNAVAILABLE,https://clinicaltrials.gov/study/NCT01901146?tab=history
NCT01901146,pre_primary_completion,,,,CURRENT_ONLY_HISTORY_UNAVAILABLE,https://clinicaltrials.gov/study/NCT01901146?tab=history
NCT01901146,pre_publication,,,,CURRENT_ONLY_HISTORY_UNAVAILABLE,https://clinicaltrials.gov/study/NCT01901146?tab=history
NCT01901146,current,current,,Percentage of Participants With a Pathologic Complete Response [Time Frame: 3 to 7 weeks after the last dose of study drug in the neoadjuvant phase],CURRENT_ONLY_HISTORY_UNAVAILABLE,https://clinicaltrials.gov/study/NCT01901146?tab=history
NCT00253422,original,,,,CURRENT_ONLY_HISTORY_UNAVAILABLE,https://clinicaltrials.gov/study/NCT00253422?tab=history
NCT00253422,pre_recruitment,,,,CURRENT_ONLY_HISTORY_UNAVAILABLE,https://clinicaltrials.gov/study/NCT00253422?tab=history
NCT00253422,pre_primary_completion,,,,CURRENT_ONLY_HISTORY_UNAVAILABLE,https://clinicaltrials.gov/study/NCT00253422?tab=history
NCT00253422,pre_publication,,,,CURRENT_ONLY_HISTORY_UNAVAILABLE,https://clinicaltrials.gov/study/NCT00253422?tab=history
NCT00253422,current,current,,Progression-free Survival [Time Frame: Assessed up to 190 months],CURRENT_ONLY_HISTORY_UNAVAILABLE,https://clinicaltrials.gov/study/NCT00253422?tab=history
NCT00733408,original,,,,CURRENT_ONLY_HISTORY_UNAVAILABLE,https://clinicaltrials.gov/study/NCT00733408?tab=history
NCT00733408,pre_recruitment,,,,CURRENT_ONLY_HISTORY_UNAVAILABLE,https://clinicaltrials.gov/study/NCT00733408?tab=history
NCT00733408,pre_primary_completion,,,,CURRENT_ONLY_HISTORY_UNAVAILABLE,https://clinicaltrials.gov/study/NCT00733408?tab=history
NCT00733408,pre_publication,,,,CURRENT_ONLY_HISTORY_UNAVAILABLE,https://clinicaltrials.gov/study/NCT00733408?tab=history
NCT00733408,current,current,,"Progression-free Survival (PFS) [Time Frame: Time from date of registration to date of first documentation of progression or symptomatic deterioration or death due to any cause, assessed up to 8 years]",CURRENT_ONLY_HISTORY_UNAVAILABLE,https://clinicaltrials.gov/study/NCT00733408?tab=history
NCT01997333,original,,,,CURRENT_ONLY_HISTORY_UNAVAILABLE,https://clinicaltrials.gov/study/NCT01997333?tab=history
NCT01997333,pre_recruitment,,,,CURRENT_ONLY_HISTORY_UNAVAILABLE,https://clinicaltrials.gov/study/NCT01997333?tab=history
NCT01997333,pre_primary_completion,,,,CURRENT_ONLY_HISTORY_UNAVAILABLE,https://clinicaltrials.gov/study/NCT01997333?tab=history
NCT01997333,pre_publication,,,,CURRENT_ONLY_HISTORY_UNAVAILABLE,https://clinicaltrials.gov/study/NCT01997333?tab=history
NCT01997333,current,current,,Progression Free Survival (PFS) [Time Frame: Evaluated every 6 - 9 weeks following treatment initiation],CURRENT_ONLY_HISTORY_UNAVAILABLE,https://clinicaltrials.gov/study/NCT01997333?tab=history
NCT03312738,original,,,,CURRENT_ONLY_HISTORY_UNAVAILABLE,https://clinicaltrials.gov/study/NCT03312738?tab=history
NCT03312738,pre_recruitment,,,,CURRENT_ONLY_HISTORY_UNAVAILABLE,https://clinicaltrials.gov/study/NCT03312738?tab=history
NCT03312738,pre_primary_completion,,,,CURRENT_ONLY_HISTORY_UNAVAILABLE,https://clinicaltrials.gov/study/NCT03312738?tab=history
NCT03312738,pre_publication,,,,CURRENT_ONLY_HISTORY_UNAVAILABLE,https://clinicaltrials.gov/study/NCT03312738?tab=history
NCT03312738,current,current,,"Progression-free Survival (PFS) Based on Local Radiology Review of Tumor Assessment [Time Frame: From randomization up to date of first documented progression or death, assessed up to approximately 3.5 years]",CURRENT_ONLY_HISTORY_UNAVAILABLE,https://clinicaltrials.gov/study/NCT03312738?tab=history
NCT01998906,original,,,,CURRENT_ONLY_HISTORY_UNAVAILABLE,https://clinicaltrials.gov/study/NCT01998906?tab=history
NCT01998906,pre_recruitment,,,,CURRENT_ONLY_HISTORY_UNAVAILABLE,https://clinicaltrials.gov/study/NCT01998906?tab=history
NCT01998906,pre_primary_completion,,,,CURRENT_ONLY_HISTORY_UNAVAILABLE,https://clinicaltrials.gov/study/NCT01998906?tab=history
NCT01998906,pre_publication,,,,CURRENT_ONLY_HISTORY_UNAVAILABLE,https://clinicaltrials.gov/study/NCT01998906?tab=history
NCT01998906,current,current,,"Event-Free Survival (EFS) - Percentage of Participants With an Event [Time Frame: Baseline (BL), Presurgery: Day 1 (Cycles 1-7) and Days 1 and 8 (Cycles 8-10); Postsurgery: Day 1 (Cycles 1-17); every 6 months up to 60 months after last dose of study drug; yearly thereafter] | Event-Free Survival [Time Frame: BL, Presurgery: Day 1 (Cycles 1-7) and Days 1 and 8 (Cycles 8-10); Postsurgery: Day 1 (Cycles 1-17); every 6 months up to 60 months after last dose of study drug; yearly thereafter] | Percentage of Participants Event Free at 1 Year [Time Frame: BL, Presurgery: Day 1 (Cycles 1-7) and Days 1 and 8 (Cycles 8-10); Postsurgery: Day 1 (Cycles 1-17); every 6 months up to 60 months after last dose of study drug; yearly thereafter] | Percentage of Participants Event Free at 2 Years [Time Frame: BL, Presurgery: Day 1 (Cycles 1-7) and Days 1 and 8 (Cycles 8-10); Postsurgery: Day 1 (Cycles 1-17); every 6 months up to 60 months after last dose of study drug; yearly thereafter] | Percentage of Participants Event Free at 3 Years [Time Frame: BL, Presurgery: Day 1 (Cycles 1-7) and Days 1 and 8 (Cycles 8-10); Postsurgery: Day 1 (Cycles 1-17); every 6 months up to 60 months after last dose of study drug; yearly thereafter]",CURRENT_ONLY_HISTORY_UNAVAILABLE,https://clinicaltrials.gov/study/NCT01998906?tab=history
NCT03556358,original,,,,CURRENT_ONLY_HISTORY_UNAVAILABLE,https://clinicaltrials.gov/study/NCT03556358?tab=history
NCT03556358,pre_recruitment,,,,CURRENT_ONLY_HISTORY_UNAVAILABLE,https://clinicaltrials.gov/study/NCT03556358?tab=history
NCT03556358,pre_primary_completion,,,,CURRENT_ONLY_HISTORY_UNAVAILABLE,https://clinicaltrials.gov/study/NCT03556358?tab=history
NCT03556358,pre_publication,,,,CURRENT_ONLY_HISTORY_UNAVAILABLE,https://clinicaltrials.gov/study/NCT03556358?tab=history
NCT03556358,current,current,,Proportion of Subjects in Each Treatment Arm Who Achieve Pathologic Complete Response (pCR) [Time Frame: 3-7 weeks following last dose of study treatment],CURRENT_ONLY_HISTORY_UNAVAILABLE,https://clinicaltrials.gov/study/NCT03556358?tab=history
NCT00464646,original,,,,CURRENT_ONLY_HISTORY_UNAVAILABLE,https://clinicaltrials.gov/study/NCT00464646?tab=history
NCT00464646,pre_recruitment,,,,CURRENT_ONLY_HISTORY_UNAVAILABLE,https://clinicaltrials.gov/study/NCT00464646?tab=history
NCT00464646,pre_primary_completion,,,,CURRENT_ONLY_HISTORY_UNAVAILABLE,https://clinicaltrials.gov/study/NCT00464646?tab=history
NCT00464646,pre_publication,,,,CURRENT_ONLY_HISTORY_UNAVAILABLE,https://clinicaltrials.gov/study/NCT00464646?tab=history
NCT00464646,current,current,,"Number of Patients With Pathological Complete Response (pCR) in the Breast and Nodes for Patients With HER2-positive LABC Following Neoadjuvant Treatment (Cohort A) [Time Frame: Assessed at time of surgery on average at 8 months] | Number of Participants With Cardiac Events [Time Frame: Cohort A: Baseline, post-treatment with EC, 2-4 weeks after surgery, and 9, 12, 15, and 18 months from study entry. Cohort B: Baseline, post-treatment with EC, 2-3 weeks after the last dose of docetaxel, and 6, 9, 12, 15, and 18 months from study entry.]",CURRENT_ONLY_HISTORY_UNAVAILABLE,https://clinicaltrials.gov/study/NCT00464646?tab=history
NCT03018080,original,,,,CURRENT_ONLY_HISTORY_UNAVAILABLE,https://clinicaltrials.gov/study/NCT03018080?tab=history
NCT03018080,pre_recruitment,,,,CURRENT_ONLY_HISTORY_UNAVAILABLE,https://clinicaltrials.gov/study/NCT03018080?tab=history
NCT03018080,pre_primary_completion,,,,CURRENT_ONLY_HISTORY_UNAVAILABLE,https://clinicaltrials.gov/study/NCT03018080?tab=history
NCT03018080,pre_publication,,,,CURRENT_ONLY_HISTORY_UNAVAILABLE,https://clinicaltrials.gov/study/NCT03018080?tab=history
NCT03018080,current,current,,Number of Participants With at Least One Grade 3 or 4 Treatment-related Adverse Event [Time Frame: From enrollment to at least 30 days following cessation of study treatment. The median time on treatment was 5.5 months.],CURRENT_ONLY_HISTORY_UNAVAILABLE,https://clinicaltrials.gov/study/NCT03018080?tab=history
NCT03797326,original,,,,CURRENT_ONLY_HISTORY_UNAVAILABLE,https://clinicaltrials.gov/study/NCT03797326?tab=history
NCT03797326,pre_recruitment,,,,CURRENT_ONLY_HISTORY_UNAVAILABLE,https://clinicaltrials.gov/study/NCT03797326?tab=history
NCT03797326,pre_primary_completion,,,,CURRENT_ONLY_HISTORY_UNAVAILABLE,https://clinicaltrials.gov/study/NCT03797326?tab=history
NCT03797326,pre_publication,,,,CURRENT_ONLY_HISTORY_UNAVAILABLE,https://clinicaltrials.gov/study/NCT03797326?tab=history
NCT03797326,current,current,,"Objective Response Rate (ORR) Per Response Evaluation Criteria in Solid Tumors Version 1.1 (RECIST 1.1) by Investigator Assessment [Time Frame: Up to approximately 66 months] | Objective Response Rate (ORR) Per Response Evaluation Criteria in Solid Tumors Version 1.1 (RECIST 1.1) or Response Assessment in Neuro-Oncology (RANO) Criteria (for Glioblastoma Multiforma [GBM] Only), by Blinded Independent Central Review (BICR) [Time Frame: Up to approximately 66 months] | Number of Participants With One or More Adverse Events (AEs) [Time Frame: Up to approximately 66 months] | Number of Participants Who Discontinued From Study Treatment Due to an AE [Time Frame: Up to approximately 62 months]",CURRENT_ONLY_HISTORY_UNAVAILABLE,https://clinicaltrials.gov/study/NCT03797326?tab=history
NCT02187744,original,,,,CURRENT_ONLY_HISTORY_UNAVAILABLE,https://clinicaltrials.gov/study/NCT02187744?tab=history
NCT02187744,pre_recruitment,,,,CURRENT_ONLY_HISTORY_UNAVAILABLE,https://clinicaltrials.gov/study/NCT02187744?tab=history
NCT02187744,pre_primary_completion,,,,CURRENT_ONLY_HISTORY_UNAVAILABLE,https://clinicaltrials.gov/study/NCT02187744?tab=history
NCT02187744,pre_publication,,,,CURRENT_ONLY_HISTORY_UNAVAILABLE,https://clinicaltrials.gov/study/NCT02187744?tab=history
NCT02187744,current,current,,Percentage of Participants With Steady State Drug Concentration Ctrough (Cycle 6 Pre-dose) >20 µg/mL at Cycle 5. [Time Frame: Cycle 5],CURRENT_ONLY_HISTORY_UNAVAILABLE,https://clinicaltrials.gov/study/NCT02187744?tab=history
NCT02162667,original,,,,CURRENT_ONLY_HISTORY_UNAVAILABLE,https://clinicaltrials.gov/study/NCT02162667?tab=history
NCT02162667,pre_recruitment,,,,CURRENT_ONLY_HISTORY_UNAVAILABLE,https://clinicaltrials.gov/study/NCT02162667?tab=history
NCT02162667,pre_primary_completion,,,,CURRENT_ONLY_HISTORY_UNAVAILABLE,https://clinicaltrials.gov/study/NCT02162667?tab=history
NCT02162667,pre_publication,,,,CURRENT_ONLY_HISTORY_UNAVAILABLE,https://clinicaltrials.gov/study/NCT02162667?tab=history
NCT02162667,current,current,,"The Percentage of Patients Achieving Pathological Complete Response Defined as the Absence of Invasion Tumor Cells in the Breast and in Axillary Lymph Nodes, Regardless of Ductal Carcinoma in Situ (DCIS) [Time Frame: After Neo-adjuvant therapy and Surgery (up to 30 weeks)]",CURRENT_ONLY_HISTORY_UNAVAILABLE,https://clinicaltrials.gov/study/NCT02162667?tab=history
NCT00712881,original,,,,CURRENT_ONLY_HISTORY_UNAVAILABLE,https://clinicaltrials.gov/study/NCT00712881?tab=history
NCT00712881,pre_recruitment,,,,CURRENT_ONLY_HISTORY_UNAVAILABLE,https://clinicaltrials.gov/study/NCT00712881?tab=history
NCT00712881,pre_primary_completion,,,,CURRENT_ONLY_HISTORY_UNAVAILABLE,https://clinicaltrials.gov/study/NCT00712881?tab=history
NCT00712881,pre_publication,,,,CURRENT_ONLY_HISTORY_UNAVAILABLE,https://clinicaltrials.gov/study/NCT00712881?tab=history
NCT00712881,current,current,,Percentage of Participants Exhibiting a Pathological Complete Response (pCR) in Breast [Time Frame: At the end of Cycle 8 (each cycle length = 21 days)],CURRENT_ONLY_HISTORY_UNAVAILABLE,https://clinicaltrials.gov/study/NCT00712881?tab=history
NCT00721409,original,,,,CURRENT_ONLY_HISTORY_UNAVAILABLE,https://clinicaltrials.gov/study/NCT00721409?tab=history
NCT00721409,pre_recruitment,,,,CURRENT_ONLY_HISTORY_UNAVAILABLE,https://clinicaltrials.gov/study/NCT00721409?tab=history
NCT00721409,pre_primary_completion,,,,CURRENT_ONLY_HISTORY_UNAVAILABLE,https://clinicaltrials.gov/study/NCT00721409?tab=history
NCT00721409,pre_publication,,,,CURRENT_ONLY_HISTORY_UNAVAILABLE,https://clinicaltrials.gov/study/NCT00721409?tab=history
NCT00721409,current,current,,Number of Participants With Treatment-Emergent Adverse Events (TEAEs; All Causalities) at Phase 1 [Time Frame: Maximum treatment duration (approximately 55 months)] | Number of Participants With Treatment-Related Adverse Events at Phase 1 [Time Frame: Maximum treatment duration (approximately 55 months)] | Number of Participants With Dose Limiting Toxicities at Phase 1 [Time Frame: Cycle 2 (4 weeks)] | Progression-Free Survival (PFS) at Phase 2 - Investigator Assessment [Time Frame: From randomization date to date of first documentation of progression or death (assessed up to 41 months)],CURRENT_ONLY_HISTORY_UNAVAILABLE,https://clinicaltrials.gov/study/NCT00721409?tab=history
NCT01805076,original,,,,CURRENT_ONLY_HISTORY_UNAVAILABLE,https://clinicaltrials.gov/study/NCT01805076?tab=history
NCT01805076,pre_recruitment,,,,CURRENT_ONLY_HISTORY_UNAVAILABLE,https://clinicaltrials.gov/study/NCT01805076?tab=history
NCT01805076,pre_primary_completion,,,,CURRENT_ONLY_HISTORY_UNAVAILABLE,https://clinicaltrials.gov/study/NCT01805076?tab=history
NCT01805076,pre_publication,,,,CURRENT_ONLY_HISTORY_UNAVAILABLE,https://clinicaltrials.gov/study/NCT01805076?tab=history
NCT01805076,current,current,,Local-regional Recurrence (LRR) [Time Frame: Up to 5 years],CURRENT_ONLY_HISTORY_UNAVAILABLE,https://clinicaltrials.gov/study/NCT01805076?tab=history
NCT01419197,original,,,,CURRENT_ONLY_HISTORY_UNAVAILABLE,https://clinicaltrials.gov/study/NCT01419197?tab=history
NCT01419197,pre_recruitment,,,,CURRENT_ONLY_HISTORY_UNAVAILABLE,https://clinicaltrials.gov/study/NCT01419197?tab=history
NCT01419197,pre_primary_completion,,,,CURRENT_ONLY_HISTORY_UNAVAILABLE,https://clinicaltrials.gov/study/NCT01419197?tab=history
NCT01419197,pre_publication,,,,CURRENT_ONLY_HISTORY_UNAVAILABLE,https://clinicaltrials.gov/study/NCT01419197?tab=history
NCT01419197,current,current,,Progression-free Survival [Time Frame: Baseline to the clinical cut-off date of 11 Feb 2013 (up to 2 years)] | Overall Survival [Time Frame: Baseline to the clinical cut-off date of 11 Feb 2013 (up to 2 years)],CURRENT_ONLY_HISTORY_UNAVAILABLE,https://clinicaltrials.gov/study/NCT01419197?tab=history
NCT03310957,original,,,,CURRENT_ONLY_HISTORY_UNAVAILABLE,https://clinicaltrials.gov/study/NCT03310957?tab=history
NCT03310957,pre_recruitment,,,,CURRENT_ONLY_HISTORY_UNAVAILABLE,https://clinicaltrials.gov/study/NCT03310957?tab=history
NCT03310957,pre_primary_completion,,,,CURRENT_ONLY_HISTORY_UNAVAILABLE,https://clinicaltrials.gov/study/NCT03310957?tab=history
NCT03310957,pre_publication,,,,CURRENT_ONLY_HISTORY_UNAVAILABLE,https://clinicaltrials.gov/study/NCT03310957?tab=history
NCT03310957,current,current,,Number of Participants With Treatment Emergent Adverse Events (TEAEs) and Serious Adverse Events (SAEs) [Time Frame: From start of study treatment up to 30 days and up to 90 days post last dose for AEs and SAEs respectively (maximum exposure to any study treatment = 27 months; follow-up: AEs = maximum up to 28 months; SAEs = maximum up to 30 months)] | Number of Participants With Treatment Related TEAEs and SAEs [Time Frame: From start of study treatment up to 30 days and up to 90 days post last dose for AEs and SAEs respectively (maximum exposure to any study treatment = 27 months; follow-up: AEs = maximum up to 28 months; SAEs = maximum up to 30 months)] | Number of Participants With AEs of Grade <3 and Grade >=3 Per National Cancer Institute (NCI) Common Terminology Criteria for Adverse Events (CTCAE) v 4.03 [Time Frame: From start of study treatment up to 30 days for AEs (maximum exposure to any study treatment = 27 months; follow-up: AEs = maximum up to 28 months)] | Number of Participants With Maximum Post-Baseline Laboratory Toxicity Grade (0 to 4) in Any Hematology Parameter [Time Frame: Post-baseline up to 30 days after last dose (maximum exposure to any study intervention was 27 months; follow-up = maximum up to 28 months)] | Number of Participants With Maximum Post-Baseline Laboratory Toxicity Grade (0 to 4) in Any Serum Chemistry Parameter [Time Frame: Post-baseline up to 30 days after last dose (maximum exposure to any study intervention was 27 months; follow-up = maximum up to 28 months)] | Number of Participants With Dose Limiting Toxicities (DLT): Part A and Part C [Time Frame: Cycle 1 (up to 21 days)] | ORR as Determined by the Investigator According to Response Evaluation Criteria in Solid Tumors (RECIST) Version (v)1.1 [Time Frame: From start of study treatment up to date of confirmed CR or PR (maximum up to 30 months)],CURRENT_ONLY_HISTORY_UNAVAILABLE,https://clinicaltrials.gov/study/NCT03310957?tab=history
NCT02404441,original,,,,CURRENT_ONLY_HISTORY_UNAVAILABLE,https://clinicaltrials.gov/study/NCT02404441?tab=history
NCT02404441,pre_recruitment,,,,CURRENT_ONLY_HISTORY_UNAVAILABLE,https://clinicaltrials.gov/study/NCT02404441?tab=history
NCT02404441,pre_primary_completion,,,,CURRENT_ONLY_HISTORY_UNAVAILABLE,https://clinicaltrials.gov/study/NCT02404441?tab=history
NCT02404441,pre_publication,,,,CURRENT_ONLY_HISTORY_UNAVAILABLE,https://clinicaltrials.gov/study/NCT02404441?tab=history
NCT02404441,current,current,,"Phase l: The Exposure (AUC(0-336h)) After First Dose of Treatment at Cycle 3 (Each Cycle = 28 Days) [Time Frame: Predose, 1hour (h), 24h, 48h, 72h, 168h, 240h, 336h post dose (cycle 3)] | Phase l: Incidence of Dose Limiting Toxicities (DLTs) [Time Frame: 8 months] | Phase ll: Overall Response Rate (ORR) Per Response Evaluation Criteria in Solid Tumors (RECIST v1.1) [Time Frame: 61 months]",CURRENT_ONLY_HISTORY_UNAVAILABLE,https://clinicaltrials.gov/study/NCT02404441?tab=history
NCT03493854,original,,,,CURRENT_ONLY_HISTORY_UNAVAILABLE,https://clinicaltrials.gov/study/NCT03493854?tab=history
NCT03493854,pre_recruitment,,,,CURRENT_ONLY_HISTORY_UNAVAILABLE,https://clinicaltrials.gov/study/NCT03493854?tab=history
NCT03493854,pre_primary_completion,,,,CURRENT_ONLY_HISTORY_UNAVAILABLE,https://clinicaltrials.gov/study/NCT03493854?tab=history
NCT03493854,pre_publication,,,,CURRENT_ONLY_HISTORY_UNAVAILABLE,https://clinicaltrials.gov/study/NCT03493854?tab=history
NCT03493854,current,current,,"Trough Serum Concentration (Ctrough) of Pertuzumab During Cycle 7 (Pre-Dose Cycle 8) [Time Frame: Pre-dose on Cycle 8, Day 1 (up to 21 weeks)]",CURRENT_ONLY_HISTORY_UNAVAILABLE,https://clinicaltrials.gov/study/NCT03493854?tab=history
NCT00356811,original,,,,CURRENT_ONLY_HISTORY_UNAVAILABLE,https://clinicaltrials.gov/study/NCT00356811?tab=history
NCT00356811,pre_recruitment,,,,CURRENT_ONLY_HISTORY_UNAVAILABLE,https://clinicaltrials.gov/study/NCT00356811?tab=history
NCT00356811,pre_primary_completion,,,,CURRENT_ONLY_HISTORY_UNAVAILABLE,https://clinicaltrials.gov/study/NCT00356811?tab=history
NCT00356811,pre_publication,,,,CURRENT_ONLY_HISTORY_UNAVAILABLE,https://clinicaltrials.gov/study/NCT00356811?tab=history
NCT00356811,current,current,,"Number of Participants With a Best Overall Response (OR) of Confirmed Complete Response (CR) or Partial Response (PR), as Assessed by the Independent Review Committee (IRC) [Time Frame: From the first dose of study medication to the first documented evidence of a confirmed CR or PR (up to Week 86)]",CURRENT_ONLY_HISTORY_UNAVAILABLE,https://clinicaltrials.gov/study/NCT00356811?tab=history
NCT02954055,original,,,,CURRENT_ONLY_HISTORY_UNAVAILABLE,https://clinicaltrials.gov/study/NCT02954055?tab=history
NCT02954055,pre_recruitment,,,,CURRENT_ONLY_HISTORY_UNAVAILABLE,https://clinicaltrials.gov/study/NCT02954055?tab=history
NCT02954055,pre_primary_completion,,,,CURRENT_ONLY_HISTORY_UNAVAILABLE,https://clinicaltrials.gov/study/NCT02954055?tab=history
NCT02954055,pre_publication,,,,CURRENT_ONLY_HISTORY_UNAVAILABLE,https://clinicaltrials.gov/study/NCT02954055?tab=history
NCT02954055,current,current,,"Time to Treatment Failure (TTF) Compared Between Treatment Groups. [Time Frame: Assessed at the start of every 4-week (28-day) treatment cycle from randomization to the end of treatment date or discontinuation; median follow-up was 29 months, with a minimum of 0.2 months and maximum of 48.5 months.]",CURRENT_ONLY_HISTORY_UNAVAILABLE,https://clinicaltrials.gov/study/NCT02954055?tab=history
NCT00577122,original,,,,CURRENT_ONLY_HISTORY_UNAVAILABLE,https://clinicaltrials.gov/study/NCT00577122?tab=history
NCT00577122,pre_recruitment,,,,CURRENT_ONLY_HISTORY_UNAVAILABLE,https://clinicaltrials.gov/study/NCT00577122?tab=history
NCT00577122,pre_primary_completion,,,,CURRENT_ONLY_HISTORY_UNAVAILABLE,https://clinicaltrials.gov/study/NCT00577122?tab=history
NCT00577122,pre_publication,,,,CURRENT_ONLY_HISTORY_UNAVAILABLE,https://clinicaltrials.gov/study/NCT00577122?tab=history
NCT00577122,current,current,,"Clinical Benefit Rate (CR + PR + SD > 6 Months). [Time Frame: baseline through end of study, up to 3 years]",CURRENT_ONLY_HISTORY_UNAVAILABLE,https://clinicaltrials.gov/study/NCT00577122?tab=history
NCT01421472,original,,,,CURRENT_ONLY_HISTORY_UNAVAILABLE,https://clinicaltrials.gov/study/NCT01421472?tab=history
NCT01421472,pre_recruitment,,,,CURRENT_ONLY_HISTORY_UNAVAILABLE,https://clinicaltrials.gov/study/NCT01421472?tab=history
NCT01421472,pre_primary_completion,,,,CURRENT_ONLY_HISTORY_UNAVAILABLE,https://clinicaltrials.gov/study/NCT01421472?tab=history
NCT01421472,pre_publication,,,,CURRENT_ONLY_HISTORY_UNAVAILABLE,https://clinicaltrials.gov/study/NCT01421472?tab=history
NCT01421472,current,current,,"Number of Participants With Pathologic Complete Response (pCR) (Rate of pCR) [Time Frame: At time of surgery, an expected average of 24-26 weeks]",CURRENT_ONLY_HISTORY_UNAVAILABLE,https://clinicaltrials.gov/study/NCT01421472?tab=history
NCT02593175,original,,,,CURRENT_ONLY_HISTORY_UNAVAILABLE,https://clinicaltrials.gov/study/NCT02593175?tab=history
NCT02593175,pre_recruitment,,,,CURRENT_ONLY_HISTORY_UNAVAILABLE,https://clinicaltrials.gov/study/NCT02593175?tab=history
NCT02593175,pre_primary_completion,,,,CURRENT_ONLY_HISTORY_UNAVAILABLE,https://clinicaltrials.gov/study/NCT02593175?tab=history
NCT02593175,pre_publication,,,,CURRENT_ONLY_HISTORY_UNAVAILABLE,https://clinicaltrials.gov/study/NCT02593175?tab=history
NCT02593175,current,current,,Number of Participants With Residual Disease [Time Frame: At the time of surgery],CURRENT_ONLY_HISTORY_UNAVAILABLE,https://clinicaltrials.gov/study/NCT02593175?tab=history
NCT03106077,original,,,,CURRENT_ONLY_HISTORY_UNAVAILABLE,https://clinicaltrials.gov/study/NCT03106077?tab=history
NCT03106077,pre_recruitment,,,,CURRENT_ONLY_HISTORY_UNAVAILABLE,https://clinicaltrials.gov/study/NCT03106077?tab=history
NCT03106077,pre_primary_completion,,,,CURRENT_ONLY_HISTORY_UNAVAILABLE,https://clinicaltrials.gov/study/NCT03106077?tab=history
NCT03106077,pre_publication,,,,CURRENT_ONLY_HISTORY_UNAVAILABLE,https://clinicaltrials.gov/study/NCT03106077?tab=history
NCT03106077,current,current,,"Number of Metastatic Participants With Radiographic Response [Time Frame: From the registration to the study until disease progression or death from any cause, whichever occurred first, assessed up to 2 years] | Number of Neoadjuvant Participants With Pathologic Response [Time Frame: From baseline to the study until disease progression or surgery, assessed up to 6 months]",CURRENT_ONLY_HISTORY_UNAVAILABLE,https://clinicaltrials.gov/study/NCT03106077?tab=history
NCT02668666,original,,,,CURRENT_ONLY_HISTORY_UNAVAILABLE,https://clinicaltrials.gov/study/NCT02668666?tab=history
NCT02668666,pre_recruitment,,,,CURRENT_ONLY_HISTORY_UNAVAILABLE,https://clinicaltrials.gov/study/NCT02668666?tab=history
NCT02668666,pre_primary_completion,,,,CURRENT_ONLY_HISTORY_UNAVAILABLE,https://clinicaltrials.gov/study/NCT02668666?tab=history
NCT02668666,pre_publication,,,,CURRENT_ONLY_HISTORY_UNAVAILABLE,https://clinicaltrials.gov/study/NCT02668666?tab=history
NCT02668666,current,current,,Progression Free Survival (PFS) Per RECIST 1.1 [Time Frame: Time of treatment start until the criteria for disease progression or death. Up to a maximum of 61 months.],CURRENT_ONLY_HISTORY_UNAVAILABLE,https://clinicaltrials.gov/study/NCT02668666?tab=history
NCT03286842,original,,,,CURRENT_ONLY_HISTORY_UNAVAILABLE,https://clinicaltrials.gov/study/NCT03286842?tab=history
NCT03286842,pre_recruitment,,,,CURRENT_ONLY_HISTORY_UNAVAILABLE,https://clinicaltrials.gov/study/NCT03286842?tab=history
NCT03286842,pre_primary_completion,,,,CURRENT_ONLY_HISTORY_UNAVAILABLE,https://clinicaltrials.gov/study/NCT03286842?tab=history
NCT03286842,pre_publication,,,,CURRENT_ONLY_HISTORY_UNAVAILABLE,https://clinicaltrials.gov/study/NCT03286842?tab=history
NCT03286842,current,current,,"Progression-free Survival (PFS) in Real-world Setting in Germline BRCA Mutated Participants [Time Frame: At every visit until the earliest of disease progression, death or end of study (up to 3 years)]",CURRENT_ONLY_HISTORY_UNAVAILABLE,https://clinicaltrials.gov/study/NCT03286842?tab=history
NCT00248170,original,,,,CURRENT_ONLY_HISTORY_UNAVAILABLE,https://clinicaltrials.gov/study/NCT00248170?tab=history
NCT00248170,pre_recruitment,,,,CURRENT_ONLY_HISTORY_UNAVAILABLE,https://clinicaltrials.gov/study/NCT00248170?tab=history
NCT00248170,pre_primary_completion,,,,CURRENT_ONLY_HISTORY_UNAVAILABLE,https://clinicaltrials.gov/study/NCT00248170?tab=history
NCT00248170,pre_publication,,,,CURRENT_ONLY_HISTORY_UNAVAILABLE,https://clinicaltrials.gov/study/NCT00248170?tab=history
NCT00248170,current,current,,Disease Free Survival [Time Frame: 84 months],CURRENT_ONLY_HISTORY_UNAVAILABLE,https://clinicaltrials.gov/study/NCT00248170?tab=history
NCT01625286,original,,,,CURRENT_ONLY_HISTORY_UNAVAILABLE,https://clinicaltrials.gov/study/NCT01625286?tab=history
NCT01625286,pre_recruitment,,,,CURRENT_ONLY_HISTORY_UNAVAILABLE,https://clinicaltrials.gov/study/NCT01625286?tab=history
NCT01625286,pre_primary_completion,,,,CURRENT_ONLY_HISTORY_UNAVAILABLE,https://clinicaltrials.gov/study/NCT01625286?tab=history
NCT01625286,pre_publication,,,,CURRENT_ONLY_HISTORY_UNAVAILABLE,https://clinicaltrials.gov/study/NCT01625286?tab=history
NCT01625286,current,current,,"Dose-limiting Toxicity (DLT) Events - Part A [Time Frame: During Part A DLT evaluation period (Cycle 1, up to 28 days)] | Progression Free Survival (PFS) - Part B [Time Frame: From randomisation date to date of objective disease progression or death (by any cause) whichever came first, assessed every 12 wks (median total treatment duration AZD5363=325.5 days; Placebo=245 days)]",CURRENT_ONLY_HISTORY_UNAVAILABLE,https://clinicaltrials.gov/study/NCT01625286?tab=history
NCT03197935,original,,,,CURRENT_ONLY_HISTORY_UNAVAILABLE,https://clinicaltrials.gov/study/NCT03197935?tab=history
NCT03197935,pre_recruitment,,,,CURRENT_ONLY_HISTORY_UNAVAILABLE,https://clinicaltrials.gov/study/NCT03197935?tab=history
NCT03197935,pre_primary_completion,,,,CURRENT_ONLY_HISTORY_UNAVAILABLE,https://clinicaltrials.gov/study/NCT03197935?tab=history
NCT03197935,pre_publication,,,,CURRENT_ONLY_HISTORY_UNAVAILABLE,https://clinicaltrials.gov/study/NCT03197935?tab=history
NCT03197935,current,current,,"Number of Participants With Pathologic Complete Response (pCR) Using American Joint Committee on Cancer (AJCC) Staging System in ITT Population [Time Frame: After neoadjuvant study treatment and surgery, up to primary analysis data cut off on 03 ApriI 2020] | Number of Participants With pCR in Subpopulation With PD-L1-Positive Tumor Status (Tumor-infiltrating Immune Cell [IC] 1/2/3) Using AJCC Staging System [Time Frame: After neoadjuvant study treatment and surgery, up to primary analysis data cut off on 03 ApriI 2020]",CURRENT_ONLY_HISTORY_UNAVAILABLE,https://clinicaltrials.gov/study/NCT03197935?tab=history
NCT01575522,original,,,,CURRENT_ONLY_HISTORY_UNAVAILABLE,https://clinicaltrials.gov/study/NCT01575522?tab=history
NCT01575522,pre_recruitment,,,,CURRENT_ONLY_HISTORY_UNAVAILABLE,https://clinicaltrials.gov/study/NCT01575522?tab=history
NCT01575522,pre_primary_completion,,,,CURRENT_ONLY_HISTORY_UNAVAILABLE,https://clinicaltrials.gov/study/NCT01575522?tab=history
NCT01575522,pre_publication,,,,CURRENT_ONLY_HISTORY_UNAVAILABLE,https://clinicaltrials.gov/study/NCT01575522?tab=history
NCT01575522,current,current,,"PFS Status [Time Frame: Time from start of treatment to time of progression or death, assessed up to 6 months]",CURRENT_ONLY_HISTORY_UNAVAILABLE,https://clinicaltrials.gov/study/NCT01575522?tab=history
NCT02402764,original,,,,CURRENT_ONLY_HISTORY_UNAVAILABLE,https://clinicaltrials.gov/study/NCT02402764?tab=history
NCT02402764,pre_recruitment,,,,CURRENT_ONLY_HISTORY_UNAVAILABLE,https://clinicaltrials.gov/study/NCT02402764?tab=history
NCT02402764,pre_primary_completion,,,,CURRENT_ONLY_HISTORY_UNAVAILABLE,https://clinicaltrials.gov/study/NCT02402764?tab=history
NCT02402764,pre_publication,,,,CURRENT_ONLY_HISTORY_UNAVAILABLE,https://clinicaltrials.gov/study/NCT02402764?tab=history
NCT02402764,current,current,,Clinical Benefit Rate [Time Frame: Up to 10 months],CURRENT_ONLY_HISTORY_UNAVAILABLE,https://clinicaltrials.gov/study/NCT02402764?tab=history
NCT02366130,original,,,,CURRENT_ONLY_HISTORY_UNAVAILABLE,https://clinicaltrials.gov/study/NCT02366130?tab=history
NCT02366130,pre_recruitment,,,,CURRENT_ONLY_HISTORY_UNAVAILABLE,https://clinicaltrials.gov/study/NCT02366130?tab=history
NCT02366130,pre_primary_completion,,,,CURRENT_ONLY_HISTORY_UNAVAILABLE,https://clinicaltrials.gov/study/NCT02366130?tab=history
NCT02366130,pre_publication,,,,CURRENT_ONLY_HISTORY_UNAVAILABLE,https://clinicaltrials.gov/study/NCT02366130?tab=history
NCT02366130,current,current,,Number of Participants With Disease Control Rate at 9 Months [Time Frame: 9 months from receiving the first dose of Radium-223] | The Number of Participants With Disease Control Rate at 6 Months [Time Frame: 6 months from receiving the first dose of Radium-223],CURRENT_ONLY_HISTORY_UNAVAILABLE,https://clinicaltrials.gov/study/NCT02366130?tab=history
NCT01305941,original,,,,CURRENT_ONLY_HISTORY_UNAVAILABLE,https://clinicaltrials.gov/study/NCT01305941?tab=history
NCT01305941,pre_recruitment,,,,CURRENT_ONLY_HISTORY_UNAVAILABLE,https://clinicaltrials.gov/study/NCT01305941?tab=history
NCT01305941,pre_primary_completion,,,,CURRENT_ONLY_HISTORY_UNAVAILABLE,https://clinicaltrials.gov/study/NCT01305941?tab=history
NCT01305941,pre_publication,,,,CURRENT_ONLY_HISTORY_UNAVAILABLE,https://clinicaltrials.gov/study/NCT01305941?tab=history
NCT01305941,current,current,,Intracranial Objective Response Rate- Modified RECIST Criteria [Time Frame: 3 years],CURRENT_ONLY_HISTORY_UNAVAILABLE,https://clinicaltrials.gov/study/NCT01305941?tab=history
NCT02162719,original,,,,CURRENT_ONLY_HISTORY_UNAVAILABLE,https://clinicaltrials.gov/study/NCT02162719?tab=history
NCT02162719,pre_recruitment,,,,CURRENT_ONLY_HISTORY_UNAVAILABLE,https://clinicaltrials.gov/study/NCT02162719?tab=history
NCT02162719,pre_primary_completion,,,,CURRENT_ONLY_HISTORY_UNAVAILABLE,https://clinicaltrials.gov/study/NCT02162719?tab=history
NCT02162719,pre_publication,,,,CURRENT_ONLY_HISTORY_UNAVAILABLE,https://clinicaltrials.gov/study/NCT02162719?tab=history
NCT02162719,current,current,,Progression Free Survival (PFS) [Time Frame: Baseline up to 30 days after the last dose of study drug administration (Clinical Cut Off Date: 07 June 2016)] | PFS in Participants With Phosphatase and Tensin Homolog (PTEN)-Low Tumors [Time Frame: Baseline up to 30 days after the last dose of study drug administration (Clinical Cut Off Date: 07 June 2016)],CURRENT_ONLY_HISTORY_UNAVAILABLE,https://clinicaltrials.gov/study/NCT02162719?tab=history
NCT00186121,original,,,,CURRENT_ONLY_HISTORY_UNAVAILABLE,https://clinicaltrials.gov/study/NCT00186121?tab=history
NCT00186121,pre_recruitment,,,,CURRENT_ONLY_HISTORY_UNAVAILABLE,https://clinicaltrials.gov/study/NCT00186121?tab=history
NCT00186121,pre_primary_completion,,,,CURRENT_ONLY_HISTORY_UNAVAILABLE,https://clinicaltrials.gov/study/NCT00186121?tab=history
NCT00186121,pre_publication,,,,CURRENT_ONLY_HISTORY_UNAVAILABLE,https://clinicaltrials.gov/study/NCT00186121?tab=history
NCT00186121,current,current,,Objective Response Rate (ORR) [Time Frame: 3 months],CURRENT_ONLY_HISTORY_UNAVAILABLE,https://clinicaltrials.gov/study/NCT00186121?tab=history
NCT00728949,original,,,,CURRENT_ONLY_HISTORY_UNAVAILABLE,https://clinicaltrials.gov/study/NCT00728949?tab=history
NCT00728949,pre_recruitment,,,,CURRENT_ONLY_HISTORY_UNAVAILABLE,https://clinicaltrials.gov/study/NCT00728949?tab=history
NCT00728949,pre_primary_completion,,,,CURRENT_ONLY_HISTORY_UNAVAILABLE,https://clinicaltrials.gov/study/NCT00728949?tab=history
NCT00728949,pre_publication,,,,CURRENT_ONLY_HISTORY_UNAVAILABLE,https://clinicaltrials.gov/study/NCT00728949?tab=history
NCT00728949,current,current,,Progression-Free Survival (PFS) [Time Frame: From randomization up to 35.1 Months] | Overall Survival (OS) [Time Frame: From randomization up to 36.5 Months],CURRENT_ONLY_HISTORY_UNAVAILABLE,https://clinicaltrials.gov/study/NCT00728949?tab=history
NCT03280563,original,,,,CURRENT_ONLY_HISTORY_UNAVAILABLE,https://clinicaltrials.gov/study/NCT03280563?tab=history
NCT03280563,pre_recruitment,,,,CURRENT_ONLY_HISTORY_UNAVAILABLE,https://clinicaltrials.gov/study/NCT03280563?tab=history
NCT03280563,pre_primary_completion,,,,CURRENT_ONLY_HISTORY_UNAVAILABLE,https://clinicaltrials.gov/study/NCT03280563?tab=history
NCT03280563,pre_publication,,,,CURRENT_ONLY_HISTORY_UNAVAILABLE,https://clinicaltrials.gov/study/NCT03280563?tab=history
NCT03280563,current,current,,Stage 1: Percentage of Participants With Objective Response [Time Frame: Up to 50.4 months],CURRENT_ONLY_HISTORY_UNAVAILABLE,https://clinicaltrials.gov/study/NCT03280563?tab=history
NCT02657343,original,,,,CURRENT_ONLY_HISTORY_UNAVAILABLE,https://clinicaltrials.gov/study/NCT02657343?tab=history
NCT02657343,pre_recruitment,,,,CURRENT_ONLY_HISTORY_UNAVAILABLE,https://clinicaltrials.gov/study/NCT02657343?tab=history
NCT02657343,pre_primary_completion,,,,CURRENT_ONLY_HISTORY_UNAVAILABLE,https://clinicaltrials.gov/study/NCT02657343?tab=history
NCT02657343,pre_publication,,,,CURRENT_ONLY_HISTORY_UNAVAILABLE,https://clinicaltrials.gov/study/NCT02657343?tab=history
NCT02657343,current,current,,"Cohort A: Recommended Phase2 Dose (RP2D) [Time Frame: Disease was evaluated at baseline and each cycle on treatment and the end of treatment. Toxicity was evaluated each cycle on treatment, end of treatment and 30 days follow-up. Median treatment duration was 10.9 months with range 2.5 - 19.3 months.] | Cohort B: Clinical Benefit Rate (CBR) [Time Frame: at week 12] | Cohort C: Clinical Benefit Rate (CBR) [Time Frame: at week 12]",CURRENT_ONLY_HISTORY_UNAVAILABLE,https://clinicaltrials.gov/study/NCT02657343?tab=history
NCT01560416,original,,,,CURRENT_ONLY_HISTORY_UNAVAILABLE,https://clinicaltrials.gov/study/NCT01560416?tab=history
NCT01560416,pre_recruitment,,,,CURRENT_ONLY_HISTORY_UNAVAILABLE,https://clinicaltrials.gov/study/NCT01560416?tab=history
NCT01560416,pre_primary_completion,,,,CURRENT_ONLY_HISTORY_UNAVAILABLE,https://clinicaltrials.gov/study/NCT01560416?tab=history
NCT01560416,pre_publication,,,,CURRENT_ONLY_HISTORY_UNAVAILABLE,https://clinicaltrials.gov/study/NCT01560416?tab=history
NCT01560416,current,current,,Progression-Free Survival (PFS) [Time Frame: Disease was assessed radiographically every 2 cycles for year 1 and every 2-4 cycles longer-term. Participants in this study cohort were followed for survival up to 4 years from treatment end.],CURRENT_ONLY_HISTORY_UNAVAILABLE,https://clinicaltrials.gov/study/NCT01560416?tab=history
NCT03345485,original,,,,CURRENT_ONLY_HISTORY_UNAVAILABLE,https://clinicaltrials.gov/study/NCT03345485?tab=history
NCT03345485,pre_recruitment,,,,CURRENT_ONLY_HISTORY_UNAVAILABLE,https://clinicaltrials.gov/study/NCT03345485?tab=history
NCT03345485,pre_primary_completion,,,,CURRENT_ONLY_HISTORY_UNAVAILABLE,https://clinicaltrials.gov/study/NCT03345485?tab=history
NCT03345485,pre_publication,,,,CURRENT_ONLY_HISTORY_UNAVAILABLE,https://clinicaltrials.gov/study/NCT03345485?tab=history
NCT03345485,current,current,,"Number of Participants With Treatment-related Adverse Events as Assessed by CTCAE V4.03 on Phase 1 [Time Frame: From each patient's time of first dose administration to discontinuation of study drug (at any time or D28 of the last treatment cycle), up to 6 months.] | Clinical Benefit Response Rate in Selected Solid Tumor Cohorts on Phase 2 [Time Frame: From start treatment and assessed after every 2 cycles until determination of stable disease and follow up for up to 84 days.] | Highest Change From Baseline in QTcF in Sub-studies [Time Frame: From cycle 1 and at every cycle on treatment days D1 and D15, assessed pre-dose and post-start of infusion at 30 and 80mins (Substudy 2 - up to 6 months) and 30, 60, 90, 120 and 180mins (substudy 1 - up to 6 months).]",CURRENT_ONLY_HISTORY_UNAVAILABLE,https://clinicaltrials.gov/study/NCT03345485?tab=history
NCT03839823,original,,,,CURRENT_ONLY_HISTORY_UNAVAILABLE,https://clinicaltrials.gov/study/NCT03839823?tab=history
NCT03839823,pre_recruitment,,,,CURRENT_ONLY_HISTORY_UNAVAILABLE,https://clinicaltrials.gov/study/NCT03839823?tab=history
NCT03839823,pre_primary_completion,,,,CURRENT_ONLY_HISTORY_UNAVAILABLE,https://clinicaltrials.gov/study/NCT03839823?tab=history
NCT03839823,pre_publication,,,,CURRENT_ONLY_HISTORY_UNAVAILABLE,https://clinicaltrials.gov/study/NCT03839823?tab=history
NCT03839823,current,current,,Progression-free Survival [Time Frame: Up to approximately 34 months],CURRENT_ONLY_HISTORY_UNAVAILABLE,https://clinicaltrials.gov/study/NCT03839823?tab=history
NCT00785291,original,,,,CURRENT_ONLY_HISTORY_UNAVAILABLE,https://clinicaltrials.gov/study/NCT00785291?tab=history
NCT00785291,pre_recruitment,,,,CURRENT_ONLY_HISTORY_UNAVAILABLE,https://clinicaltrials.gov/study/NCT00785291?tab=history
NCT00785291,pre_primary_completion,,,,CURRENT_ONLY_HISTORY_UNAVAILABLE,https://clinicaltrials.gov/study/NCT00785291?tab=history
NCT00785291,pre_publication,,,,CURRENT_ONLY_HISTORY_UNAVAILABLE,https://clinicaltrials.gov/study/NCT00785291?tab=history
NCT00785291,current,current,,"Progression Free Survival [Time Frame: Time from randomization to progression or death due to any cause, whichever occurs first (up to 5 years)]",CURRENT_ONLY_HISTORY_UNAVAILABLE,https://clinicaltrials.gov/study/NCT00785291?tab=history
NCT02993159,original,,,,CURRENT_ONLY_HISTORY_UNAVAILABLE,https://clinicaltrials.gov/study/NCT02993159?tab=history
NCT02993159,pre_recruitment,,,,CURRENT_ONLY_HISTORY_UNAVAILABLE,https://clinicaltrials.gov/study/NCT02993159?tab=history
NCT02993159,pre_primary_completion,,,,CURRENT_ONLY_HISTORY_UNAVAILABLE,https://clinicaltrials.gov/study/NCT02993159?tab=history
NCT02993159,pre_publication,,,,CURRENT_ONLY_HISTORY_UNAVAILABLE,https://clinicaltrials.gov/study/NCT02993159?tab=history
NCT02993159,current,current,,Change in Ki-67 Labeling Index [Time Frame: baseline to up to 10 weeks],CURRENT_ONLY_HISTORY_UNAVAILABLE,https://clinicaltrials.gov/study/NCT02993159?tab=history
NCT02308020,original,,,,CURRENT_ONLY_HISTORY_UNAVAILABLE,https://clinicaltrials.gov/study/NCT02308020?tab=history
NCT02308020,pre_recruitment,,,,CURRENT_ONLY_HISTORY_UNAVAILABLE,https://clinicaltrials.gov/study/NCT02308020?tab=history
NCT02308020,pre_primary_completion,,,,CURRENT_ONLY_HISTORY_UNAVAILABLE,https://clinicaltrials.gov/study/NCT02308020?tab=history
NCT02308020,pre_publication,,,,CURRENT_ONLY_HISTORY_UNAVAILABLE,https://clinicaltrials.gov/study/NCT02308020?tab=history
NCT02308020,current,current,,Percentage of Participants Achieving Complete Response (CR) or Partial Response (PR): Objective Intracranial Response Rate (OIRR) [Time Frame: Baseline to Objective Disease Progression (Up to 36 Months)],CURRENT_ONLY_HISTORY_UNAVAILABLE,https://clinicaltrials.gov/study/NCT02308020?tab=history
NCT00915603,original,,,,CURRENT_ONLY_HISTORY_UNAVAILABLE,https://clinicaltrials.gov/study/NCT00915603?tab=history
NCT00915603,pre_recruitment,,,,CURRENT_ONLY_HISTORY_UNAVAILABLE,https://clinicaltrials.gov/study/NCT00915603?tab=history
NCT00915603,pre_primary_completion,,,,CURRENT_ONLY_HISTORY_UNAVAILABLE,https://clinicaltrials.gov/study/NCT00915603?tab=history
NCT00915603,pre_publication,,,,CURRENT_ONLY_HISTORY_UNAVAILABLE,https://clinicaltrials.gov/study/NCT00915603?tab=history
NCT00915603,current,current,,"Progression-Free Survival (PFS) [Time Frame: every 8 weeks until progressive disease, expected average of 18 months]",CURRENT_ONLY_HISTORY_UNAVAILABLE,https://clinicaltrials.gov/study/NCT00915603?tab=history
NCT00490646,original,,,,CURRENT_ONLY_HISTORY_UNAVAILABLE,https://clinicaltrials.gov/study/NCT00490646?tab=history
NCT00490646,pre_recruitment,,,,CURRENT_ONLY_HISTORY_UNAVAILABLE,https://clinicaltrials.gov/study/NCT00490646?tab=history
NCT00490646,pre_primary_completion,,,,CURRENT_ONLY_HISTORY_UNAVAILABLE,https://clinicaltrials.gov/study/NCT00490646?tab=history
NCT00490646,pre_publication,,,,CURRENT_ONLY_HISTORY_UNAVAILABLE,https://clinicaltrials.gov/study/NCT00490646?tab=history
NCT00490646,current,current,,Percentage of Participants With Objective Response (OR; Assessed by Response Evaluation Criteria in Solid Tumors [RECIST] Version 1.1) [Time Frame: Assessed every 6 weeks from initiation of study therapy up to 12 months; then every 3 months until disease progression (maximum time that any participant was on therapy was 108 weeks)] | Number of Participants With Best Overall Response (BOR) as Assessed by Response Evaluation Criteria in Solid Tumors (RECIST) Version 1.1 [Time Frame: Assessed every 6 weeks from initiation of study therapy up to 12 months; then every 3 months until disease progression (maximum time that any participant was on therapy was 108 weeks).],CURRENT_ONLY_HISTORY_UNAVAILABLE,https://clinicaltrials.gov/study/NCT00490646?tab=history
NCT02600923,original,,,,CURRENT_ONLY_HISTORY_UNAVAILABLE,https://clinicaltrials.gov/study/NCT02600923?tab=history
NCT02600923,pre_recruitment,,,,CURRENT_ONLY_HISTORY_UNAVAILABLE,https://clinicaltrials.gov/study/NCT02600923?tab=history
NCT02600923,pre_primary_completion,,,,CURRENT_ONLY_HISTORY_UNAVAILABLE,https://clinicaltrials.gov/study/NCT02600923?tab=history
NCT02600923,pre_publication,,,,CURRENT_ONLY_HISTORY_UNAVAILABLE,https://clinicaltrials.gov/study/NCT02600923?tab=history
NCT02600923,current,current,,Number of Participants With All-causality Treatment-emergent Adverse Events (TEAEs) [Time Frame: 3 years] | Number of Participants With Palbociclib-related TEAEs [Time Frame: 3 years] | Number of Participants With Serious Adverse Events (SAEs) [Time Frame: 3 years],CURRENT_ONLY_HISTORY_UNAVAILABLE,https://clinicaltrials.gov/study/NCT02600923?tab=history
NCT00130533,original,,,,CURRENT_ONLY_HISTORY_UNAVAILABLE,https://clinicaltrials.gov/study/NCT00130533?tab=history
NCT00130533,pre_recruitment,,,,CURRENT_ONLY_HISTORY_UNAVAILABLE,https://clinicaltrials.gov/study/NCT00130533?tab=history
NCT00130533,pre_primary_completion,,,,CURRENT_ONLY_HISTORY_UNAVAILABLE,https://clinicaltrials.gov/study/NCT00130533?tab=history
NCT00130533,pre_publication,,,,CURRENT_ONLY_HISTORY_UNAVAILABLE,https://clinicaltrials.gov/study/NCT00130533?tab=history
NCT00130533,current,current,,Disease Free Survival (DFS) Events [Time Frame: 5 years],CURRENT_ONLY_HISTORY_UNAVAILABLE,https://clinicaltrials.gov/study/NCT00130533?tab=history
NCT00509587,original,,,,CURRENT_ONLY_HISTORY_UNAVAILABLE,https://clinicaltrials.gov/study/NCT00509587?tab=history
NCT00509587,pre_recruitment,,,,CURRENT_ONLY_HISTORY_UNAVAILABLE,https://clinicaltrials.gov/study/NCT00509587?tab=history
NCT00509587,pre_primary_completion,,,,CURRENT_ONLY_HISTORY_UNAVAILABLE,https://clinicaltrials.gov/study/NCT00509587?tab=history
NCT00509587,pre_publication,,,,CURRENT_ONLY_HISTORY_UNAVAILABLE,https://clinicaltrials.gov/study/NCT00509587?tab=history
NCT00509587,current,current,,Number of Participants With Partial and Complete Response. [Time Frame: Up to 3 years],CURRENT_ONLY_HISTORY_UNAVAILABLE,https://clinicaltrials.gov/study/NCT00509587?tab=history
NCT01982448,original,,,,CURRENT_ONLY_HISTORY_UNAVAILABLE,https://clinicaltrials.gov/study/NCT01982448?tab=history
NCT01982448,pre_recruitment,,,,CURRENT_ONLY_HISTORY_UNAVAILABLE,https://clinicaltrials.gov/study/NCT01982448?tab=history
NCT01982448,pre_primary_completion,,,,CURRENT_ONLY_HISTORY_UNAVAILABLE,https://clinicaltrials.gov/study/NCT01982448?tab=history
NCT01982448,pre_publication,,,,CURRENT_ONLY_HISTORY_UNAVAILABLE,https://clinicaltrials.gov/study/NCT01982448?tab=history
NCT01982448,current,current,,"Number of Participants With Pathologic Response by HR-deficiency (HRD) Status [Time Frame: Evaluated after definitive breast surgery, up to 4-5 months from enrollment.]",CURRENT_ONLY_HISTORY_UNAVAILABLE,https://clinicaltrials.gov/study/NCT01982448?tab=history
NCT02595905,original,,,,CURRENT_ONLY_HISTORY_UNAVAILABLE,https://clinicaltrials.gov/study/NCT02595905?tab=history
NCT02595905,pre_recruitment,,,,CURRENT_ONLY_HISTORY_UNAVAILABLE,https://clinicaltrials.gov/study/NCT02595905?tab=history
NCT02595905,pre_primary_completion,,,,CURRENT_ONLY_HISTORY_UNAVAILABLE,https://clinicaltrials.gov/study/NCT02595905?tab=history
NCT02595905,pre_publication,,,,CURRENT_ONLY_HISTORY_UNAVAILABLE,https://clinicaltrials.gov/study/NCT02595905?tab=history
NCT02595905,current,current,,"Progression-free Survival (PFS) [Time Frame: Time from registration (randomization) to progression or death due to any cause, assessed up to 5 years]",CURRENT_ONLY_HISTORY_UNAVAILABLE,https://clinicaltrials.gov/study/NCT02595905?tab=history
NCT00066573,original,,,,CURRENT_ONLY_HISTORY_UNAVAILABLE,https://clinicaltrials.gov/study/NCT00066573?tab=history
NCT00066573,pre_recruitment,,,,CURRENT_ONLY_HISTORY_UNAVAILABLE,https://clinicaltrials.gov/study/NCT00066573?tab=history
NCT00066573,pre_primary_completion,,,,CURRENT_ONLY_HISTORY_UNAVAILABLE,https://clinicaltrials.gov/study/NCT00066573?tab=history
NCT00066573,pre_publication,,,,CURRENT_ONLY_HISTORY_UNAVAILABLE,https://clinicaltrials.gov/study/NCT00066573?tab=history
NCT00066573,current,current,,Event-free Survival [Time Frame: 5 years],CURRENT_ONLY_HISTORY_UNAVAILABLE,https://clinicaltrials.gov/study/NCT00066573?tab=history
NCT02273973,original,,,,CURRENT_ONLY_HISTORY_UNAVAILABLE,https://clinicaltrials.gov/study/NCT02273973?tab=history
NCT02273973,pre_recruitment,,,,CURRENT_ONLY_HISTORY_UNAVAILABLE,https://clinicaltrials.gov/study/NCT02273973?tab=history
NCT02273973,pre_primary_completion,,,,CURRENT_ONLY_HISTORY_UNAVAILABLE,https://clinicaltrials.gov/study/NCT02273973?tab=history
NCT02273973,pre_publication,,,,CURRENT_ONLY_HISTORY_UNAVAILABLE,https://clinicaltrials.gov/study/NCT02273973?tab=history
NCT02273973,current,current,,"Percentage of Participants With Objective Response (OR) by Centrally Assessed Breast Magnetic Resonance Imaging (MRI) Via Modified Response Evaluation Criteria in Solid Tumors (mRECIST) Version 1.1 [Time Frame: From Baseline to 16 weeks] | Percentage of Participants With Total Pathologic Complete Response (Total pCR), Defined as Having pCR in Both Breast and Axilla, Using American Joint Committee on Cancer (AJCC) Staging System [Time Frame: From Baseline to 16 weeks] | Percentage of Participants With OR by Centrally Assessed Breast MRI Via mRECIST Version 1.1 in Phosphatidylinositol-4,5-Bisphosphate 3-Kinase, Catalytic Subunit Alpha (PIK3CA) Mutant (MT) Participants [Time Frame: From Baseline to 16 weeks] | Percentage of Participants With Total pCR , Defined as Having pCR in Both Breast and Axilla, Using AJCC Staging System in PIK3CA MT Participants [Time Frame: From Baseline to 16 weeks]",CURRENT_ONLY_HISTORY_UNAVAILABLE,https://clinicaltrials.gov/study/NCT02273973?tab=history
NCT02129556,original,,,,CURRENT_ONLY_HISTORY_UNAVAILABLE,https://clinicaltrials.gov/study/NCT02129556?tab=history
NCT02129556,pre_recruitment,,,,CURRENT_ONLY_HISTORY_UNAVAILABLE,https://clinicaltrials.gov/study/NCT02129556?tab=history
NCT02129556,pre_primary_completion,,,,CURRENT_ONLY_HISTORY_UNAVAILABLE,https://clinicaltrials.gov/study/NCT02129556?tab=history
NCT02129556,pre_publication,,,,CURRENT_ONLY_HISTORY_UNAVAILABLE,https://clinicaltrials.gov/study/NCT02129556?tab=history
NCT02129556,current,current,,"Dose-Limiting Toxicity (DLT) of MK-3475 in Combination With Trastuzumab [Time Frame: Within the first 21 days] | Objective Response Rate (ORR) [Time Frame: Clinical and radiological tumor assessment will be performed by CT scan or MRI at baseline, at weeks 12, 18 and 24, then every 12 weeks until progression, or 24 weeks after stop of treatment if before progression.]",CURRENT_ONLY_HISTORY_UNAVAILABLE,https://clinicaltrials.gov/study/NCT02129556?tab=history
NCT02536742,original,,,,CURRENT_ONLY_HISTORY_UNAVAILABLE,https://clinicaltrials.gov/study/NCT02536742?tab=history
NCT02536742,pre_recruitment,,,,CURRENT_ONLY_HISTORY_UNAVAILABLE,https://clinicaltrials.gov/study/NCT02536742?tab=history
NCT02536742,pre_primary_completion,,,,CURRENT_ONLY_HISTORY_UNAVAILABLE,https://clinicaltrials.gov/study/NCT02536742?tab=history
NCT02536742,pre_publication,,,,CURRENT_ONLY_HISTORY_UNAVAILABLE,https://clinicaltrials.gov/study/NCT02536742?tab=history
NCT02536742,current,current,,Number of Participants With and Without Progression Free Survival (PFS) Events [Time Frame: Maximum 36 months],CURRENT_ONLY_HISTORY_UNAVAILABLE,https://clinicaltrials.gov/study/NCT02536742?tab=history
NCT04109066,original,,,,CURRENT_ONLY_HISTORY_UNAVAILABLE,https://clinicaltrials.gov/study/NCT04109066?tab=history
NCT04109066,pre_recruitment,,,,CURRENT_ONLY_HISTORY_UNAVAILABLE,https://clinicaltrials.gov/study/NCT04109066?tab=history
NCT04109066,pre_primary_completion,,,,CURRENT_ONLY_HISTORY_UNAVAILABLE,https://clinicaltrials.gov/study/NCT04109066?tab=history
NCT04109066,pre_publication,,,,CURRENT_ONLY_HISTORY_UNAVAILABLE,https://clinicaltrials.gov/study/NCT04109066?tab=history
NCT04109066,current,current,,Pathological Complete Response (pCR) Rate [Time Frame: Up to approximately 37 months],CURRENT_ONLY_HISTORY_UNAVAILABLE,https://clinicaltrials.gov/study/NCT04109066?tab=history
NCT01904903,original,,,,CURRENT_ONLY_HISTORY_UNAVAILABLE,https://clinicaltrials.gov/study/NCT01904903?tab=history
NCT01904903,pre_recruitment,,,,CURRENT_ONLY_HISTORY_UNAVAILABLE,https://clinicaltrials.gov/study/NCT01904903?tab=history
NCT01904903,pre_primary_completion,,,,CURRENT_ONLY_HISTORY_UNAVAILABLE,https://clinicaltrials.gov/study/NCT01904903?tab=history
NCT01904903,pre_publication,,,,CURRENT_ONLY_HISTORY_UNAVAILABLE,https://clinicaltrials.gov/study/NCT01904903?tab=history
NCT01904903,current,current,,Percentage of Patients Who Complete Planned Oncologic Therapy Without the Development of a Cardiac Event or Asymptomatic Worsening of Cardiac Function. [Time Frame: Up to 18 months.],CURRENT_ONLY_HISTORY_UNAVAILABLE,https://clinicaltrials.gov/study/NCT01904903?tab=history
NCT02834403,original,,,,CURRENT_ONLY_HISTORY_UNAVAILABLE,https://clinicaltrials.gov/study/NCT02834403?tab=history
NCT02834403,pre_recruitment,,,,CURRENT_ONLY_HISTORY_UNAVAILABLE,https://clinicaltrials.gov/study/NCT02834403?tab=history
NCT02834403,pre_primary_completion,,,,CURRENT_ONLY_HISTORY_UNAVAILABLE,https://clinicaltrials.gov/study/NCT02834403?tab=history
NCT02834403,pre_publication,,,,CURRENT_ONLY_HISTORY_UNAVAILABLE,https://clinicaltrials.gov/study/NCT02834403?tab=history
NCT02834403,current,current,,"Asses the Maximum Tolerated Dose (MTD) of L-NMMA When Combined With Docetaxel/Amlodipine in the Treatment of Refractory Locally Advanced or Metastatic TNBC Patients, Based on the Number of Dose Limiting Toxicities (DLTs) Per Dose Level. [Time Frame: DLTs assessment window is the duration required for completing one full cycle (through Day 21).] | Clinical Benefit Rate [Time Frame: The approximate length of the study from Cycle 1, Day 1 will be approximately seven months (approximately four months of treatment plus three months of follow-up).] | Asses the Maximum Tolerated Dose (MTD) of Docetaxel When Combined With L-NMMA/Amlodipine in the Treatment of Refractory Locally Advanced or Metastatic TNBC Patients, Based on the Number of Dose Limiting Toxicities (DLTs) Per Dose Level. [Time Frame: DLTs assessment window is the duration required for completing one full cycle (through Day 21).]",CURRENT_ONLY_HISTORY_UNAVAILABLE,https://clinicaltrials.gov/study/NCT02834403?tab=history
NCT01674062,original,,,,CURRENT_ONLY_HISTORY_UNAVAILABLE,https://clinicaltrials.gov/study/NCT01674062?tab=history
NCT01674062,pre_recruitment,,,,CURRENT_ONLY_HISTORY_UNAVAILABLE,https://clinicaltrials.gov/study/NCT01674062?tab=history
NCT01674062,pre_primary_completion,,,,CURRENT_ONLY_HISTORY_UNAVAILABLE,https://clinicaltrials.gov/study/NCT01674062?tab=history
NCT01674062,pre_publication,,,,CURRENT_ONLY_HISTORY_UNAVAILABLE,https://clinicaltrials.gov/study/NCT01674062?tab=history
NCT01674062,current,current,,"Cohorts 1 and 2: Percentage of Participants With a Confirmed Best Overall Response of Complete Response (CR) or Partial Response (PR) According to Response Evaluation Criteria in Solid Tumors (RECIST) Version 1.0 During Dual-Agent Treatment [Time Frame: Up to approximately 9.5 years (at Screening; on Day 15 of Cycles 2, 4, 6, and 8 [cycle length 3 weeks]; then every 3 months until disease progression)] | Cohorts 1 and 2: Percentage of Participants With a Confirmed Best Overall Response of CR, PR, or Stable Disease (SD) According to RECIST Version 1.0 During Dual-Agent Treatment [Time Frame: Up to approximately 9.5 years (at Screening; on Day 15 of Cycles 2, 4, 6, and 8 [cycle length 3 weeks]; then every 3 months until disease progression)]",CURRENT_ONLY_HISTORY_UNAVAILABLE,https://clinicaltrials.gov/study/NCT01674062?tab=history
NCT01855828,original,,,,CURRENT_ONLY_HISTORY_UNAVAILABLE,https://clinicaltrials.gov/study/NCT01855828?tab=history
NCT01855828,pre_recruitment,,,,CURRENT_ONLY_HISTORY_UNAVAILABLE,https://clinicaltrials.gov/study/NCT01855828?tab=history
NCT01855828,pre_primary_completion,,,,CURRENT_ONLY_HISTORY_UNAVAILABLE,https://clinicaltrials.gov/study/NCT01855828?tab=history
NCT01855828,pre_publication,,,,CURRENT_ONLY_HISTORY_UNAVAILABLE,https://clinicaltrials.gov/study/NCT01855828?tab=history
NCT01855828,current,current,,Proportion of Participants With a Pathologic Complete Response Rate [Time Frame: 20 weeks],CURRENT_ONLY_HISTORY_UNAVAILABLE,https://clinicaltrials.gov/study/NCT01855828?tab=history
NCT02807844,original,,,,CURRENT_ONLY_HISTORY_UNAVAILABLE,https://clinicaltrials.gov/study/NCT02807844?tab=history
NCT02807844,pre_recruitment,,,,CURRENT_ONLY_HISTORY_UNAVAILABLE,https://clinicaltrials.gov/study/NCT02807844?tab=history
NCT02807844,pre_primary_completion,,,,CURRENT_ONLY_HISTORY_UNAVAILABLE,https://clinicaltrials.gov/study/NCT02807844?tab=history
NCT02807844,pre_publication,,,,CURRENT_ONLY_HISTORY_UNAVAILABLE,https://clinicaltrials.gov/study/NCT02807844?tab=history
NCT02807844,current,current,,"Phase Ib: Percentage of Participants With Adverse Events, as a Measure of Safety [Time Frame: From start of treatment to a maximum timeframe of 116.4 weeks for phase Ib] | Phase II : Overall Response Rate (ORR) - Per RECIST v1.1 [Time Frame: 4 years] | Phase II : Bayesian Inference of Overall Response Rate (ORR) - Per RECIST v1.1 - Mean [Time Frame: 4 years] | Phase II: Clinical Benefit Rate (Complete Response (CR) or Partial Response (PR) or Stable Disease (SD) > 4 Month)) - Per RECIST v1.1 [Time Frame: 4 years] | Phase II: Bayesian Inference of Clinical Benefit Rate - Per RECIST v1.1- Mean [Time Frame: 4 years] | Phase Ib: Planned Dose Intensity - MCS110 [Time Frame: Measured up to a max of 112.4 weeks] | Phase Ib: Relative Dose Intensity - MCS110 [Time Frame: Measured up to a max of 112.4 weeks] | Phase Ib: Planned Dose Intensity - PDR001 [Time Frame: Measured up to a max of 112.4 weeks] | Phase Ib: Relative Dose Intensity - PDR001 [Time Frame: Measured up to a max of 112.4 weeks] | Phase Ib: Number of Participants With Dose Reductions [Time Frame: Measured up to a max of 112.4 weeks] | Phase Ib: Number of Dose Interruptions Per Participant [Time Frame: Measured up to a max of 112.4 weeks] | Phase Ib: Number of Subjects With at Least One Dose Interruption [Time Frame: Measured up to a max of 112.4 weeks] | Phase Ib: Number of Participants With Dose Limiting Toxicities (DLTs) During the First 2 Cycles of Study Treatment [Time Frame: the first 2 cycles of study treatment; cycle = 21 days (i.e., at day 42)]",CURRENT_ONLY_HISTORY_UNAVAILABLE,https://clinicaltrials.gov/study/NCT02807844?tab=history
NCT01177397,original,,,,CURRENT_ONLY_HISTORY_UNAVAILABLE,https://clinicaltrials.gov/study/NCT01177397?tab=history
NCT01177397,pre_recruitment,,,,CURRENT_ONLY_HISTORY_UNAVAILABLE,https://clinicaltrials.gov/study/NCT01177397?tab=history
NCT01177397,pre_primary_completion,,,,CURRENT_ONLY_HISTORY_UNAVAILABLE,https://clinicaltrials.gov/study/NCT01177397?tab=history
NCT01177397,pre_publication,,,,CURRENT_ONLY_HISTORY_UNAVAILABLE,https://clinicaltrials.gov/study/NCT01177397?tab=history
NCT01177397,current,current,,"Part A: Number of Participants With Dose-limiting Toxicities [Time Frame: From first dose up to 30 days after first dose] | Maximum Observed Plasma Concentration (Cmax) of CC-223 [Time Frame: Cycle 1 Day 1: pre-dose, 0.5, 1, 1.5, 3, 5, 8, 24 and 48 hours post-dose and Day 15: pre-dose, 0.5, 1, 1.5, 3, 5, and 8 hours post-dose] | Time to Maximum Concentration (Tmax) of CC-223 [Time Frame: Cycle 1 Day 1: pre-dose, 0.5, 1, 1.5, 3, 5, 8, 24 and 48 hours post-dose and Day 15: pre-dose, 0.5, 1, 1.5, 3, 5, and 8 hours post-dose] | Area Under the Plasma Concentration-Time Curve From Time 0 to the Last Measurable Concentration (AUCt) for CC-223 [Time Frame: Cycle 1 Day -1: pre-dose, 0.5, 1, 1.5, 3, 5, 8, 24 and 48 hours post-dose and Day 15: pre-dose, 0.5, 1, 1.5, 3, 5, and 8 hours post-dose] | Area Under the Concentration Time-Curve From 0-24 Hours After a Dose (AUC0-24) for CC-223 [Time Frame: 0 to 24 hours post-dose on Day -1 and Day 15] | Area Under the Plasma Concentration-Time Curve From Time 0 Extrapolated to Infinity (AUCinf) For CC-223 [Time Frame: Cycle 1 Day 1: pre-dose, 0.5, 1, 1.5, 3, 5, 8, 24 and 48 hours post-dose and Day 15: pre-dose, 0.5, 1, 1.5, 3, 5, and 8 hours post-dose] | Part A: Terminal Elimination Phase Half-Life (T1/2) of CC-223 [Time Frame: Cycle 1 Day -1: pre-dose, 0.5, 1, 1.5, 3, 5, 8, 24 and 48 hours post-dose] | Apparent Total Body Clearance (CL/F) of CC-223 [Time Frame: Cycle 1 Day 1: pre-dose, 0.5, 1, 1.5, 3, 5, 8, 24 and 48 hours post-dose and Day 15: pre-dose, 0.5, 1, 1.5, 3, 5, and 8 hours post-dose] | Apparent Volume of Distribution (Vz/F) of CC-223 [Time Frame: Cycle 1 Day -1: pre-dose, 0.5, 1, 1.5, 3, 5, 8, 24 and 48 hours post-dose] | Part B: Progression Free Survival (PFS) Rate at 6 Months for GBM Participants [Time Frame: From first dose to 6 months]",CURRENT_ONLY_HISTORY_UNAVAILABLE,https://clinicaltrials.gov/study/NCT01177397?tab=history
NCT04366713,original,,,,CURRENT_ONLY_HISTORY_UNAVAILABLE,https://clinicaltrials.gov/study/NCT04366713?tab=history
NCT04366713,pre_recruitment,,,,CURRENT_ONLY_HISTORY_UNAVAILABLE,https://clinicaltrials.gov/study/NCT04366713?tab=history
NCT04366713,pre_primary_completion,,,,CURRENT_ONLY_HISTORY_UNAVAILABLE,https://clinicaltrials.gov/study/NCT04366713?tab=history
NCT04366713,pre_publication,,,,CURRENT_ONLY_HISTORY_UNAVAILABLE,https://clinicaltrials.gov/study/NCT04366713?tab=history
NCT04366713,current,current,,"Changes in Colon Pathology [Time Frame: From baseline to second colonoscopy, which is 88 days after start of neratinib treatment.]",CURRENT_ONLY_HISTORY_UNAVAILABLE,https://clinicaltrials.gov/study/NCT04366713?tab=history
NCT00331552,original,,,,CURRENT_ONLY_HISTORY_UNAVAILABLE,https://clinicaltrials.gov/study/NCT00331552?tab=history
NCT00331552,pre_recruitment,,,,CURRENT_ONLY_HISTORY_UNAVAILABLE,https://clinicaltrials.gov/study/NCT00331552?tab=history
NCT00331552,pre_primary_completion,,,,CURRENT_ONLY_HISTORY_UNAVAILABLE,https://clinicaltrials.gov/study/NCT00331552?tab=history
NCT00331552,pre_publication,,,,CURRENT_ONLY_HISTORY_UNAVAILABLE,https://clinicaltrials.gov/study/NCT00331552?tab=history
NCT00331552,current,current,,"Maximum Tolerated Dose and Optimal Tolerated Dose of Pegylated Liposomal Doxorubicin Hydrochloride (Doxil) When Given in Combination With Cyclophosphamide (Phase I) [Time Frame: Up to 24 weeks] | Efficacy as Assessed by the Overall Clinical Benefit Rate [Time Frame: 18 months] | Safety as Assessed by Grade 1, 2, 3, 4, Fatal Toxicity, Need for Dose Reduction, Treatment Interruption, or Treatment Discontinuation [Time Frame: Periodically during study treatment, up to 24 weeks]",CURRENT_ONLY_HISTORY_UNAVAILABLE,https://clinicaltrials.gov/study/NCT00331552?tab=history
NCT02066532,original,,,,CURRENT_ONLY_HISTORY_UNAVAILABLE,https://clinicaltrials.gov/study/NCT02066532?tab=history
NCT02066532,pre_recruitment,,,,CURRENT_ONLY_HISTORY_UNAVAILABLE,https://clinicaltrials.gov/study/NCT02066532?tab=history
NCT02066532,pre_primary_completion,,,,CURRENT_ONLY_HISTORY_UNAVAILABLE,https://clinicaltrials.gov/study/NCT02066532?tab=history
NCT02066532,pre_publication,,,,CURRENT_ONLY_HISTORY_UNAVAILABLE,https://clinicaltrials.gov/study/NCT02066532?tab=history
NCT02066532,current,current,,Maximum Tolerated Dose of Ruxolitinib in Combination With Trastuzumab (Phase I) [Time Frame: Up to 15 weeks] | Progression Free Survival (PFS) (Phase II) [Time Frame: Up to 24 weeks],CURRENT_ONLY_HISTORY_UNAVAILABLE,https://clinicaltrials.gov/study/NCT02066532?tab=history
NCT00634634,original,,,,CURRENT_ONLY_HISTORY_UNAVAILABLE,https://clinicaltrials.gov/study/NCT00634634?tab=history
NCT00634634,pre_recruitment,,,,CURRENT_ONLY_HISTORY_UNAVAILABLE,https://clinicaltrials.gov/study/NCT00634634?tab=history
NCT00634634,pre_primary_completion,,,,CURRENT_ONLY_HISTORY_UNAVAILABLE,https://clinicaltrials.gov/study/NCT00634634?tab=history
NCT00634634,pre_publication,,,,CURRENT_ONLY_HISTORY_UNAVAILABLE,https://clinicaltrials.gov/study/NCT00634634?tab=history
NCT00634634,current,current,,Sorafenib in Combination With Fixed Dose of of 2.5mg of Letrozole Maximum Tolerated Dose (MTD) [Time Frame: twenty eight days],CURRENT_ONLY_HISTORY_UNAVAILABLE,https://clinicaltrials.gov/study/NCT00634634?tab=history
NCT04032080,original,,,,CURRENT_ONLY_HISTORY_UNAVAILABLE,https://clinicaltrials.gov/study/NCT04032080?tab=history
NCT04032080,pre_recruitment,,,,CURRENT_ONLY_HISTORY_UNAVAILABLE,https://clinicaltrials.gov/study/NCT04032080?tab=history
NCT04032080,pre_primary_completion,,,,CURRENT_ONLY_HISTORY_UNAVAILABLE,https://clinicaltrials.gov/study/NCT04032080?tab=history
NCT04032080,pre_publication,,,,CURRENT_ONLY_HISTORY_UNAVAILABLE,https://clinicaltrials.gov/study/NCT04032080?tab=history
NCT04032080,current,current,,"Efficacy (Objective Response Rate) [Time Frame: Through study completion, approximately 2 years and 8 months]",CURRENT_ONLY_HISTORY_UNAVAILABLE,https://clinicaltrials.gov/study/NCT04032080?tab=history
NCT03755141,original,,,,CURRENT_ONLY_HISTORY_UNAVAILABLE,https://clinicaltrials.gov/study/NCT03755141?tab=history
NCT03755141,pre_recruitment,,,,CURRENT_ONLY_HISTORY_UNAVAILABLE,https://clinicaltrials.gov/study/NCT03755141?tab=history
NCT03755141,pre_primary_completion,,,,CURRENT_ONLY_HISTORY_UNAVAILABLE,https://clinicaltrials.gov/study/NCT03755141?tab=history
NCT03755141,pre_publication,,,,CURRENT_ONLY_HISTORY_UNAVAILABLE,https://clinicaltrials.gov/study/NCT03755141?tab=history
NCT03755141,current,current,,Progression Free Survival [Time Frame: 6 months after last patient enrollment],CURRENT_ONLY_HISTORY_UNAVAILABLE,https://clinicaltrials.gov/study/NCT03755141?tab=history
NCT00684983,original,,,,CURRENT_ONLY_HISTORY_UNAVAILABLE,https://clinicaltrials.gov/study/NCT00684983?tab=history
NCT00684983,pre_recruitment,,,,CURRENT_ONLY_HISTORY_UNAVAILABLE,https://clinicaltrials.gov/study/NCT00684983?tab=history
NCT00684983,pre_primary_completion,,,,CURRENT_ONLY_HISTORY_UNAVAILABLE,https://clinicaltrials.gov/study/NCT00684983?tab=history
NCT00684983,pre_publication,,,,CURRENT_ONLY_HISTORY_UNAVAILABLE,https://clinicaltrials.gov/study/NCT00684983?tab=history
NCT00684983,current,current,,"Progression-free Survival (PFS) [Time Frame: From randomization to the earliest date of documentation of disease progression, up to 5 years]",CURRENT_ONLY_HISTORY_UNAVAILABLE,https://clinicaltrials.gov/study/NCT00684983?tab=history
NCT00542451,original,,,,CURRENT_ONLY_HISTORY_UNAVAILABLE,https://clinicaltrials.gov/study/NCT00542451?tab=history
NCT00542451,pre_recruitment,,,,CURRENT_ONLY_HISTORY_UNAVAILABLE,https://clinicaltrials.gov/study/NCT00542451?tab=history
NCT00542451,pre_primary_completion,,,,CURRENT_ONLY_HISTORY_UNAVAILABLE,https://clinicaltrials.gov/study/NCT00542451?tab=history
NCT00542451,pre_publication,,,,CURRENT_ONLY_HISTORY_UNAVAILABLE,https://clinicaltrials.gov/study/NCT00542451?tab=history
NCT00542451,current,current,,3-year Disease Free Survival (DFS) Rate [Time Frame: at 3 years],CURRENT_ONLY_HISTORY_UNAVAILABLE,https://clinicaltrials.gov/study/NCT00542451?tab=history
NCT02301988,original,,,,CURRENT_ONLY_HISTORY_UNAVAILABLE,https://clinicaltrials.gov/study/NCT02301988?tab=history
NCT02301988,pre_recruitment,,,,CURRENT_ONLY_HISTORY_UNAVAILABLE,https://clinicaltrials.gov/study/NCT02301988?tab=history
NCT02301988,pre_primary_completion,,,,CURRENT_ONLY_HISTORY_UNAVAILABLE,https://clinicaltrials.gov/study/NCT02301988?tab=history
NCT02301988,pre_publication,,,,CURRENT_ONLY_HISTORY_UNAVAILABLE,https://clinicaltrials.gov/study/NCT02301988?tab=history
NCT02301988,current,current,,Percentage of Participants With Pathological Complete Response (pCR) in Breast and Axilla as Defined by ypT0/Tis ypN0 in the American Joint Committee on Cancer Staging System (in All Participants) [Time Frame: Surgery visit (at approximately Weeks 14 to 19)] | Percentage of Participants With pCR in Breast and Axilla as Defined by ypT0/Tis ypN0 in the American Joint Committee on Cancer Staging System (in Participants Who Have Phosphatase and Tensin Homolog [PTEN]-Low Tumors) [Time Frame: Surgery visit (at approximately Weeks 14 to 19)],CURRENT_ONLY_HISTORY_UNAVAILABLE,https://clinicaltrials.gov/study/NCT02301988?tab=history
NCT01827163,original,,,,CURRENT_ONLY_HISTORY_UNAVAILABLE,https://clinicaltrials.gov/study/NCT01827163?tab=history
NCT01827163,pre_recruitment,,,,CURRENT_ONLY_HISTORY_UNAVAILABLE,https://clinicaltrials.gov/study/NCT01827163?tab=history
NCT01827163,pre_primary_completion,,,,CURRENT_ONLY_HISTORY_UNAVAILABLE,https://clinicaltrials.gov/study/NCT01827163?tab=history
NCT01827163,pre_publication,,,,CURRENT_ONLY_HISTORY_UNAVAILABLE,https://clinicaltrials.gov/study/NCT01827163?tab=history
NCT01827163,current,current,,"Number of Participants Who Are Able to Complete THL (Paclitaxel, Trastuzumab, and Lapatinib) Without a Dose Delay or Reduction, Grade 3 or Greater QTc Prolongation [Time Frame: 1 year]",CURRENT_ONLY_HISTORY_UNAVAILABLE,https://clinicaltrials.gov/study/NCT01827163?tab=history
NCT04494958,original,,,,CURRENT_ONLY_HISTORY_UNAVAILABLE,https://clinicaltrials.gov/study/NCT04494958?tab=history
NCT04494958,pre_recruitment,,,,CURRENT_ONLY_HISTORY_UNAVAILABLE,https://clinicaltrials.gov/study/NCT04494958?tab=history
NCT04494958,pre_primary_completion,,,,CURRENT_ONLY_HISTORY_UNAVAILABLE,https://clinicaltrials.gov/study/NCT04494958?tab=history
NCT04494958,pre_publication,,,,CURRENT_ONLY_HISTORY_UNAVAILABLE,https://clinicaltrials.gov/study/NCT04494958?tab=history
NCT04494958,current,current,,3 Months Progression Free Survival. Probability That the Cancer Has Not Progressed at 3 Months Calculated With Kaplan Meier. [Time Frame: 3 months],CURRENT_ONLY_HISTORY_UNAVAILABLE,https://clinicaltrials.gov/study/NCT04494958?tab=history
NCT00256698,original,,,,CURRENT_ONLY_HISTORY_UNAVAILABLE,https://clinicaltrials.gov/study/NCT00256698?tab=history
NCT00256698,pre_recruitment,,,,CURRENT_ONLY_HISTORY_UNAVAILABLE,https://clinicaltrials.gov/study/NCT00256698?tab=history
NCT00256698,pre_primary_completion,,,,CURRENT_ONLY_HISTORY_UNAVAILABLE,https://clinicaltrials.gov/study/NCT00256698?tab=history
NCT00256698,pre_publication,,,,CURRENT_ONLY_HISTORY_UNAVAILABLE,https://clinicaltrials.gov/study/NCT00256698?tab=history
NCT00256698,current,current,,Time to Progression (TTP) [Time Frame: RECIST assessments carried out every 8 weeks from randomisation until data cut-off on 30th April 2009],CURRENT_ONLY_HISTORY_UNAVAILABLE,https://clinicaltrials.gov/study/NCT00256698?tab=history
NCT01671319,original,,,,CURRENT_ONLY_HISTORY_UNAVAILABLE,https://clinicaltrials.gov/study/NCT01671319?tab=history
NCT01671319,pre_recruitment,,,,CURRENT_ONLY_HISTORY_UNAVAILABLE,https://clinicaltrials.gov/study/NCT01671319?tab=history
NCT01671319,pre_primary_completion,,,,CURRENT_ONLY_HISTORY_UNAVAILABLE,https://clinicaltrials.gov/study/NCT01671319?tab=history
NCT01671319,pre_publication,,,,CURRENT_ONLY_HISTORY_UNAVAILABLE,https://clinicaltrials.gov/study/NCT01671319?tab=history
NCT01671319,current,current,,"Feasibility for Dose-dense TC Therapy: Number of Participants Receiving at Least 90% of Total Dose of Therapy [Time Frame: 4 cycles each 2 weeks in length for a total of 8 weeks, up to 10 weeks]",CURRENT_ONLY_HISTORY_UNAVAILABLE,https://clinicaltrials.gov/study/NCT01671319?tab=history
NCT03048942,original,,,,CURRENT_ONLY_HISTORY_UNAVAILABLE,https://clinicaltrials.gov/study/NCT03048942?tab=history
NCT03048942,pre_recruitment,,,,CURRENT_ONLY_HISTORY_UNAVAILABLE,https://clinicaltrials.gov/study/NCT03048942?tab=history
NCT03048942,pre_primary_completion,,,,CURRENT_ONLY_HISTORY_UNAVAILABLE,https://clinicaltrials.gov/study/NCT03048942?tab=history
NCT03048942,pre_publication,,,,CURRENT_ONLY_HISTORY_UNAVAILABLE,https://clinicaltrials.gov/study/NCT03048942?tab=history
NCT03048942,current,current,,"Progression Free Survival [Time Frame: Defined as the time from randomisation to either disease progression or death from any cause, whichever came first, assessed up to 5 years.]",CURRENT_ONLY_HISTORY_UNAVAILABLE,https://clinicaltrials.gov/study/NCT03048942?tab=history
NCT00659373,original,,,,CURRENT_ONLY_HISTORY_UNAVAILABLE,https://clinicaltrials.gov/study/NCT00659373?tab=history
NCT00659373,pre_recruitment,,,,CURRENT_ONLY_HISTORY_UNAVAILABLE,https://clinicaltrials.gov/study/NCT00659373?tab=history
NCT00659373,pre_primary_completion,,,,CURRENT_ONLY_HISTORY_UNAVAILABLE,https://clinicaltrials.gov/study/NCT00659373?tab=history
NCT00659373,pre_publication,,,,CURRENT_ONLY_HISTORY_UNAVAILABLE,https://clinicaltrials.gov/study/NCT00659373?tab=history
NCT00659373,current,current,,Change in Cognitive Function Over 1 Year in Premenopausal Breast Cancer Patients Who Receive Adjuvant Tamoxifen (T) Alone Against Those Receive Adjuvant Tamoxifen (T+OFS) or Exemestane (E+OFS) With Ovarian Function Suppression (OFS) [Time Frame: 1 year after patient randomization to parent IBCSG 24-02 study],CURRENT_ONLY_HISTORY_UNAVAILABLE,https://clinicaltrials.gov/study/NCT00659373?tab=history
NCT03125902,original,,,,CURRENT_ONLY_HISTORY_UNAVAILABLE,https://clinicaltrials.gov/study/NCT03125902?tab=history
NCT03125902,pre_recruitment,,,,CURRENT_ONLY_HISTORY_UNAVAILABLE,https://clinicaltrials.gov/study/NCT03125902?tab=history
NCT03125902,pre_primary_completion,,,,CURRENT_ONLY_HISTORY_UNAVAILABLE,https://clinicaltrials.gov/study/NCT03125902?tab=history
NCT03125902,pre_publication,,,,CURRENT_ONLY_HISTORY_UNAVAILABLE,https://clinicaltrials.gov/study/NCT03125902?tab=history
NCT03125902,current,current,,"Progression-Free Survival (PFS) Assessed Using Response Evaluation Criteria in Solid Tumors Version 1.1 (RECIST v1.1) in the Subpopulation With Programmed Death-Ligand 1 (PD-L1)-Positive Tumour Status [Time Frame: From Day 1 to disease progression (PD) or death from any cause, assessed up to primary completion date (approximately 26 months)] | Progression-Free Survival (PFS) Assessed Using Response Evaluation Criteria in Solid Tumors Version 1.1 (RECIST v1.1) in the Intent-to-Treat (ITT) Population [Time Frame: From Day 1 to disease progression (PD) or death from any cause, assessed up to primary completion date (approximately 26 months)]",CURRENT_ONLY_HISTORY_UNAVAILABLE,https://clinicaltrials.gov/study/NCT03125902?tab=history
NCT00820222,original,,,,CURRENT_ONLY_HISTORY_UNAVAILABLE,https://clinicaltrials.gov/study/NCT00820222?tab=history
NCT00820222,pre_recruitment,,,,CURRENT_ONLY_HISTORY_UNAVAILABLE,https://clinicaltrials.gov/study/NCT00820222?tab=history
NCT00820222,pre_primary_completion,,,,CURRENT_ONLY_HISTORY_UNAVAILABLE,https://clinicaltrials.gov/study/NCT00820222?tab=history
NCT00820222,pre_publication,,,,CURRENT_ONLY_HISTORY_UNAVAILABLE,https://clinicaltrials.gov/study/NCT00820222?tab=history
NCT00820222,current,current,,"Number of Participants With Central Nervous System (CNS) Metastases (as Assessed by Independent Review) as the Site of First Relapse [Time Frame: From randomization until disease progression, death, or discontinuation from the study (average of 10 months). Cut-off 11-Jun-2012]",CURRENT_ONLY_HISTORY_UNAVAILABLE,https://clinicaltrials.gov/study/NCT00820222?tab=history
NCT00045032,original,,,,CURRENT_ONLY_HISTORY_UNAVAILABLE,https://clinicaltrials.gov/study/NCT00045032?tab=history
NCT00045032,pre_recruitment,,,,CURRENT_ONLY_HISTORY_UNAVAILABLE,https://clinicaltrials.gov/study/NCT00045032?tab=history
NCT00045032,pre_primary_completion,,,,CURRENT_ONLY_HISTORY_UNAVAILABLE,https://clinicaltrials.gov/study/NCT00045032?tab=history
NCT00045032,pre_publication,,,,CURRENT_ONLY_HISTORY_UNAVAILABLE,https://clinicaltrials.gov/study/NCT00045032?tab=history
NCT00045032,current,current,,Percentage of Participants With Disease-Free Survival (DFS) Events in Herceptin 1-Year Arm Compared to Observation: 1-Year Median Follow-Up [Time Frame: From Baseline until time of event (median of 1 year)] | Percentage of Participants With DFS Events in Herceptin 2-Year Arm Compared to Observation: 1-Year Median Follow-Up [Time Frame: From Baseline until time of event (median of 1 year)] | DFS Rate According to Kaplan-Meier Analysis in Herceptin 1-Year Arm Compared to Observation: 1-Year Median Follow-Up [Time Frame: Year 2] | DFS Rate According to Kaplan-Meier Analysis in Herceptin 2-Year Arm Compared to Observation: 1-Year Median Follow-Up [Time Frame: Year 2] | Percentage of Participants With DFS Events Compared to Observation: 8-Year Median Follow-Up [Time Frame: From Baseline until time of event (median of 8 years)] | DFS Rate at Year 3 According to Kaplan-Meier Analysis Compared to Observation: 8-Year Median Follow-Up [Time Frame: Year 3] | DFS Rate at Year 5 According to Kaplan-Meier Analysis Compared to Observation: 8-Year Median Follow-Up [Time Frame: Year 5] | DFS Rate at Year 7 According to Kaplan-Meier Analysis Compared to Observation: 8-Year Median Follow-Up [Time Frame: Year 7] | DFS Rate at Year 8 According to Kaplan-Meier Analysis Compared to Observation: 8-Year Median Follow-Up [Time Frame: Year 8] | Percentage of Participants With DFS Events Compared to Observation: 10-Year Maximum Follow-Up [Time Frame: From Baseline until time of event (maximum of 10 years)] | DFS Rate at Year 3 According to Kaplan-Meier Analysis Compared to Observation: 10-Year Maximum Follow-Up [Time Frame: Year 3] | DFS Rate at Year 5 According to Kaplan-Meier Analysis Compared to Observation: 10-Year Maximum Follow-Up [Time Frame: Year 5] | DFS Rate at Year 7 According to Kaplan-Meier Analysis Compared to Observation: 10-Year Maximum Follow-Up [Time Frame: Year 7] | DFS Rate at Year 8 According to Kaplan-Meier Analysis Compared to Observation: 10-Year Maximum Follow-Up [Time Frame: Year 8] | DFS Rate at Year 9 According to Kaplan-Meier Analysis Compared to Observation: 10-Year Maximum Follow-Up [Time Frame: Year 9] | DFS Rate at Year 10 According to Kaplan-Meier Analysis Compared to Observation: 10-Year Maximum Follow-Up [Time Frame: Year 10],CURRENT_ONLY_HISTORY_UNAVAILABLE,https://clinicaltrials.gov/study/NCT00045032?tab=history
NCT02536339,original,,,,CURRENT_ONLY_HISTORY_UNAVAILABLE,https://clinicaltrials.gov/study/NCT02536339?tab=history
NCT02536339,pre_recruitment,,,,CURRENT_ONLY_HISTORY_UNAVAILABLE,https://clinicaltrials.gov/study/NCT02536339?tab=history
NCT02536339,pre_primary_completion,,,,CURRENT_ONLY_HISTORY_UNAVAILABLE,https://clinicaltrials.gov/study/NCT02536339?tab=history
NCT02536339,pre_publication,,,,CURRENT_ONLY_HISTORY_UNAVAILABLE,https://clinicaltrials.gov/study/NCT02536339?tab=history
NCT02536339,current,current,,"Percentage of Participants With Objective Response in the CNS, Assessed Using Response Assessment in Neuro-Oncology-Brain Metastases (RANO-BM) Criteria [Time Frame: From Baseline until disease progression (assessed every 6 weeks for first 2 scans, followed by every 8 weeks for 2 scans, then every 12 weeks until disease progression; up to approximately 3.5 years)]",CURRENT_ONLY_HISTORY_UNAVAILABLE,https://clinicaltrials.gov/study/NCT02536339?tab=history
NCT01705691,original,,,,CURRENT_ONLY_HISTORY_UNAVAILABLE,https://clinicaltrials.gov/study/NCT01705691?tab=history
NCT01705691,pre_recruitment,,,,CURRENT_ONLY_HISTORY_UNAVAILABLE,https://clinicaltrials.gov/study/NCT01705691?tab=history
NCT01705691,pre_primary_completion,,,,CURRENT_ONLY_HISTORY_UNAVAILABLE,https://clinicaltrials.gov/study/NCT01705691?tab=history
NCT01705691,pre_publication,,,,CURRENT_ONLY_HISTORY_UNAVAILABLE,https://clinicaltrials.gov/study/NCT01705691?tab=history
NCT01705691,current,current,,Pathologic Complete Response Rate (ypCR) Following Neoadjuvant Therapy in Breast and Axillary Lymph Nodes [Time Frame: At the time of surgery approximately 24 to 28 weeks.],CURRENT_ONLY_HISTORY_UNAVAILABLE,https://clinicaltrials.gov/study/NCT01705691?tab=history
NCT01042535,original,,,,CURRENT_ONLY_HISTORY_UNAVAILABLE,https://clinicaltrials.gov/study/NCT01042535?tab=history
NCT01042535,pre_recruitment,,,,CURRENT_ONLY_HISTORY_UNAVAILABLE,https://clinicaltrials.gov/study/NCT01042535?tab=history
NCT01042535,pre_primary_completion,,,,CURRENT_ONLY_HISTORY_UNAVAILABLE,https://clinicaltrials.gov/study/NCT01042535?tab=history
NCT01042535,pre_publication,,,,CURRENT_ONLY_HISTORY_UNAVAILABLE,https://clinicaltrials.gov/study/NCT01042535?tab=history
NCT01042535,current,current,,Phase 1 - Maximum Tolerated Dose (MTD) in Milligrams (mg) [Time Frame: Up to 4 weeks] | Phase 2 - Number of Participants With Stable Disease In Response to Study Therapy [Time Frame: Up to 16 weeks],CURRENT_ONLY_HISTORY_UNAVAILABLE,https://clinicaltrials.gov/study/NCT01042535?tab=history
NCT05001347,original,,,,CURRENT_ONLY_HISTORY_UNAVAILABLE,https://clinicaltrials.gov/study/NCT05001347?tab=history
NCT05001347,pre_recruitment,,,,CURRENT_ONLY_HISTORY_UNAVAILABLE,https://clinicaltrials.gov/study/NCT05001347?tab=history
NCT05001347,pre_primary_completion,,,,CURRENT_ONLY_HISTORY_UNAVAILABLE,https://clinicaltrials.gov/study/NCT05001347?tab=history
NCT05001347,pre_publication,,,,CURRENT_ONLY_HISTORY_UNAVAILABLE,https://clinicaltrials.gov/study/NCT05001347?tab=history
NCT05001347,current,current,,To Assess the Efficacy of TJ004309 Combined With Atezolizumab in a Cohort of Patients With Platinum-resistant IO Naive Ovarian Carcinoma and a Separate Biomarker Enriched Cohort of Subjects With Selected Tumor Types [Time Frame: Up to 66 weeks],CURRENT_ONLY_HISTORY_UNAVAILABLE,https://clinicaltrials.gov/study/NCT05001347?tab=history
NCT03853707,original,,,,CURRENT_ONLY_HISTORY_UNAVAILABLE,https://clinicaltrials.gov/study/NCT03853707?tab=history
NCT03853707,pre_recruitment,,,,CURRENT_ONLY_HISTORY_UNAVAILABLE,https://clinicaltrials.gov/study/NCT03853707?tab=history
NCT03853707,pre_primary_completion,,,,CURRENT_ONLY_HISTORY_UNAVAILABLE,https://clinicaltrials.gov/study/NCT03853707?tab=history
NCT03853707,pre_publication,,,,CURRENT_ONLY_HISTORY_UNAVAILABLE,https://clinicaltrials.gov/study/NCT03853707?tab=history
NCT03853707,current,current,,Progression-free Survival (PFS) [Time Frame: Up to 36 months],CURRENT_ONLY_HISTORY_UNAVAILABLE,https://clinicaltrials.gov/study/NCT03853707?tab=history
NCT03344536,original,,,,CURRENT_ONLY_HISTORY_UNAVAILABLE,https://clinicaltrials.gov/study/NCT03344536?tab=history
NCT03344536,pre_recruitment,,,,CURRENT_ONLY_HISTORY_UNAVAILABLE,https://clinicaltrials.gov/study/NCT03344536?tab=history
NCT03344536,pre_primary_completion,,,,CURRENT_ONLY_HISTORY_UNAVAILABLE,https://clinicaltrials.gov/study/NCT03344536?tab=history
NCT03344536,pre_publication,,,,CURRENT_ONLY_HISTORY_UNAVAILABLE,https://clinicaltrials.gov/study/NCT03344536?tab=history
NCT03344536,current,current,,Number of Patients Experiencing Dose Limiting Toxicity [Time Frame: 1 year] | Proportion of Patients Who Have a Best Overall Response [Time Frame: 1 year],CURRENT_ONLY_HISTORY_UNAVAILABLE,https://clinicaltrials.gov/study/NCT03344536?tab=history
NCT00266110,original,,,,CURRENT_ONLY_HISTORY_UNAVAILABLE,https://clinicaltrials.gov/study/NCT00266110?tab=history
NCT00266110,pre_recruitment,,,,CURRENT_ONLY_HISTORY_UNAVAILABLE,https://clinicaltrials.gov/study/NCT00266110?tab=history
NCT00266110,pre_primary_completion,,,,CURRENT_ONLY_HISTORY_UNAVAILABLE,https://clinicaltrials.gov/study/NCT00266110?tab=history
NCT00266110,pre_publication,,,,CURRENT_ONLY_HISTORY_UNAVAILABLE,https://clinicaltrials.gov/study/NCT00266110?tab=history
NCT00266110,current,current,,Number of Participants With Response [Time Frame: 5-6 years],CURRENT_ONLY_HISTORY_UNAVAILABLE,https://clinicaltrials.gov/study/NCT00266110?tab=history
NCT01864746,original,,,,CURRENT_ONLY_HISTORY_UNAVAILABLE,https://clinicaltrials.gov/study/NCT01864746?tab=history
NCT01864746,pre_recruitment,,,,CURRENT_ONLY_HISTORY_UNAVAILABLE,https://clinicaltrials.gov/study/NCT01864746?tab=history
NCT01864746,pre_primary_completion,,,,CURRENT_ONLY_HISTORY_UNAVAILABLE,https://clinicaltrials.gov/study/NCT01864746?tab=history
NCT01864746,pre_publication,,,,CURRENT_ONLY_HISTORY_UNAVAILABLE,https://clinicaltrials.gov/study/NCT01864746?tab=history
NCT01864746,current,current,,Invasive Disease Free Survival (iDFS) for Palbociclib vs. Placebo in Patients With High CPS-EG Score After Neoadjuvant Chemotherapy Receiving Standard Adjuvant Endocrine Therapy for HR-positive/HER2-normal Primary Breast Cancer. [Time Frame: From date of randomisation to data cut off: 24 August 2020 (approximately 6 years and 6 months)],CURRENT_ONLY_HISTORY_UNAVAILABLE,https://clinicaltrials.gov/study/NCT01864746?tab=history
NCT01940497,original,,,,CURRENT_ONLY_HISTORY_UNAVAILABLE,https://clinicaltrials.gov/study/NCT01940497?tab=history
NCT01940497,pre_recruitment,,,,CURRENT_ONLY_HISTORY_UNAVAILABLE,https://clinicaltrials.gov/study/NCT01940497?tab=history
NCT01940497,pre_primary_completion,,,,CURRENT_ONLY_HISTORY_UNAVAILABLE,https://clinicaltrials.gov/study/NCT01940497?tab=history
NCT01940497,pre_publication,,,,CURRENT_ONLY_HISTORY_UNAVAILABLE,https://clinicaltrials.gov/study/NCT01940497?tab=history
NCT01940497,current,current,,Percentage of Participants With Treatment-Emergent Adverse Events (TEAEs) [Time Frame: Day 1 up to 28 days after last dose of trastuzumab (up to approximately 1 year)],CURRENT_ONLY_HISTORY_UNAVAILABLE,https://clinicaltrials.gov/study/NCT01940497?tab=history
NCT01252290,original,,,,CURRENT_ONLY_HISTORY_UNAVAILABLE,https://clinicaltrials.gov/study/NCT01252290?tab=history
NCT01252290,pre_recruitment,,,,CURRENT_ONLY_HISTORY_UNAVAILABLE,https://clinicaltrials.gov/study/NCT01252290?tab=history
NCT01252290,pre_primary_completion,,,,CURRENT_ONLY_HISTORY_UNAVAILABLE,https://clinicaltrials.gov/study/NCT01252290?tab=history
NCT01252290,pre_publication,,,,CURRENT_ONLY_HISTORY_UNAVAILABLE,https://clinicaltrials.gov/study/NCT01252290?tab=history
NCT01252290,current,current,,The Proportion of Subjects That Complete Intervention of Lovaza™ 4 Grams Per Day [Time Frame: 6 month visit],CURRENT_ONLY_HISTORY_UNAVAILABLE,https://clinicaltrials.gov/study/NCT01252290?tab=history
NCT02924883,original,,,,CURRENT_ONLY_HISTORY_UNAVAILABLE,https://clinicaltrials.gov/study/NCT02924883?tab=history
NCT02924883,pre_recruitment,,,,CURRENT_ONLY_HISTORY_UNAVAILABLE,https://clinicaltrials.gov/study/NCT02924883?tab=history
NCT02924883,pre_primary_completion,,,,CURRENT_ONLY_HISTORY_UNAVAILABLE,https://clinicaltrials.gov/study/NCT02924883?tab=history
NCT02924883,pre_publication,,,,CURRENT_ONLY_HISTORY_UNAVAILABLE,https://clinicaltrials.gov/study/NCT02924883?tab=history
NCT02924883,current,current,,"Progression-Free Survival (PFS) as Determined by Investigator's Tumor Assessment Using Response Evaluation Criteria in Solid Tumors (RECIST) Version 1.1 (v1.1) [Time Frame: Baseline up to approximately 15 months] | Percentage of Participants With Adverse Events [Time Frame: Baseline up to study completion, approximately 40 months]",CURRENT_ONLY_HISTORY_UNAVAILABLE,https://clinicaltrials.gov/study/NCT02924883?tab=history
NCT00676663,original,,,,CURRENT_ONLY_HISTORY_UNAVAILABLE,https://clinicaltrials.gov/study/NCT00676663?tab=history
NCT00676663,pre_recruitment,,,,CURRENT_ONLY_HISTORY_UNAVAILABLE,https://clinicaltrials.gov/study/NCT00676663?tab=history
NCT00676663,pre_primary_completion,,,,CURRENT_ONLY_HISTORY_UNAVAILABLE,https://clinicaltrials.gov/study/NCT00676663?tab=history
NCT00676663,pre_publication,,,,CURRENT_ONLY_HISTORY_UNAVAILABLE,https://clinicaltrials.gov/study/NCT00676663?tab=history
NCT00676663,current,current,,Progression-free Survival (PFS) [Time Frame: From date of randomization to discontinuation due to disease progression or death up to primary completion date (Median follow-up 6 months)],CURRENT_ONLY_HISTORY_UNAVAILABLE,https://clinicaltrials.gov/study/NCT00676663?tab=history
NCT01120184,original,,,,CURRENT_ONLY_HISTORY_UNAVAILABLE,https://clinicaltrials.gov/study/NCT01120184?tab=history
NCT01120184,pre_recruitment,,,,CURRENT_ONLY_HISTORY_UNAVAILABLE,https://clinicaltrials.gov/study/NCT01120184?tab=history
NCT01120184,pre_primary_completion,,,,CURRENT_ONLY_HISTORY_UNAVAILABLE,https://clinicaltrials.gov/study/NCT01120184?tab=history
NCT01120184,pre_publication,,,,CURRENT_ONLY_HISTORY_UNAVAILABLE,https://clinicaltrials.gov/study/NCT01120184?tab=history
NCT01120184,current,current,,"Percentage of Participants With Death or Disease Progression According to Independent Review Facility (IRF) Assessment [Time Frame: Up to 48 months from randomization until clinical cutoff of 16-Sept-2014 (at Screening, every 9 weeks for 81 weeks, then every 12 weeks thereafter and/or up to 42 days after last dose)] | Progression-Free Survival (PFS) According to IRF Assessment [Time Frame: Up to 48 months from randomization until clinical cutoff of 16-Sept-2014 (at Screening, every 9 weeks for 81 weeks, then every 12 weeks thereafter and/or up to 42 days after last dose)]",CURRENT_ONLY_HISTORY_UNAVAILABLE,https://clinicaltrials.gov/study/NCT01120184?tab=history
NCT01875367,original,,,,CURRENT_ONLY_HISTORY_UNAVAILABLE,https://clinicaltrials.gov/study/NCT01875367?tab=history
NCT01875367,pre_recruitment,,,,CURRENT_ONLY_HISTORY_UNAVAILABLE,https://clinicaltrials.gov/study/NCT01875367?tab=history
NCT01875367,pre_primary_completion,,,,CURRENT_ONLY_HISTORY_UNAVAILABLE,https://clinicaltrials.gov/study/NCT01875367?tab=history
NCT01875367,pre_publication,,,,CURRENT_ONLY_HISTORY_UNAVAILABLE,https://clinicaltrials.gov/study/NCT01875367?tab=history
NCT01875367,current,current,,Percentage of Participants With Subcutaneous vs. Intravenous Treatment Preference [Time Frame: Up to 12 weeks],CURRENT_ONLY_HISTORY_UNAVAILABLE,https://clinicaltrials.gov/study/NCT01875367?tab=history
NCT01958021,original,,,,CURRENT_ONLY_HISTORY_UNAVAILABLE,https://clinicaltrials.gov/study/NCT01958021?tab=history
NCT01958021,pre_recruitment,,,,CURRENT_ONLY_HISTORY_UNAVAILABLE,https://clinicaltrials.gov/study/NCT01958021?tab=history
NCT01958021,pre_primary_completion,,,,CURRENT_ONLY_HISTORY_UNAVAILABLE,https://clinicaltrials.gov/study/NCT01958021?tab=history
NCT01958021,pre_publication,,,,CURRENT_ONLY_HISTORY_UNAVAILABLE,https://clinicaltrials.gov/study/NCT01958021?tab=history
NCT01958021,current,current,,Progression Free Survival (PFS) by Investigator Assessment [Time Frame: Up to 23 months],CURRENT_ONLY_HISTORY_UNAVAILABLE,https://clinicaltrials.gov/study/NCT01958021?tab=history
NCT00626106,original,,,,CURRENT_ONLY_HISTORY_UNAVAILABLE,https://clinicaltrials.gov/study/NCT00626106?tab=history
NCT00626106,pre_recruitment,,,,CURRENT_ONLY_HISTORY_UNAVAILABLE,https://clinicaltrials.gov/study/NCT00626106?tab=history
NCT00626106,pre_primary_completion,,,,CURRENT_ONLY_HISTORY_UNAVAILABLE,https://clinicaltrials.gov/study/NCT00626106?tab=history
NCT00626106,pre_publication,,,,CURRENT_ONLY_HISTORY_UNAVAILABLE,https://clinicaltrials.gov/study/NCT00626106?tab=history
NCT00626106,current,current,,"Progression Free Survival (PFS) [Time Frame: Subject completing study will be contacted by the study staff by telephone or at routine clinic visits approximately every 3 months, up to approximately 3 years and 6 months.]",CURRENT_ONLY_HISTORY_UNAVAILABLE,https://clinicaltrials.gov/study/NCT00626106?tab=history
NCT03417544,original,,,,CURRENT_ONLY_HISTORY_UNAVAILABLE,https://clinicaltrials.gov/study/NCT03417544?tab=history
NCT03417544,pre_recruitment,,,,CURRENT_ONLY_HISTORY_UNAVAILABLE,https://clinicaltrials.gov/study/NCT03417544?tab=history
NCT03417544,pre_primary_completion,,,,CURRENT_ONLY_HISTORY_UNAVAILABLE,https://clinicaltrials.gov/study/NCT03417544?tab=history
NCT03417544,pre_publication,,,,CURRENT_ONLY_HISTORY_UNAVAILABLE,https://clinicaltrials.gov/study/NCT03417544?tab=history
NCT03417544,current,current,,"Confirmed Overall Response Rate in CNS [Time Frame: Participants were evaluated for response every 6 weeks for the first 24 weeks and then every 9 weeks thereafter, through study completion, an average of 24 weeks in the real study data]",CURRENT_ONLY_HISTORY_UNAVAILABLE,https://clinicaltrials.gov/study/NCT03417544?tab=history
NCT02598557,original,,,,CURRENT_ONLY_HISTORY_UNAVAILABLE,https://clinicaltrials.gov/study/NCT02598557?tab=history
NCT02598557,pre_recruitment,,,,CURRENT_ONLY_HISTORY_UNAVAILABLE,https://clinicaltrials.gov/study/NCT02598557?tab=history
NCT02598557,pre_primary_completion,,,,CURRENT_ONLY_HISTORY_UNAVAILABLE,https://clinicaltrials.gov/study/NCT02598557?tab=history
NCT02598557,pre_publication,,,,CURRENT_ONLY_HISTORY_UNAVAILABLE,https://clinicaltrials.gov/study/NCT02598557?tab=history
NCT02598557,current,current,,Percent Change in Time of Circulating Estradiol SPE in Each Arm [Time Frame: baseline and 4-6 weeks],CURRENT_ONLY_HISTORY_UNAVAILABLE,https://clinicaltrials.gov/study/NCT02598557?tab=history
NCT00201851,original,,,,CURRENT_ONLY_HISTORY_UNAVAILABLE,https://clinicaltrials.gov/study/NCT00201851?tab=history
NCT00201851,pre_recruitment,,,,CURRENT_ONLY_HISTORY_UNAVAILABLE,https://clinicaltrials.gov/study/NCT00201851?tab=history
NCT00201851,pre_primary_completion,,,,CURRENT_ONLY_HISTORY_UNAVAILABLE,https://clinicaltrials.gov/study/NCT00201851?tab=history
NCT00201851,pre_publication,,,,CURRENT_ONLY_HISTORY_UNAVAILABLE,https://clinicaltrials.gov/study/NCT00201851?tab=history
NCT00201851,current,current,,Disease-free Survival [Time Frame: two- to three-year accrual and initial two or more years of follow-up period],CURRENT_ONLY_HISTORY_UNAVAILABLE,https://clinicaltrials.gov/study/NCT00201851?tab=history
NCT01252277,original,,,,CURRENT_ONLY_HISTORY_UNAVAILABLE,https://clinicaltrials.gov/study/NCT01252277?tab=history
NCT01252277,pre_recruitment,,,,CURRENT_ONLY_HISTORY_UNAVAILABLE,https://clinicaltrials.gov/study/NCT01252277?tab=history
NCT01252277,pre_primary_completion,,,,CURRENT_ONLY_HISTORY_UNAVAILABLE,https://clinicaltrials.gov/study/NCT01252277?tab=history
NCT01252277,pre_publication,,,,CURRENT_ONLY_HISTORY_UNAVAILABLE,https://clinicaltrials.gov/study/NCT01252277?tab=history
NCT01252277,current,current,,The Proportion of Subjects That Complete an Intervention of Lovaza™ 4 Grams Per Day [Time Frame: 6 month visit],CURRENT_ONLY_HISTORY_UNAVAILABLE,https://clinicaltrials.gov/study/NCT01252277?tab=history
NCT03012477,original,,,,CURRENT_ONLY_HISTORY_UNAVAILABLE,https://clinicaltrials.gov/study/NCT03012477?tab=history
NCT03012477,pre_recruitment,,,,CURRENT_ONLY_HISTORY_UNAVAILABLE,https://clinicaltrials.gov/study/NCT03012477?tab=history
NCT03012477,pre_primary_completion,,,,CURRENT_ONLY_HISTORY_UNAVAILABLE,https://clinicaltrials.gov/study/NCT03012477?tab=history
NCT03012477,pre_publication,,,,CURRENT_ONLY_HISTORY_UNAVAILABLE,https://clinicaltrials.gov/study/NCT03012477?tab=history
NCT03012477,current,current,,"Objective Response Rate [Time Frame: Evaluated every 6 weeks from the time of their first treatment, per RECIST 1.1. Duration of therapy will depend on individual response, evidence of disease progression and tolerance, up to 1 year]",CURRENT_ONLY_HISTORY_UNAVAILABLE,https://clinicaltrials.gov/study/NCT03012477?tab=history
NCT01275677,original,,,,CURRENT_ONLY_HISTORY_UNAVAILABLE,https://clinicaltrials.gov/study/NCT01275677?tab=history
NCT01275677,pre_recruitment,,,,CURRENT_ONLY_HISTORY_UNAVAILABLE,https://clinicaltrials.gov/study/NCT01275677?tab=history
NCT01275677,pre_primary_completion,,,,CURRENT_ONLY_HISTORY_UNAVAILABLE,https://clinicaltrials.gov/study/NCT01275677?tab=history
NCT01275677,pre_publication,,,,CURRENT_ONLY_HISTORY_UNAVAILABLE,https://clinicaltrials.gov/study/NCT01275677?tab=history
NCT01275677,current,current,,Percentage of Patients Alive and Free From Invasive Disease (IDFS) [Time Frame: 5 years],CURRENT_ONLY_HISTORY_UNAVAILABLE,https://clinicaltrials.gov/study/NCT01275677?tab=history
NCT00951665,original,,,,CURRENT_ONLY_HISTORY_UNAVAILABLE,https://clinicaltrials.gov/study/NCT00951665?tab=history
NCT00951665,pre_recruitment,,,,CURRENT_ONLY_HISTORY_UNAVAILABLE,https://clinicaltrials.gov/study/NCT00951665?tab=history
NCT00951665,pre_primary_completion,,,,CURRENT_ONLY_HISTORY_UNAVAILABLE,https://clinicaltrials.gov/study/NCT00951665?tab=history
NCT00951665,pre_publication,,,,CURRENT_ONLY_HISTORY_UNAVAILABLE,https://clinicaltrials.gov/study/NCT00951665?tab=history
NCT00951665,current,current,,"Number of Participants With Any Adverse Events (AEs), Serious Adverse Events (SAEs), AEs of Grades 3/4, and Death [Time Frame: Up to 30 days after the last dose of study treatment or study discontinuation/termination, whichever is later] | Number of Participants With Dose Limiting Toxicity (DLT) of the Combination of T-DM1 and Paclitaxel When T-DM1 Was Administered on Either an Q3W or QW Schedule for Both With and Without Pertuzumab Treatment [Time Frame: Up to 23 days] | Maximum Tolerated Dose of T-DM1 When T-DM1 (Q3W or QW) and Paclitaxel (QW) Was Administered With and Without Pertuzumab [Time Frame: Days 1 to 21] | Maximum Tolerated Dose of Paclitaxel When T-DM1 (Q3W or QW) and Paclitaxel (QW) Was Administered With and Without Pertuzumab [Time Frame: Days 1 to 21] | Number of Participants in Phase IIa of the Study Who Received 12 or More Paclitaxel Doses in Combination With T-DM1 and/or Pertuzumab [Time Frame: From Day 1 to 15 weeks] | Number of Participants Who Had Adverse Events That Required Dose Modification of T-DM1 or Paclitaxel [Time Frame: Up to 30 days after the last dose of study treatment or study discontinuation/termination, whichever is later] | Maximum Serum Concentration (Cmax) of T-DM1 and Total Trastuzumab in Cycle 1 After Q3W Dose Regimen [Time Frame: Pre-dose, and 0.25 and 4 hours post-dose on Day 1; Day 8 (before paclitaxel infusion)] | Maximum Plasma Concentration (Cmax) of DM1 in Cycle 1 After Q3W Dose Regimen [Time Frame: Pre-dose, and 0.25 and 4 hours post-dose on Day 1; Day 8 (before paclitaxel infusion)] | Area Under the Serum Concentration-time Curve of Total Exposure (AUC0-Day 21) of T-DM1 and Total Trastuzumab in Cycle 1 After Q3W Dose Regimen [Time Frame: Pre- and post-dose (0.25 and 4 hours and Day 8 [before paclitaxel infusion) for Cycle 1 and pre- and post-dose (0.25 and 4 hours) for Cycle 2 (each cycle of 21 days)] | Maximum Serum Concentration (Cmax) of T-DM1 and Total Trastuzumab in Cycle 1 After QW Dose Regimen [Time Frame: Pre-dose, and 0.25 and 4 hours post-dose on Day 1; Day 8 (before paclitaxel infusion)] | Maximum Plasma Concentration (Cmax) of DM1 in Cycle 1 After QW Dose Regimen [Time Frame: Pre-dose, and 0.25 and 4 hours post-dose on Day 1, and Day 8 (before T-DM1 dose)] | Area Under the Serum Concentration-time Curve of Total Exposure (AUClast) of T-DM1 and Total Trastuzumab in Cycle 1 After QW Dose Regimen [Time Frame: Pre-dose, and 0.25 and 4 hours post-dose on Day 1; Day 8 (before T-DM1 dose)] | Maximum Plasma Concentration of Paclitaxel in Cycle 1 (in the Absence T-DM1) and Cycle 2 (in the Presence T-DM1) [Time Frame: Pre-dose, and 0.25, 1, 2, 4, 6, and 24 hours post-dose for Cycle 1 and Cycle 2] | Area Under Plasma Concentration - Time Curve of Paclitaxel From Time 0 to Infinity (AUC0-inf) in Cycle 1 (in the Absence of T-DM1) and Cycle 2 (in the Presence of T-DM1) [Time Frame: Pre-dose, and 0.25, 1, 2, 4, 6, and 24 hours post-dose for Cycle 1 and Cycle 2] | An Elimination Half-life (t1/2) of Plasma Concentration of Paclitaxel in Cycle 1 (in the Absence of T-DM1) and Cycle 2 (in the Presence of T-DM1) [Time Frame: Pre-dose, and 0.25, 1, 2, 4, 6, and 24 hours post-dose for Cycle 1 and Cycle 2] | Plasma Clearance (CL) of Concentration of Paclitaxel in Cycle 1 (in the Absence of T-DM1) and Cycle 2 (in the Presence of T-DM1) [Time Frame: Pre-dose, and 0.25, 1, 2, 4, 6, and 24 hours post-dose for Cycle 1 and Cycle 2] | An Apparent Volume of Distribution at Steady-state (Vss) of Plasma Concentration of Paclitaxel in Cycle 1 (in the Absence of T-DM1) and Cycle 2 (in the Presence of T-DM1) [Time Frame: Pre-dose, and 0.25, 1, 2, 4, 6, and 24 hours post-dose for Cycle 1 and Cycle 2] | Number of Participants With Change From Baseline in Cardiac Function [Time Frame: Baseline (30 days prior to study dose), end of Cycle 2, and then every three cycles in Phase Ib and every four cycles in Phase IIa throughout the duration of the study (12 months) until disease progression or study discontinuation, whichever occurs first]",CURRENT_ONLY_HISTORY_UNAVAILABLE,https://clinicaltrials.gov/study/NCT00951665?tab=history
NCT02177175,original,,,,CURRENT_ONLY_HISTORY_UNAVAILABLE,https://clinicaltrials.gov/study/NCT02177175?tab=history
NCT02177175,pre_recruitment,,,,CURRENT_ONLY_HISTORY_UNAVAILABLE,https://clinicaltrials.gov/study/NCT02177175?tab=history
NCT02177175,pre_primary_completion,,,,CURRENT_ONLY_HISTORY_UNAVAILABLE,https://clinicaltrials.gov/study/NCT02177175?tab=history
NCT02177175,pre_publication,,,,CURRENT_ONLY_HISTORY_UNAVAILABLE,https://clinicaltrials.gov/study/NCT02177175?tab=history
NCT02177175,current,current,,Maximum Change in LVEF at 3 Months [Time Frame: 3 months] | Maximum Change in LVEF at 6 Months [Time Frame: 6 months] | Maximum Change in LVEF at 9 Months [Time Frame: 9 months] | Maximum Change in LVEF at 12 Months [Time Frame: 12 months],CURRENT_ONLY_HISTORY_UNAVAILABLE,https://clinicaltrials.gov/study/NCT02177175?tab=history
NCT01881230,original,,,,CURRENT_ONLY_HISTORY_UNAVAILABLE,https://clinicaltrials.gov/study/NCT01881230?tab=history
NCT01881230,pre_recruitment,,,,CURRENT_ONLY_HISTORY_UNAVAILABLE,https://clinicaltrials.gov/study/NCT01881230?tab=history
NCT01881230,pre_primary_completion,,,,CURRENT_ONLY_HISTORY_UNAVAILABLE,https://clinicaltrials.gov/study/NCT01881230?tab=history
NCT01881230,pre_publication,,,,CURRENT_ONLY_HISTORY_UNAVAILABLE,https://clinicaltrials.gov/study/NCT01881230?tab=history
NCT01881230,current,current,,"Kaplan-Meier Estimates of Progression-Free Survival (PFS) Based on Investigator Assessment. [Time Frame: From date of randomization to data cut-off date of 16 December 2016; total length of time on study was 31 months for Arm A, 34 months for Arm B and 35 months for Arm C]",CURRENT_ONLY_HISTORY_UNAVAILABLE,https://clinicaltrials.gov/study/NCT01881230?tab=history
NCT00791037,original,,,,CURRENT_ONLY_HISTORY_UNAVAILABLE,https://clinicaltrials.gov/study/NCT00791037?tab=history
NCT00791037,pre_recruitment,,,,CURRENT_ONLY_HISTORY_UNAVAILABLE,https://clinicaltrials.gov/study/NCT00791037?tab=history
NCT00791037,pre_primary_completion,,,,CURRENT_ONLY_HISTORY_UNAVAILABLE,https://clinicaltrials.gov/study/NCT00791037?tab=history
NCT00791037,pre_publication,,,,CURRENT_ONLY_HISTORY_UNAVAILABLE,https://clinicaltrials.gov/study/NCT00791037?tab=history
NCT00791037,current,current,,Evaluate Toxicity of Infusing HER2-specific T Cells as Assessed by National Cancer Institute (NCI) Common Terminology Criteria for Adverse Events (CTCAE) v3.0 [Time Frame: Up to 4 months after first booster vaccine],CURRENT_ONLY_HISTORY_UNAVAILABLE,https://clinicaltrials.gov/study/NCT00791037?tab=history
NCT00041119,original,,,,CURRENT_ONLY_HISTORY_UNAVAILABLE,https://clinicaltrials.gov/study/NCT00041119?tab=history
NCT00041119,pre_recruitment,,,,CURRENT_ONLY_HISTORY_UNAVAILABLE,https://clinicaltrials.gov/study/NCT00041119?tab=history
NCT00041119,pre_primary_completion,,,,CURRENT_ONLY_HISTORY_UNAVAILABLE,https://clinicaltrials.gov/study/NCT00041119?tab=history
NCT00041119,pre_publication,,,,CURRENT_ONLY_HISTORY_UNAVAILABLE,https://clinicaltrials.gov/study/NCT00041119?tab=history
NCT00041119,current,current,,Relapse Free Survival (RFS) 4 vs. 6 Cycles [Time Frame: from baseline up to 4 years] | Duration of Disease Free Survival (RFS) [Time Frame: from baseline up to 6.4 years],CURRENT_ONLY_HISTORY_UNAVAILABLE,https://clinicaltrials.gov/study/NCT00041119?tab=history
NCT00834678,original,,,,CURRENT_ONLY_HISTORY_UNAVAILABLE,https://clinicaltrials.gov/study/NCT00834678?tab=history
NCT00834678,pre_recruitment,,,,CURRENT_ONLY_HISTORY_UNAVAILABLE,https://clinicaltrials.gov/study/NCT00834678?tab=history
NCT00834678,pre_primary_completion,,,,CURRENT_ONLY_HISTORY_UNAVAILABLE,https://clinicaltrials.gov/study/NCT00834678?tab=history
NCT00834678,pre_publication,,,,CURRENT_ONLY_HISTORY_UNAVAILABLE,https://clinicaltrials.gov/study/NCT00834678?tab=history
NCT00834678,current,current,,Maximum-tolerated Dose of Bendamustine Hydrochloride (Phase I) [Time Frame: Up to two years] | Maximum-tolerated Dose of Erlotinib Hydrochloride (Phase I) [Time Frame: Up to two years] | Dose-limiting Toxicity (Phase I) [Time Frame: Up to two years] | Progression-free Survival at 6 Months and 12 Months (Phase II) [Time Frame: Up to two years],CURRENT_ONLY_HISTORY_UNAVAILABLE,https://clinicaltrials.gov/study/NCT00834678?tab=history
NCT04505826,original,,,,CURRENT_ONLY_HISTORY_UNAVAILABLE,https://clinicaltrials.gov/study/NCT04505826?tab=history
NCT04505826,pre_recruitment,,,,CURRENT_ONLY_HISTORY_UNAVAILABLE,https://clinicaltrials.gov/study/NCT04505826?tab=history
NCT04505826,pre_primary_completion,,,,CURRENT_ONLY_HISTORY_UNAVAILABLE,https://clinicaltrials.gov/study/NCT04505826?tab=history
NCT04505826,pre_publication,,,,CURRENT_ONLY_HISTORY_UNAVAILABLE,https://clinicaltrials.gov/study/NCT04505826?tab=history
NCT04505826,current,current,,"Dose Limiting Toxicities (DLT) [Time Frame: Up to 28 days from start of treatment] | Characterize the Incidence of Treatment Emergent Adverse Events (TEAEs) and Serious Adverse Events (SAEs) of OP-1250 That Had at Least One Treatment Emergent Adverse Event [Time Frame: Up to 3 years, 11 months, and 17 days.] | Pharmacokinetics of OP-1250 [Time Frame: AUC (0-24) at steady state after 4 weeks of administration] | Anti-tumor Activity of OP-1250 (cPR) [Time Frame: Imaging studies performed every 8 weeks from date of first dose through cycle 9 then afterwards every 12 weeks until date of first documented disease progression: assessed up to 3 years, 11 months, and 17 days]",CURRENT_ONLY_HISTORY_UNAVAILABLE,https://clinicaltrials.gov/study/NCT04505826?tab=history
NCT03774472,original,,,,CURRENT_ONLY_HISTORY_UNAVAILABLE,https://clinicaltrials.gov/study/NCT03774472?tab=history
NCT03774472,pre_recruitment,,,,CURRENT_ONLY_HISTORY_UNAVAILABLE,https://clinicaltrials.gov/study/NCT03774472?tab=history
NCT03774472,pre_primary_completion,,,,CURRENT_ONLY_HISTORY_UNAVAILABLE,https://clinicaltrials.gov/study/NCT03774472?tab=history
NCT03774472,pre_publication,,,,CURRENT_ONLY_HISTORY_UNAVAILABLE,https://clinicaltrials.gov/study/NCT03774472?tab=history
NCT03774472,current,current,,Incidence of Adverse Events (Phase I) [Time Frame: Up to 5 years and 4 months],CURRENT_ONLY_HISTORY_UNAVAILABLE,https://clinicaltrials.gov/study/NCT03774472?tab=history
NCT00887575,original,,,,CURRENT_ONLY_HISTORY_UNAVAILABLE,https://clinicaltrials.gov/study/NCT00887575?tab=history
NCT00887575,pre_recruitment,,,,CURRENT_ONLY_HISTORY_UNAVAILABLE,https://clinicaltrials.gov/study/NCT00887575?tab=history
NCT00887575,pre_primary_completion,,,,CURRENT_ONLY_HISTORY_UNAVAILABLE,https://clinicaltrials.gov/study/NCT00887575?tab=history
NCT00887575,pre_publication,,,,CURRENT_ONLY_HISTORY_UNAVAILABLE,https://clinicaltrials.gov/study/NCT00887575?tab=history
NCT00887575,current,current,,Phase II: The Number of Subjects Exhibiting Pathologic Complete Response to Neoadjuvant Treatment With Sunitinib/Paclitaxel/Carboplatin [Time Frame: at weeks 26-30],CURRENT_ONLY_HISTORY_UNAVAILABLE,https://clinicaltrials.gov/study/NCT00887575?tab=history
NCT02692755,original,,,,CURRENT_ONLY_HISTORY_UNAVAILABLE,https://clinicaltrials.gov/study/NCT02692755?tab=history
NCT02692755,pre_recruitment,,,,CURRENT_ONLY_HISTORY_UNAVAILABLE,https://clinicaltrials.gov/study/NCT02692755?tab=history
NCT02692755,pre_primary_completion,,,,CURRENT_ONLY_HISTORY_UNAVAILABLE,https://clinicaltrials.gov/study/NCT02692755?tab=history
NCT02692755,pre_publication,,,,CURRENT_ONLY_HISTORY_UNAVAILABLE,https://clinicaltrials.gov/study/NCT02692755?tab=history
NCT02692755,current,current,,Number of Patients Who Complete Planned Oncologic Therapy Without the Development of a Hematological Event [Time Frame: 12 months],CURRENT_ONLY_HISTORY_UNAVAILABLE,https://clinicaltrials.gov/study/NCT02692755?tab=history
NCT01889238,original,,,,CURRENT_ONLY_HISTORY_UNAVAILABLE,https://clinicaltrials.gov/study/NCT01889238?tab=history
NCT01889238,pre_recruitment,,,,CURRENT_ONLY_HISTORY_UNAVAILABLE,https://clinicaltrials.gov/study/NCT01889238?tab=history
NCT01889238,pre_primary_completion,,,,CURRENT_ONLY_HISTORY_UNAVAILABLE,https://clinicaltrials.gov/study/NCT01889238?tab=history
NCT01889238,pre_publication,,,,CURRENT_ONLY_HISTORY_UNAVAILABLE,https://clinicaltrials.gov/study/NCT01889238?tab=history
NCT01889238,current,current,,Percentage of Participants With Clinical Benefit at Week 16: Evaluable Population [Time Frame: Week 16] | Percentage of Participants With Clinical Benefit at Week 16: Intent-to-Treat (ITT) Population [Time Frame: Week 16],CURRENT_ONLY_HISTORY_UNAVAILABLE,https://clinicaltrials.gov/study/NCT01889238?tab=history
NCT02871791,original,,,,CURRENT_ONLY_HISTORY_UNAVAILABLE,https://clinicaltrials.gov/study/NCT02871791?tab=history
NCT02871791,pre_recruitment,,,,CURRENT_ONLY_HISTORY_UNAVAILABLE,https://clinicaltrials.gov/study/NCT02871791?tab=history
NCT02871791,pre_primary_completion,,,,CURRENT_ONLY_HISTORY_UNAVAILABLE,https://clinicaltrials.gov/study/NCT02871791?tab=history
NCT02871791,pre_publication,,,,CURRENT_ONLY_HISTORY_UNAVAILABLE,https://clinicaltrials.gov/study/NCT02871791?tab=history
NCT02871791,current,current,,Clinical Benefit Rate (CBR) [Phase 2a] [Time Frame: Disease evaluations were performed every 8 weeks (within 24 weeks of initiation of study treatment) or every 12 weeks (greater than 24 weeks of initiation of study treatment). Treatment duration has a median of 111 days and maximum of 681 days.],CURRENT_ONLY_HISTORY_UNAVAILABLE,https://clinicaltrials.gov/study/NCT02871791?tab=history
NCT02178722,original,,,,CURRENT_ONLY_HISTORY_UNAVAILABLE,https://clinicaltrials.gov/study/NCT02178722?tab=history
NCT02178722,pre_recruitment,,,,CURRENT_ONLY_HISTORY_UNAVAILABLE,https://clinicaltrials.gov/study/NCT02178722?tab=history
NCT02178722,pre_primary_completion,,,,CURRENT_ONLY_HISTORY_UNAVAILABLE,https://clinicaltrials.gov/study/NCT02178722?tab=history
NCT02178722,pre_publication,,,,CURRENT_ONLY_HISTORY_UNAVAILABLE,https://clinicaltrials.gov/study/NCT02178722?tab=history
NCT02178722,current,current,,Phase 1: Percentage of Participants With Treatment-Emergent Adverse Events (TEAE) and Serious Treatment-Emergent Adverse Events [Time Frame: Approximately 54 months] | Phase 2: Objective Response Rate (ORR) [Time Frame: Approximately 54 months],CURRENT_ONLY_HISTORY_UNAVAILABLE,https://clinicaltrials.gov/study/NCT02178722?tab=history
NCT04177108,original,,,,CURRENT_ONLY_HISTORY_UNAVAILABLE,https://clinicaltrials.gov/study/NCT04177108?tab=history
NCT04177108,pre_recruitment,,,,CURRENT_ONLY_HISTORY_UNAVAILABLE,https://clinicaltrials.gov/study/NCT04177108?tab=history
NCT04177108,pre_primary_completion,,,,CURRENT_ONLY_HISTORY_UNAVAILABLE,https://clinicaltrials.gov/study/NCT04177108?tab=history
NCT04177108,pre_publication,,,,CURRENT_ONLY_HISTORY_UNAVAILABLE,https://clinicaltrials.gov/study/NCT04177108?tab=history
NCT04177108,current,current,,"Progression-Free Survival (PFS) According to Response Evaluation Criteria in Solid Tumors (RECIST) Version 1.1 [Time Frame: From Randomization to disease progression, study completion, or death (up to 39 months)] | Overall Survival (OS) [Time Frame: From randomization up to study completion or death (Up to 39 months)]",CURRENT_ONLY_HISTORY_UNAVAILABLE,https://clinicaltrials.gov/study/NCT04177108?tab=history
NCT01147965,original,,,,CURRENT_ONLY_HISTORY_UNAVAILABLE,https://clinicaltrials.gov/study/NCT01147965?tab=history
NCT01147965,pre_recruitment,,,,CURRENT_ONLY_HISTORY_UNAVAILABLE,https://clinicaltrials.gov/study/NCT01147965?tab=history
NCT01147965,pre_primary_completion,,,,CURRENT_ONLY_HISTORY_UNAVAILABLE,https://clinicaltrials.gov/study/NCT01147965?tab=history
NCT01147965,pre_publication,,,,CURRENT_ONLY_HISTORY_UNAVAILABLE,https://clinicaltrials.gov/study/NCT01147965?tab=history
NCT01147965,current,current,,"Number of Participants With Dose Limiting Toxicities [Time Frame: Every 3 weeks for 9 weeks and every 3 months for 1 year] | Number of Participants With Adverse Events [Time Frame: from the time of first dose to the 30 days past last dose of study drug, up to 330 days]",CURRENT_ONLY_HISTORY_UNAVAILABLE,https://clinicaltrials.gov/study/NCT01147965?tab=history
NCT02981303,original,,,,CURRENT_ONLY_HISTORY_UNAVAILABLE,https://clinicaltrials.gov/study/NCT02981303?tab=history
NCT02981303,pre_recruitment,,,,CURRENT_ONLY_HISTORY_UNAVAILABLE,https://clinicaltrials.gov/study/NCT02981303?tab=history
NCT02981303,pre_primary_completion,,,,CURRENT_ONLY_HISTORY_UNAVAILABLE,https://clinicaltrials.gov/study/NCT02981303?tab=history
NCT02981303,pre_publication,,,,CURRENT_ONLY_HISTORY_UNAVAILABLE,https://clinicaltrials.gov/study/NCT02981303?tab=history
NCT02981303,current,current,,"The Primary Efficacy Endpoint Was ORR, Defined as the Proportion of Subjects Demonstrating CR or PR Based on RECIST v1.1 Criteria. [Time Frame: From the start of study treatment until the first PD based on RECIST v1.1 or start of new cancer therapy, whichever occurred earlier, up to 24 months.]",CURRENT_ONLY_HISTORY_UNAVAILABLE,https://clinicaltrials.gov/study/NCT02981303?tab=history
NCT01602380,original,,,,CURRENT_ONLY_HISTORY_UNAVAILABLE,https://clinicaltrials.gov/study/NCT01602380?tab=history
NCT01602380,pre_recruitment,,,,CURRENT_ONLY_HISTORY_UNAVAILABLE,https://clinicaltrials.gov/study/NCT01602380?tab=history
NCT01602380,pre_primary_completion,,,,CURRENT_ONLY_HISTORY_UNAVAILABLE,https://clinicaltrials.gov/study/NCT01602380?tab=history
NCT01602380,pre_publication,,,,CURRENT_ONLY_HISTORY_UNAVAILABLE,https://clinicaltrials.gov/study/NCT01602380?tab=history
NCT01602380,current,current,,"Comparison of Progression-Free Survival (PFS) in Patients Treated With Fulvestrant With Those Treated With Anastrozole [Time Frame: Baseline RECIST 1.1 assessments (Day 0) and then every 12 weeks until the earliest of disease progression evident, patient dies or has surgery/radiotherapy for their disease (up to approximately 38 months)]",CURRENT_ONLY_HISTORY_UNAVAILABLE,https://clinicaltrials.gov/study/NCT01602380?tab=history
NCT03096847,original,,,,CURRENT_ONLY_HISTORY_UNAVAILABLE,https://clinicaltrials.gov/study/NCT03096847?tab=history
NCT03096847,pre_recruitment,,,,CURRENT_ONLY_HISTORY_UNAVAILABLE,https://clinicaltrials.gov/study/NCT03096847?tab=history
NCT03096847,pre_primary_completion,,,,CURRENT_ONLY_HISTORY_UNAVAILABLE,https://clinicaltrials.gov/study/NCT03096847?tab=history
NCT03096847,pre_publication,,,,CURRENT_ONLY_HISTORY_UNAVAILABLE,https://clinicaltrials.gov/study/NCT03096847?tab=history
NCT03096847,current,current,,"Clinical Benefit Rate (CBR) in Women and Men With Hormone Receptor Positiv, HER-2 Negative Breast Cancer Treated With Ribocilib and Letrozole [Time Frame: At 24 weeks after last patient enrolled in trial]",CURRENT_ONLY_HISTORY_UNAVAILABLE,https://clinicaltrials.gov/study/NCT03096847?tab=history
NCT02448771,original,,,,CURRENT_ONLY_HISTORY_UNAVAILABLE,https://clinicaltrials.gov/study/NCT02448771?tab=history
NCT02448771,pre_recruitment,,,,CURRENT_ONLY_HISTORY_UNAVAILABLE,https://clinicaltrials.gov/study/NCT02448771?tab=history
NCT02448771,pre_primary_completion,,,,CURRENT_ONLY_HISTORY_UNAVAILABLE,https://clinicaltrials.gov/study/NCT02448771?tab=history
NCT02448771,pre_publication,,,,CURRENT_ONLY_HISTORY_UNAVAILABLE,https://clinicaltrials.gov/study/NCT02448771?tab=history
NCT02448771,current,current,,"Clinical Benefit Rate [Time Frame: Assessed for response for up to 34 months] | Clinical Benefit Rate by ESR1 Genotype [Time Frame: Assessed for response for up to 34 months] | Percent of Participants With All Grade Neutrophil Count Decrease [Time Frame: Baseline, until resolution or for 30 days after the subject's last study visit, up to 43 months.]",CURRENT_ONLY_HISTORY_UNAVAILABLE,https://clinicaltrials.gov/study/NCT02448771?tab=history
NCT02131064,original,,,,CURRENT_ONLY_HISTORY_UNAVAILABLE,https://clinicaltrials.gov/study/NCT02131064?tab=history
NCT02131064,pre_recruitment,,,,CURRENT_ONLY_HISTORY_UNAVAILABLE,https://clinicaltrials.gov/study/NCT02131064?tab=history
NCT02131064,pre_primary_completion,,,,CURRENT_ONLY_HISTORY_UNAVAILABLE,https://clinicaltrials.gov/study/NCT02131064?tab=history
NCT02131064,pre_publication,,,,CURRENT_ONLY_HISTORY_UNAVAILABLE,https://clinicaltrials.gov/study/NCT02131064?tab=history
NCT02131064,current,current,,Percentage of Participants With Total Pathological Complete Response (tpCR) Assessed Based on Tumor Samples [Time Frame: Pre-surgery (within 6 weeks after neoadjuvant therapy; up to approximately 6 months)],CURRENT_ONLY_HISTORY_UNAVAILABLE,https://clinicaltrials.gov/study/NCT02131064?tab=history
NCT02186015,original,,,,CURRENT_ONLY_HISTORY_UNAVAILABLE,https://clinicaltrials.gov/study/NCT02186015?tab=history
NCT02186015,pre_recruitment,,,,CURRENT_ONLY_HISTORY_UNAVAILABLE,https://clinicaltrials.gov/study/NCT02186015?tab=history
NCT02186015,pre_primary_completion,,,,CURRENT_ONLY_HISTORY_UNAVAILABLE,https://clinicaltrials.gov/study/NCT02186015?tab=history
NCT02186015,pre_publication,,,,CURRENT_ONLY_HISTORY_UNAVAILABLE,https://clinicaltrials.gov/study/NCT02186015?tab=history
NCT02186015,current,current,,"Change in Serum 25(OH)D [Time Frame: 0, 8 weeks]",CURRENT_ONLY_HISTORY_UNAVAILABLE,https://clinicaltrials.gov/study/NCT02186015?tab=history
NCT01105650,original,,,,CURRENT_ONLY_HISTORY_UNAVAILABLE,https://clinicaltrials.gov/study/NCT01105650?tab=history
NCT01105650,pre_recruitment,,,,CURRENT_ONLY_HISTORY_UNAVAILABLE,https://clinicaltrials.gov/study/NCT01105650?tab=history
NCT01105650,pre_primary_completion,,,,CURRENT_ONLY_HISTORY_UNAVAILABLE,https://clinicaltrials.gov/study/NCT01105650?tab=history
NCT01105650,pre_publication,,,,CURRENT_ONLY_HISTORY_UNAVAILABLE,https://clinicaltrials.gov/study/NCT01105650?tab=history
NCT01105650,current,current,,Response Rate [Time Frame: Month 3],CURRENT_ONLY_HISTORY_UNAVAILABLE,https://clinicaltrials.gov/study/NCT01105650?tab=history
NCT01142401,original,,,,CURRENT_ONLY_HISTORY_UNAVAILABLE,https://clinicaltrials.gov/study/NCT01142401?tab=history
NCT01142401,pre_recruitment,,,,CURRENT_ONLY_HISTORY_UNAVAILABLE,https://clinicaltrials.gov/study/NCT01142401?tab=history
NCT01142401,pre_primary_completion,,,,CURRENT_ONLY_HISTORY_UNAVAILABLE,https://clinicaltrials.gov/study/NCT01142401?tab=history
NCT01142401,pre_publication,,,,CURRENT_ONLY_HISTORY_UNAVAILABLE,https://clinicaltrials.gov/study/NCT01142401?tab=history
NCT01142401,current,current,,Number of Participants With Progression Free Survival (PFS) at 12 Months [Time Frame: At 12 months] | Number of Participants With Progression Free Survival (PFS) at 6 Months [Time Frame: At 6 months],CURRENT_ONLY_HISTORY_UNAVAILABLE,https://clinicaltrials.gov/study/NCT01142401?tab=history
NCT03057600,original,,,,CURRENT_ONLY_HISTORY_UNAVAILABLE,https://clinicaltrials.gov/study/NCT03057600?tab=history
NCT03057600,pre_recruitment,,,,CURRENT_ONLY_HISTORY_UNAVAILABLE,https://clinicaltrials.gov/study/NCT03057600?tab=history
NCT03057600,pre_primary_completion,,,,CURRENT_ONLY_HISTORY_UNAVAILABLE,https://clinicaltrials.gov/study/NCT03057600?tab=history
NCT03057600,pre_publication,,,,CURRENT_ONLY_HISTORY_UNAVAILABLE,https://clinicaltrials.gov/study/NCT03057600?tab=history
NCT03057600,current,current,,Overall Response Rate (ORR) [Time Frame: Maximum duration of follow-up for ORR was 14.8 months.],CURRENT_ONLY_HISTORY_UNAVAILABLE,https://clinicaltrials.gov/study/NCT03057600?tab=history
NCT01073865,original,,,,CURRENT_ONLY_HISTORY_UNAVAILABLE,https://clinicaltrials.gov/study/NCT01073865?tab=history
NCT01073865,pre_recruitment,,,,CURRENT_ONLY_HISTORY_UNAVAILABLE,https://clinicaltrials.gov/study/NCT01073865?tab=history
NCT01073865,pre_primary_completion,,,,CURRENT_ONLY_HISTORY_UNAVAILABLE,https://clinicaltrials.gov/study/NCT01073865?tab=history
NCT01073865,pre_publication,,,,CURRENT_ONLY_HISTORY_UNAVAILABLE,https://clinicaltrials.gov/study/NCT01073865?tab=history
NCT01073865,current,current,,Number of Patients With Progression-free Survival (PFS) at 24 Weeks [Time Frame: 24 weeks after the first dosing],CURRENT_ONLY_HISTORY_UNAVAILABLE,https://clinicaltrials.gov/study/NCT01073865?tab=history
NCT01401166,original,,,,CURRENT_ONLY_HISTORY_UNAVAILABLE,https://clinicaltrials.gov/study/NCT01401166?tab=history
NCT01401166,pre_recruitment,,,,CURRENT_ONLY_HISTORY_UNAVAILABLE,https://clinicaltrials.gov/study/NCT01401166?tab=history
NCT01401166,pre_primary_completion,,,,CURRENT_ONLY_HISTORY_UNAVAILABLE,https://clinicaltrials.gov/study/NCT01401166?tab=history
NCT01401166,pre_publication,,,,CURRENT_ONLY_HISTORY_UNAVAILABLE,https://clinicaltrials.gov/study/NCT01401166?tab=history
NCT01401166,current,current,,Percentage of Participants by Preferred Method of Drug Administration [Time Frame: Week 24],CURRENT_ONLY_HISTORY_UNAVAILABLE,https://clinicaltrials.gov/study/NCT01401166?tab=history
NCT03575065,original,,,,CURRENT_ONLY_HISTORY_UNAVAILABLE,https://clinicaltrials.gov/study/NCT03575065?tab=history
NCT03575065,pre_recruitment,,,,CURRENT_ONLY_HISTORY_UNAVAILABLE,https://clinicaltrials.gov/study/NCT03575065?tab=history
NCT03575065,pre_primary_completion,,,,CURRENT_ONLY_HISTORY_UNAVAILABLE,https://clinicaltrials.gov/study/NCT03575065?tab=history
NCT03575065,pre_publication,,,,CURRENT_ONLY_HISTORY_UNAVAILABLE,https://clinicaltrials.gov/study/NCT03575065?tab=history
NCT03575065,current,current,,Objective Response Rate (ORR) as Assessed by Independent Radiology Review (IRC) [Time Frame: From the first dose of pamiparib to first documentation of disease progression while participant is alive (Approximately 2 years and 4 months)],CURRENT_ONLY_HISTORY_UNAVAILABLE,https://clinicaltrials.gov/study/NCT03575065?tab=history
NCT02527434,original,,,,CURRENT_ONLY_HISTORY_UNAVAILABLE,https://clinicaltrials.gov/study/NCT02527434?tab=history
NCT02527434,pre_recruitment,,,,CURRENT_ONLY_HISTORY_UNAVAILABLE,https://clinicaltrials.gov/study/NCT02527434?tab=history
NCT02527434,pre_primary_completion,,,,CURRENT_ONLY_HISTORY_UNAVAILABLE,https://clinicaltrials.gov/study/NCT02527434?tab=history
NCT02527434,pre_publication,,,,CURRENT_ONLY_HISTORY_UNAVAILABLE,https://clinicaltrials.gov/study/NCT02527434?tab=history
NCT02527434,current,current,,Percentage of Patients With Confirmed Overall Response During Tremelimumab Monotherapy Phase [Time Frame: From baseline to 12 months in the tremelimumab monotherapy phase],CURRENT_ONLY_HISTORY_UNAVAILABLE,https://clinicaltrials.gov/study/NCT02527434?tab=history
NCT03094052,original,,,,CURRENT_ONLY_HISTORY_UNAVAILABLE,https://clinicaltrials.gov/study/NCT03094052?tab=history
NCT03094052,pre_recruitment,,,,CURRENT_ONLY_HISTORY_UNAVAILABLE,https://clinicaltrials.gov/study/NCT03094052?tab=history
NCT03094052,pre_primary_completion,,,,CURRENT_ONLY_HISTORY_UNAVAILABLE,https://clinicaltrials.gov/study/NCT03094052?tab=history
NCT03094052,pre_publication,,,,CURRENT_ONLY_HISTORY_UNAVAILABLE,https://clinicaltrials.gov/study/NCT03094052?tab=history
NCT03094052,current,current,,Percentage of Participants With Grade 3 or Greater Diarrhea [Time Frame: Up to 6 weeks] | Percentage of Participants Who Did Not Require Loperamide During Multiple Cycles of Treatment [Time Frame: Up to 55 weeks] | Percentage of Participants Who Discontinued Anti-diarrheal Medications for Multiple Cycles of Treatment [Time Frame: Up to 55 weeks] | Percentage of Participants With Treatment-related Adverse Events [Time Frame: Up to 55 weeks] | Number of Participants With Neratinib Dose Holds [Time Frame: Up to 55 weeks] | Number of Participants Who Discontinued Neratinib Early [Time Frame: Up to 55 weeks] | Number of Participants With Neratinib Dose-reductions [Time Frame: Up to 55 weeks],CURRENT_ONLY_HISTORY_UNAVAILABLE,https://clinicaltrials.gov/study/NCT03094052?tab=history
NCT00849472,original,,,,CURRENT_ONLY_HISTORY_UNAVAILABLE,https://clinicaltrials.gov/study/NCT00849472?tab=history
NCT00849472,pre_recruitment,,,,CURRENT_ONLY_HISTORY_UNAVAILABLE,https://clinicaltrials.gov/study/NCT00849472?tab=history
NCT00849472,pre_primary_completion,,,,CURRENT_ONLY_HISTORY_UNAVAILABLE,https://clinicaltrials.gov/study/NCT00849472?tab=history
NCT00849472,pre_publication,,,,CURRENT_ONLY_HISTORY_UNAVAILABLE,https://clinicaltrials.gov/study/NCT00849472?tab=history
NCT00849472,current,current,,Number of Participants With Pathologic Complete Response (pCR) in the Breast and Nodes [Time Frame: From the start of the study until the time of surgery (average of 221.9 days [standard deviation of 23.65 days] after study entry)],CURRENT_ONLY_HISTORY_UNAVAILABLE,https://clinicaltrials.gov/study/NCT00849472?tab=history
NCT02659514,original,,,,CURRENT_ONLY_HISTORY_UNAVAILABLE,https://clinicaltrials.gov/study/NCT02659514?tab=history
NCT02659514,pre_recruitment,,,,CURRENT_ONLY_HISTORY_UNAVAILABLE,https://clinicaltrials.gov/study/NCT02659514?tab=history
NCT02659514,pre_primary_completion,,,,CURRENT_ONLY_HISTORY_UNAVAILABLE,https://clinicaltrials.gov/study/NCT02659514?tab=history
NCT02659514,pre_publication,,,,CURRENT_ONLY_HISTORY_UNAVAILABLE,https://clinicaltrials.gov/study/NCT02659514?tab=history
NCT02659514,current,current,,Objective Response Rate (ORR) [Time Frame: Up to 24 months],CURRENT_ONLY_HISTORY_UNAVAILABLE,https://clinicaltrials.gov/study/NCT02659514?tab=history
NCT01684215,original,,,,CURRENT_ONLY_HISTORY_UNAVAILABLE,https://clinicaltrials.gov/study/NCT01684215?tab=history
NCT01684215,pre_recruitment,,,,CURRENT_ONLY_HISTORY_UNAVAILABLE,https://clinicaltrials.gov/study/NCT01684215?tab=history
NCT01684215,pre_primary_completion,,,,CURRENT_ONLY_HISTORY_UNAVAILABLE,https://clinicaltrials.gov/study/NCT01684215?tab=history
NCT01684215,pre_publication,,,,CURRENT_ONLY_HISTORY_UNAVAILABLE,https://clinicaltrials.gov/study/NCT01684215?tab=history
NCT01684215,current,current,,Number of Participants With Dose Limiting Toxicities (DLT): Part 1 Phase 1 [Time Frame: Lead-in period (Day -7) up to Day 28 (Cycle 1)] | Number of Participants With Treatment-Related Adverse Events (AEs) and Serious Adverse Events (SAEs): Part 2 Phase 1 [Time Frame: Baseline (Day 1) up to 28 days after last dose of study drug (up to 1673 days)] | Number of Participants With Treatment-Emergent Adverse Events (TEAEs) By Severity: Part 2 Phase 1 [Time Frame: Baseline (Day 1) up to 28 days after last dose of study drug (up to 1673 days)] | Percentage of Participants With 1 Year Progression Free Survival (PFS): Phase 2 [Time Frame: From initiation of treatment up to 12 months],CURRENT_ONLY_HISTORY_UNAVAILABLE,https://clinicaltrials.gov/study/NCT01684215?tab=history
NCT03179904,original,,,,CURRENT_ONLY_HISTORY_UNAVAILABLE,https://clinicaltrials.gov/study/NCT03179904?tab=history
NCT03179904,pre_recruitment,,,,CURRENT_ONLY_HISTORY_UNAVAILABLE,https://clinicaltrials.gov/study/NCT03179904?tab=history
NCT03179904,pre_primary_completion,,,,CURRENT_ONLY_HISTORY_UNAVAILABLE,https://clinicaltrials.gov/study/NCT03179904?tab=history
NCT03179904,pre_publication,,,,CURRENT_ONLY_HISTORY_UNAVAILABLE,https://clinicaltrials.gov/study/NCT03179904?tab=history
NCT03179904,current,current,,Overall Response Rate [Time Frame: 14 months],CURRENT_ONLY_HISTORY_UNAVAILABLE,https://clinicaltrials.gov/study/NCT03179904?tab=history
NCT02971761,original,,,,CURRENT_ONLY_HISTORY_UNAVAILABLE,https://clinicaltrials.gov/study/NCT02971761?tab=history
NCT02971761,pre_recruitment,,,,CURRENT_ONLY_HISTORY_UNAVAILABLE,https://clinicaltrials.gov/study/NCT02971761?tab=history
NCT02971761,pre_primary_completion,,,,CURRENT_ONLY_HISTORY_UNAVAILABLE,https://clinicaltrials.gov/study/NCT02971761?tab=history
NCT02971761,pre_publication,,,,CURRENT_ONLY_HISTORY_UNAVAILABLE,https://clinicaltrials.gov/study/NCT02971761?tab=history
NCT02971761,current,current,,Response Rate (Complete Response or Partial Response) [Time Frame: Up to 36 months],CURRENT_ONLY_HISTORY_UNAVAILABLE,https://clinicaltrials.gov/study/NCT02971761?tab=history
NCT01313117,original,,,,CURRENT_ONLY_HISTORY_UNAVAILABLE,https://clinicaltrials.gov/study/NCT01313117?tab=history
NCT01313117,pre_recruitment,,,,CURRENT_ONLY_HISTORY_UNAVAILABLE,https://clinicaltrials.gov/study/NCT01313117?tab=history
NCT01313117,pre_primary_completion,,,,CURRENT_ONLY_HISTORY_UNAVAILABLE,https://clinicaltrials.gov/study/NCT01313117?tab=history
NCT01313117,pre_publication,,,,CURRENT_ONLY_HISTORY_UNAVAILABLE,https://clinicaltrials.gov/study/NCT01313117?tab=history
NCT01313117,current,current,,Identification of the Optimal Dose of ALA Based on Acceptable Adverse Event(AE) Profile [Time Frame: 4 months],CURRENT_ONLY_HISTORY_UNAVAILABLE,https://clinicaltrials.gov/study/NCT01313117?tab=history
NCT02435680,original,,,,CURRENT_ONLY_HISTORY_UNAVAILABLE,https://clinicaltrials.gov/study/NCT02435680?tab=history
NCT02435680,pre_recruitment,,,,CURRENT_ONLY_HISTORY_UNAVAILABLE,https://clinicaltrials.gov/study/NCT02435680?tab=history
NCT02435680,pre_primary_completion,,,,CURRENT_ONLY_HISTORY_UNAVAILABLE,https://clinicaltrials.gov/study/NCT02435680?tab=history
NCT02435680,pre_publication,,,,CURRENT_ONLY_HISTORY_UNAVAILABLE,https://clinicaltrials.gov/study/NCT02435680?tab=history
NCT02435680,current,current,,Progression Free Survival (PFS) as Per RECIST v1.1 (by Local Investigator Assessment) [Time Frame: 4 years],CURRENT_ONLY_HISTORY_UNAVAILABLE,https://clinicaltrials.gov/study/NCT02435680?tab=history
NCT01441596,original,,,,CURRENT_ONLY_HISTORY_UNAVAILABLE,https://clinicaltrials.gov/study/NCT01441596?tab=history
NCT01441596,pre_recruitment,,,,CURRENT_ONLY_HISTORY_UNAVAILABLE,https://clinicaltrials.gov/study/NCT01441596?tab=history
NCT01441596,pre_primary_completion,,,,CURRENT_ONLY_HISTORY_UNAVAILABLE,https://clinicaltrials.gov/study/NCT01441596?tab=history
NCT01441596,pre_publication,,,,CURRENT_ONLY_HISTORY_UNAVAILABLE,https://clinicaltrials.gov/study/NCT01441596?tab=history
NCT01441596,current,current,,Patient Benefit Rate at 12 Weeks [Time Frame: 12 weeks from randomisation],CURRENT_ONLY_HISTORY_UNAVAILABLE,https://clinicaltrials.gov/study/NCT01441596?tab=history
NCT03106415,original,,,,CURRENT_ONLY_HISTORY_UNAVAILABLE,https://clinicaltrials.gov/study/NCT03106415?tab=history
NCT03106415,pre_recruitment,,,,CURRENT_ONLY_HISTORY_UNAVAILABLE,https://clinicaltrials.gov/study/NCT03106415?tab=history
NCT03106415,pre_primary_completion,,,,CURRENT_ONLY_HISTORY_UNAVAILABLE,https://clinicaltrials.gov/study/NCT03106415?tab=history
NCT03106415,pre_publication,,,,CURRENT_ONLY_HISTORY_UNAVAILABLE,https://clinicaltrials.gov/study/NCT03106415?tab=history
NCT03106415,current,current,,Maximum Tolerated Dose (MTD) of Pembrolizumab in Combination With Binimetinib Using the Standard 3+3 Design (Phase I) [Time Frame: 35 days] | Objective Response Rate (ORR) as (Phase II) [Time Frame: 3 years],CURRENT_ONLY_HISTORY_UNAVAILABLE,https://clinicaltrials.gov/study/NCT03106415?tab=history
NCT02789657,original,,,,CURRENT_ONLY_HISTORY_UNAVAILABLE,https://clinicaltrials.gov/study/NCT02789657?tab=history
NCT02789657,pre_recruitment,,,,CURRENT_ONLY_HISTORY_UNAVAILABLE,https://clinicaltrials.gov/study/NCT02789657?tab=history
NCT02789657,pre_primary_completion,,,,CURRENT_ONLY_HISTORY_UNAVAILABLE,https://clinicaltrials.gov/study/NCT02789657?tab=history
NCT02789657,pre_publication,,,,CURRENT_ONLY_HISTORY_UNAVAILABLE,https://clinicaltrials.gov/study/NCT02789657?tab=history
NCT02789657,current,current,,Percent of Patients Who Achieve a pCR [Time Frame: at surgery post approximately 18 weeks of treatment] | Number of of Patients Who Develop Major Toxicities as Defined in Protocol. [Time Frame: From start of neo-adjuvant treatment through approximately 18 weeks.],CURRENT_ONLY_HISTORY_UNAVAILABLE,https://clinicaltrials.gov/study/NCT02789657?tab=history
NCT01963481,original,,,,CURRENT_ONLY_HISTORY_UNAVAILABLE,https://clinicaltrials.gov/study/NCT01963481?tab=history
NCT01963481,pre_recruitment,,,,CURRENT_ONLY_HISTORY_UNAVAILABLE,https://clinicaltrials.gov/study/NCT01963481?tab=history
NCT01963481,pre_primary_completion,,,,CURRENT_ONLY_HISTORY_UNAVAILABLE,https://clinicaltrials.gov/study/NCT01963481?tab=history
NCT01963481,pre_publication,,,,CURRENT_ONLY_HISTORY_UNAVAILABLE,https://clinicaltrials.gov/study/NCT01963481?tab=history
NCT01963481,current,current,,Progression-free Survival (PFS) Rate at 3 Months [Time Frame: 3 months],CURRENT_ONLY_HISTORY_UNAVAILABLE,https://clinicaltrials.gov/study/NCT01963481?tab=history
NCT00770809,original,,,,CURRENT_ONLY_HISTORY_UNAVAILABLE,https://clinicaltrials.gov/study/NCT00770809?tab=history
NCT00770809,pre_recruitment,,,,CURRENT_ONLY_HISTORY_UNAVAILABLE,https://clinicaltrials.gov/study/NCT00770809?tab=history
NCT00770809,pre_primary_completion,,,,CURRENT_ONLY_HISTORY_UNAVAILABLE,https://clinicaltrials.gov/study/NCT00770809?tab=history
NCT00770809,pre_publication,,,,CURRENT_ONLY_HISTORY_UNAVAILABLE,https://clinicaltrials.gov/study/NCT00770809?tab=history
NCT00770809,current,current,,pCR Rate [Time Frame: At time of surgery],CURRENT_ONLY_HISTORY_UNAVAILABLE,https://clinicaltrials.gov/study/NCT00770809?tab=history
NCT01750073,original,,,,CURRENT_ONLY_HISTORY_UNAVAILABLE,https://clinicaltrials.gov/study/NCT01750073?tab=history
NCT01750073,pre_recruitment,,,,CURRENT_ONLY_HISTORY_UNAVAILABLE,https://clinicaltrials.gov/study/NCT01750073?tab=history
NCT01750073,pre_primary_completion,,,,CURRENT_ONLY_HISTORY_UNAVAILABLE,https://clinicaltrials.gov/study/NCT01750073?tab=history
NCT01750073,pre_publication,,,,CURRENT_ONLY_HISTORY_UNAVAILABLE,https://clinicaltrials.gov/study/NCT01750073?tab=history
NCT01750073,current,current,,"Overall Incidence of Toxicities, Graded According to the National Cancer Institute (NCI) Common Terminology Criteria for Adverse Events (CTCAE) Version 4.0 [Time Frame: Up to 30 days after completion of study treatment, maximum of 114 days] | Overall Severity of Toxicities, Graded According to the NCI CTCAE Version 4.0 [Time Frame: Up to 30 days after completion of study treatment, maximum of 114 days] | Number of Participants in the Subgroups Who Had a Pathologic Complete Response (pCR) [Time Frame: Up to 12 weeks (after the first 6 courses of treatment), maximum of 168 days]",CURRENT_ONLY_HISTORY_UNAVAILABLE,https://clinicaltrials.gov/study/NCT01750073?tab=history
NCT04758780,original,,,,CURRENT_ONLY_HISTORY_UNAVAILABLE,https://clinicaltrials.gov/study/NCT04758780?tab=history
NCT04758780,pre_recruitment,,,,CURRENT_ONLY_HISTORY_UNAVAILABLE,https://clinicaltrials.gov/study/NCT04758780?tab=history
NCT04758780,pre_primary_completion,,,,CURRENT_ONLY_HISTORY_UNAVAILABLE,https://clinicaltrials.gov/study/NCT04758780?tab=history
NCT04758780,pre_publication,,,,CURRENT_ONLY_HISTORY_UNAVAILABLE,https://clinicaltrials.gov/study/NCT04758780?tab=history
NCT04758780,current,current,,Number of Total Lesions Detected on 89Zr-TLX250 PET/CT Versus 18FDG PET/CT [Time Frame: 5 days] | Number of Brain Lesions Seen on 89Zr-TLX250 PET/CT and on 18FDG PET/CT [Time Frame: 5 days] | Number of Breast Lesions Seen on 89Zr-TLX250 PET/CT and on 18FDG PET/CT [Time Frame: 5 days] | Number of Bone Lesions Seen on 89Zr-TLX250 PET/CT and on 18FDG PET/CT [Time Frame: 5 days] | Number of Lymph Nodes Lesions Seen on 89Zr-TLX250 PET/CT and on 18FDG PET/CT [Time Frame: 5 days] | Number of Lung Lesions Seen on 89Zr-TLX250 PET/CT and on 18FDG PET/CT [Time Frame: 5 days] | Number of Liver Lesions Seen on 89Zr-TLX250 PET/CT and on 18FDG PET/CT [Time Frame: 5 days],CURRENT_ONLY_HISTORY_UNAVAILABLE,https://clinicaltrials.gov/study/NCT04758780?tab=history
NCT03337724,original,,,,CURRENT_ONLY_HISTORY_UNAVAILABLE,https://clinicaltrials.gov/study/NCT03337724?tab=history
NCT03337724,pre_recruitment,,,,CURRENT_ONLY_HISTORY_UNAVAILABLE,https://clinicaltrials.gov/study/NCT03337724?tab=history
NCT03337724,pre_primary_completion,,,,CURRENT_ONLY_HISTORY_UNAVAILABLE,https://clinicaltrials.gov/study/NCT03337724?tab=history
NCT03337724,pre_publication,,,,CURRENT_ONLY_HISTORY_UNAVAILABLE,https://clinicaltrials.gov/study/NCT03337724?tab=history
NCT03337724,current,current,,Cohort A: Progression-Free Survival (PFS) [Time Frame: From randomization up to 27 months] | Cohort B: PFS [Time Frame: From randomization up to 24.4 months] | Cohort C: PFS [Time Frame: From enrollment up to 31 months],CURRENT_ONLY_HISTORY_UNAVAILABLE,https://clinicaltrials.gov/study/NCT03337724?tab=history
NCT03523585,original,,,,CURRENT_ONLY_HISTORY_UNAVAILABLE,https://clinicaltrials.gov/study/NCT03523585?tab=history
NCT03523585,pre_recruitment,,,,CURRENT_ONLY_HISTORY_UNAVAILABLE,https://clinicaltrials.gov/study/NCT03523585?tab=history
NCT03523585,pre_primary_completion,,,,CURRENT_ONLY_HISTORY_UNAVAILABLE,https://clinicaltrials.gov/study/NCT03523585?tab=history
NCT03523585,pre_publication,,,,CURRENT_ONLY_HISTORY_UNAVAILABLE,https://clinicaltrials.gov/study/NCT03523585?tab=history
NCT03523585,current,current,,"Progression-Free Survival (PFS) Based on Blinded Independent Central Review (BICR) in Participants With HER2-positive, Unresectable and/or Metastatic Breast Cancer Participants Previously Treated With Trastuzumab Emtansine [Time Frame: Baseline up to 46 months postdose]",CURRENT_ONLY_HISTORY_UNAVAILABLE,https://clinicaltrials.gov/study/NCT03523585?tab=history
NCT02708680,original,,,,CURRENT_ONLY_HISTORY_UNAVAILABLE,https://clinicaltrials.gov/study/NCT02708680?tab=history
NCT02708680,pre_recruitment,,,,CURRENT_ONLY_HISTORY_UNAVAILABLE,https://clinicaltrials.gov/study/NCT02708680?tab=history
NCT02708680,pre_primary_completion,,,,CURRENT_ONLY_HISTORY_UNAVAILABLE,https://clinicaltrials.gov/study/NCT02708680?tab=history
NCT02708680,pre_publication,,,,CURRENT_ONLY_HISTORY_UNAVAILABLE,https://clinicaltrials.gov/study/NCT02708680?tab=history
NCT02708680,current,current,,Phase 1b: Participants Experiencing DLT [Time Frame: Up to 21 days after Cycle 1 Day 1] | Phase 1b: Determination of the RP2D [Time Frame: Up to 21 days after Cycle 1 Day 1] | Phase 2 Expansion: Duration of Progression-free Survival (PFS) Using Response Evaluation Criteria in Solid Tumors Version 1.1 (RECIST 1.1) [Time Frame: Up to 1 year],CURRENT_ONLY_HISTORY_UNAVAILABLE,https://clinicaltrials.gov/study/NCT02708680?tab=history
NCT00444535,original,,,,CURRENT_ONLY_HISTORY_UNAVAILABLE,https://clinicaltrials.gov/study/NCT00444535?tab=history
NCT00444535,pre_recruitment,,,,CURRENT_ONLY_HISTORY_UNAVAILABLE,https://clinicaltrials.gov/study/NCT00444535?tab=history
NCT00444535,pre_primary_completion,,,,CURRENT_ONLY_HISTORY_UNAVAILABLE,https://clinicaltrials.gov/study/NCT00444535?tab=history
NCT00444535,pre_publication,,,,CURRENT_ONLY_HISTORY_UNAVAILABLE,https://clinicaltrials.gov/study/NCT00444535?tab=history
NCT00444535,current,current,,Investigator-evaluated Crude Progression-free Survival Rate After 12 Weeks of Study Treatment [Time Frame: up to week 12],CURRENT_ONLY_HISTORY_UNAVAILABLE,https://clinicaltrials.gov/study/NCT00444535?tab=history
NCT00483223,original,,,,CURRENT_ONLY_HISTORY_UNAVAILABLE,https://clinicaltrials.gov/study/NCT00483223?tab=history
NCT00483223,pre_recruitment,,,,CURRENT_ONLY_HISTORY_UNAVAILABLE,https://clinicaltrials.gov/study/NCT00483223?tab=history
NCT00483223,pre_primary_completion,,,,CURRENT_ONLY_HISTORY_UNAVAILABLE,https://clinicaltrials.gov/study/NCT00483223?tab=history
NCT00483223,pre_publication,,,,CURRENT_ONLY_HISTORY_UNAVAILABLE,https://clinicaltrials.gov/study/NCT00483223?tab=history
NCT00483223,current,current,,Objective Response Rate [Time Frame: 3 years] | Response Rate Categorized by p63/p73 Ratio [Time Frame: 3 years],CURRENT_ONLY_HISTORY_UNAVAILABLE,https://clinicaltrials.gov/study/NCT00483223?tab=history
NCT00679783,original,,,,CURRENT_ONLY_HISTORY_UNAVAILABLE,https://clinicaltrials.gov/study/NCT00679783?tab=history
NCT00679783,pre_recruitment,,,,CURRENT_ONLY_HISTORY_UNAVAILABLE,https://clinicaltrials.gov/study/NCT00679783?tab=history
NCT00679783,pre_primary_completion,,,,CURRENT_ONLY_HISTORY_UNAVAILABLE,https://clinicaltrials.gov/study/NCT00679783?tab=history
NCT00679783,pre_publication,,,,CURRENT_ONLY_HISTORY_UNAVAILABLE,https://clinicaltrials.gov/study/NCT00679783?tab=history
NCT00679783,current,current,,"Objective Response Rate (ORR) Evaluated According to Response Evaluation Criteria In Solid Tumors (RECIST) Guidelines [Time Frame: Each patient with measurable disease at baseline was assessed for Objective Response from the sequence of RECIST scan data up to data cut-off, 26 March 2010. RECIST scans were performed every 8 weeks (+/- 2 weeks) from randomization.]",CURRENT_ONLY_HISTORY_UNAVAILABLE,https://clinicaltrials.gov/study/NCT00679783?tab=history
NCT03007979,original,,,,CURRENT_ONLY_HISTORY_UNAVAILABLE,https://clinicaltrials.gov/study/NCT03007979?tab=history
NCT03007979,pre_recruitment,,,,CURRENT_ONLY_HISTORY_UNAVAILABLE,https://clinicaltrials.gov/study/NCT03007979?tab=history
NCT03007979,pre_primary_completion,,,,CURRENT_ONLY_HISTORY_UNAVAILABLE,https://clinicaltrials.gov/study/NCT03007979?tab=history
NCT03007979,pre_publication,,,,CURRENT_ONLY_HISTORY_UNAVAILABLE,https://clinicaltrials.gov/study/NCT03007979?tab=history
NCT03007979,current,current,,Rate of Grade 3 or Higher Neutropenia [Time Frame: Through the first 29 days of treatment],CURRENT_ONLY_HISTORY_UNAVAILABLE,https://clinicaltrials.gov/study/NCT03007979?tab=history
NCT01231659,original,,,,CURRENT_ONLY_HISTORY_UNAVAILABLE,https://clinicaltrials.gov/study/NCT01231659?tab=history
NCT01231659,pre_recruitment,,,,CURRENT_ONLY_HISTORY_UNAVAILABLE,https://clinicaltrials.gov/study/NCT01231659?tab=history
NCT01231659,pre_primary_completion,,,,CURRENT_ONLY_HISTORY_UNAVAILABLE,https://clinicaltrials.gov/study/NCT01231659?tab=history
NCT01231659,pre_publication,,,,CURRENT_ONLY_HISTORY_UNAVAILABLE,https://clinicaltrials.gov/study/NCT01231659?tab=history
NCT01231659,current,current,,"Percentage of Participants With Overall Response Rate (ORR) [Time Frame: From the date of randomization until the date of the first documented disease progression or date of death from any cause whichever came first, assessed for approximately 15 months]",CURRENT_ONLY_HISTORY_UNAVAILABLE,https://clinicaltrials.gov/study/NCT01231659?tab=history
NCT01401959,original,,,,CURRENT_ONLY_HISTORY_UNAVAILABLE,https://clinicaltrials.gov/study/NCT01401959?tab=history
NCT01401959,pre_recruitment,,,,CURRENT_ONLY_HISTORY_UNAVAILABLE,https://clinicaltrials.gov/study/NCT01401959?tab=history
NCT01401959,pre_primary_completion,,,,CURRENT_ONLY_HISTORY_UNAVAILABLE,https://clinicaltrials.gov/study/NCT01401959?tab=history
NCT01401959,pre_publication,,,,CURRENT_ONLY_HISTORY_UNAVAILABLE,https://clinicaltrials.gov/study/NCT01401959?tab=history
NCT01401959,current,current,,Percentage of Patients With a 2 Year Disease-Free Survival (DFS) as a Measure of Efficacy [Time Frame: Up to 2 years],CURRENT_ONLY_HISTORY_UNAVAILABLE,https://clinicaltrials.gov/study/NCT01401959?tab=history
NCT02132949,original,,,,CURRENT_ONLY_HISTORY_UNAVAILABLE,https://clinicaltrials.gov/study/NCT02132949?tab=history
NCT02132949,pre_recruitment,,,,CURRENT_ONLY_HISTORY_UNAVAILABLE,https://clinicaltrials.gov/study/NCT02132949?tab=history
NCT02132949,pre_primary_completion,,,,CURRENT_ONLY_HISTORY_UNAVAILABLE,https://clinicaltrials.gov/study/NCT02132949?tab=history
NCT02132949,pre_publication,,,,CURRENT_ONLY_HISTORY_UNAVAILABLE,https://clinicaltrials.gov/study/NCT02132949?tab=history
NCT02132949,current,current,,"Percentage of Participants With at Least One Event of New York Heart Association (NYHA) Class III or IV Heart Failure During the Neoadjuvant Treatment Period [Time Frame: From day of first dose of pertuzumab or trastuzumab until the end of the neoadjuvant treatment period (as defined in the description; up to 25 weeks)] | Percentage of Participants With at Least One Left Ventricular Ejection Fraction (LVEF) Significant Decline, Defined as a Drop in LVEF of at Least 10 Percentage Points From Baseline and to Below 50%, During the Neoadjuvant Treatment Period [Time Frame: From day of first dose of pertuzumab or trastuzumab until the end of the neoadjuvant treatment period (as defined in the description; up to 25 weeks)]",CURRENT_ONLY_HISTORY_UNAVAILABLE,https://clinicaltrials.gov/study/NCT02132949?tab=history
NCT03025035,original,,,,CURRENT_ONLY_HISTORY_UNAVAILABLE,https://clinicaltrials.gov/study/NCT03025035?tab=history
NCT03025035,pre_recruitment,,,,CURRENT_ONLY_HISTORY_UNAVAILABLE,https://clinicaltrials.gov/study/NCT03025035?tab=history
NCT03025035,pre_primary_completion,,,,CURRENT_ONLY_HISTORY_UNAVAILABLE,https://clinicaltrials.gov/study/NCT03025035?tab=history
NCT03025035,pre_publication,,,,CURRENT_ONLY_HISTORY_UNAVAILABLE,https://clinicaltrials.gov/study/NCT03025035?tab=history
NCT03025035,current,current,,Overall Response Rate (ORR) Per RECIST1.1 [Time Frame: Up to 2 Years],CURRENT_ONLY_HISTORY_UNAVAILABLE,https://clinicaltrials.gov/study/NCT03025035?tab=history
NCT02513472,original,,,,CURRENT_ONLY_HISTORY_UNAVAILABLE,https://clinicaltrials.gov/study/NCT02513472?tab=history
NCT02513472,pre_recruitment,,,,CURRENT_ONLY_HISTORY_UNAVAILABLE,https://clinicaltrials.gov/study/NCT02513472?tab=history
NCT02513472,pre_primary_completion,,,,CURRENT_ONLY_HISTORY_UNAVAILABLE,https://clinicaltrials.gov/study/NCT02513472?tab=history
NCT02513472,pre_publication,,,,CURRENT_ONLY_HISTORY_UNAVAILABLE,https://clinicaltrials.gov/study/NCT02513472?tab=history
NCT02513472,current,current,,"Objective Response Rate (ORR) [Time Frame: From date of first dose of study drug administration to date of first documentation of disease progression or death, whichever occurred first (up to 3 years 11 months)]",CURRENT_ONLY_HISTORY_UNAVAILABLE,https://clinicaltrials.gov/study/NCT02513472?tab=history
NCT00398567,original,,,,CURRENT_ONLY_HISTORY_UNAVAILABLE,https://clinicaltrials.gov/study/NCT00398567?tab=history
NCT00398567,pre_recruitment,,,,CURRENT_ONLY_HISTORY_UNAVAILABLE,https://clinicaltrials.gov/study/NCT00398567?tab=history
NCT00398567,pre_primary_completion,,,,CURRENT_ONLY_HISTORY_UNAVAILABLE,https://clinicaltrials.gov/study/NCT00398567?tab=history
NCT00398567,pre_publication,,,,CURRENT_ONLY_HISTORY_UNAVAILABLE,https://clinicaltrials.gov/study/NCT00398567?tab=history
NCT00398567,current,current,,16-week Progression-free Survival (PFS) Rate [Time Frame: From first dose date to progression status (PD or death) at 16-week],CURRENT_ONLY_HISTORY_UNAVAILABLE,https://clinicaltrials.gov/study/NCT00398567?tab=history
NCT00601900,original,,,,CURRENT_ONLY_HISTORY_UNAVAILABLE,https://clinicaltrials.gov/study/NCT00601900?tab=history
NCT00601900,pre_recruitment,,,,CURRENT_ONLY_HISTORY_UNAVAILABLE,https://clinicaltrials.gov/study/NCT00601900?tab=history
NCT00601900,pre_primary_completion,,,,CURRENT_ONLY_HISTORY_UNAVAILABLE,https://clinicaltrials.gov/study/NCT00601900?tab=history
NCT00601900,pre_publication,,,,CURRENT_ONLY_HISTORY_UNAVAILABLE,https://clinicaltrials.gov/study/NCT00601900?tab=history
NCT00601900,current,current,,"Progression-free Survival [Time Frame: From randomization until disease progression or death whichever occurs first, assessed up to 5 years]",CURRENT_ONLY_HISTORY_UNAVAILABLE,https://clinicaltrials.gov/study/NCT00601900?tab=history
NCT00876395,original,,,,CURRENT_ONLY_HISTORY_UNAVAILABLE,https://clinicaltrials.gov/study/NCT00876395?tab=history
NCT00876395,pre_recruitment,,,,CURRENT_ONLY_HISTORY_UNAVAILABLE,https://clinicaltrials.gov/study/NCT00876395?tab=history
NCT00876395,pre_primary_completion,,,,CURRENT_ONLY_HISTORY_UNAVAILABLE,https://clinicaltrials.gov/study/NCT00876395?tab=history
NCT00876395,pre_publication,,,,CURRENT_ONLY_HISTORY_UNAVAILABLE,https://clinicaltrials.gov/study/NCT00876395?tab=history
NCT00876395,current,current,,"Progression-free Survival (PFS) Per Investigators' Assessment Based on Local Radiology Review - Full Population [Time Frame: date of randomization to the date of first documented tumor progression or death from any cause, whichever occurs first, reported between day of first patient randomized up to about 56 months] | Progression-free Survival (PFS) Per Investigators' Assessment Based on Local Radiology Review - (Hormone Receptor (HR)-Negative Population [Time Frame: date of randomization to the date of first documented tumor progression or death from any cause, whichever occurs first, reported between day of first patient randomized up to about 56 months]",CURRENT_ONLY_HISTORY_UNAVAILABLE,https://clinicaltrials.gov/study/NCT00876395?tab=history
NCT02732119,original,,,,CURRENT_ONLY_HISTORY_UNAVAILABLE,https://clinicaltrials.gov/study/NCT02732119?tab=history
NCT02732119,pre_recruitment,,,,CURRENT_ONLY_HISTORY_UNAVAILABLE,https://clinicaltrials.gov/study/NCT02732119?tab=history
NCT02732119,pre_primary_completion,,,,CURRENT_ONLY_HISTORY_UNAVAILABLE,https://clinicaltrials.gov/study/NCT02732119?tab=history
NCT02732119,pre_publication,,,,CURRENT_ONLY_HISTORY_UNAVAILABLE,https://clinicaltrials.gov/study/NCT02732119?tab=history
NCT02732119,current,current,,Participants With Dose Limiting Toxicities by Preferred Term in Cycle 1 (28 Days) - in Phase I [Time Frame: Baseline up to 28 days] | Clinical Benefit Rate as Per Central Review by Group- Phase II [Time Frame: From baseline up to 24 weeks] | Best Overall Responses (BOR) Summary Table as Per Central Review by Group - Phase II [Time Frame: Baseline up to 24 weeks and at 24 weeks],CURRENT_ONLY_HISTORY_UNAVAILABLE,https://clinicaltrials.gov/study/NCT02732119?tab=history
NCT02941926,original,,,,CURRENT_ONLY_HISTORY_UNAVAILABLE,https://clinicaltrials.gov/study/NCT02941926?tab=history
NCT02941926,pre_recruitment,,,,CURRENT_ONLY_HISTORY_UNAVAILABLE,https://clinicaltrials.gov/study/NCT02941926?tab=history
NCT02941926,pre_primary_completion,,,,CURRENT_ONLY_HISTORY_UNAVAILABLE,https://clinicaltrials.gov/study/NCT02941926?tab=history
NCT02941926,pre_publication,,,,CURRENT_ONLY_HISTORY_UNAVAILABLE,https://clinicaltrials.gov/study/NCT02941926?tab=history
NCT02941926,current,current,,"Number of Participants With Adverse Events (AEs) and Serious AEs (SAEs) During Treatment With Ribociclib + Letrozole in the Core Phase [Time Frame: From start of treatment up to 30 days after last treatment (for participants who did not enter to the Extension phase) or up to last treatment in the Core phase (for participants who entered the Extension phase), assessed up to approximately 33 months.]",CURRENT_ONLY_HISTORY_UNAVAILABLE,https://clinicaltrials.gov/study/NCT02941926?tab=history
NCT02530489,original,,,,CURRENT_ONLY_HISTORY_UNAVAILABLE,https://clinicaltrials.gov/study/NCT02530489?tab=history
NCT02530489,pre_recruitment,,,,CURRENT_ONLY_HISTORY_UNAVAILABLE,https://clinicaltrials.gov/study/NCT02530489?tab=history
NCT02530489,pre_primary_completion,,,,CURRENT_ONLY_HISTORY_UNAVAILABLE,https://clinicaltrials.gov/study/NCT02530489?tab=history
NCT02530489,pre_publication,,,,CURRENT_ONLY_HISTORY_UNAVAILABLE,https://clinicaltrials.gov/study/NCT02530489?tab=history
NCT02530489,current,current,,"RCB Status [Time Frame: at the time of surgery, up to 12 weeks]",CURRENT_ONLY_HISTORY_UNAVAILABLE,https://clinicaltrials.gov/study/NCT02530489?tab=history
NCT00767520,original,,,,CURRENT_ONLY_HISTORY_UNAVAILABLE,https://clinicaltrials.gov/study/NCT00767520?tab=history
NCT00767520,pre_recruitment,,,,CURRENT_ONLY_HISTORY_UNAVAILABLE,https://clinicaltrials.gov/study/NCT00767520?tab=history
NCT00767520,pre_primary_completion,,,,CURRENT_ONLY_HISTORY_UNAVAILABLE,https://clinicaltrials.gov/study/NCT00767520?tab=history
NCT00767520,pre_publication,,,,CURRENT_ONLY_HISTORY_UNAVAILABLE,https://clinicaltrials.gov/study/NCT00767520?tab=history
NCT00767520,current,current,,"Progression Free Survival (PFS) Distribution for Exemestane Plus Dasatinib vs Exemestane Plus Placebo [Time Frame: Prior to study therapy, at 8 week intervals until progression occurs (maximum participant PFS of 71 weeks)] | Participants With Disease Progression or Death for Exemestane Plus Dasatinib vs Exemestane Plus Placebo [Time Frame: Prior to study therapy, at 8 week intervals until progression occurs. Maximum participant PFS of ____ months)]",CURRENT_ONLY_HISTORY_UNAVAILABLE,https://clinicaltrials.gov/study/NCT00767520?tab=history
NCT00602043,original,,,,CURRENT_ONLY_HISTORY_UNAVAILABLE,https://clinicaltrials.gov/study/NCT00602043?tab=history
NCT00602043,pre_recruitment,,,,CURRENT_ONLY_HISTORY_UNAVAILABLE,https://clinicaltrials.gov/study/NCT00602043?tab=history
NCT00602043,pre_primary_completion,,,,CURRENT_ONLY_HISTORY_UNAVAILABLE,https://clinicaltrials.gov/study/NCT00602043?tab=history
NCT00602043,pre_publication,,,,CURRENT_ONLY_HISTORY_UNAVAILABLE,https://clinicaltrials.gov/study/NCT00602043?tab=history
NCT00602043,current,current,,Best Overall Response [Time Frame: Up to 6 months],CURRENT_ONLY_HISTORY_UNAVAILABLE,https://clinicaltrials.gov/study/NCT00602043?tab=history
NCT01439711,original,,,,CURRENT_ONLY_HISTORY_UNAVAILABLE,https://clinicaltrials.gov/study/NCT01439711?tab=history
NCT01439711,pre_recruitment,,,,CURRENT_ONLY_HISTORY_UNAVAILABLE,https://clinicaltrials.gov/study/NCT01439711?tab=history
NCT01439711,pre_primary_completion,,,,CURRENT_ONLY_HISTORY_UNAVAILABLE,https://clinicaltrials.gov/study/NCT01439711?tab=history
NCT01439711,pre_publication,,,,CURRENT_ONLY_HISTORY_UNAVAILABLE,https://clinicaltrials.gov/study/NCT01439711?tab=history
NCT01439711,current,current,,Mean Total MRI Functional Tumor Volume (FTV) Change From Baseline to Month 3 (V3) [Time Frame: up to 3 months from start of treatment] | Mean Total MRI Functional Tumor Volume (FTV) Change From Baseline to Month 6 (V6) [Time Frame: up to 6 months from start of treatment],CURRENT_ONLY_HISTORY_UNAVAILABLE,https://clinicaltrials.gov/study/NCT01439711?tab=history
NCT05101564,original,,,,CURRENT_ONLY_HISTORY_UNAVAILABLE,https://clinicaltrials.gov/study/NCT05101564?tab=history
NCT05101564,pre_recruitment,,,,CURRENT_ONLY_HISTORY_UNAVAILABLE,https://clinicaltrials.gov/study/NCT05101564?tab=history
NCT05101564,pre_primary_completion,,,,CURRENT_ONLY_HISTORY_UNAVAILABLE,https://clinicaltrials.gov/study/NCT05101564?tab=history
NCT05101564,pre_publication,,,,CURRENT_ONLY_HISTORY_UNAVAILABLE,https://clinicaltrials.gov/study/NCT05101564?tab=history
NCT05101564,current,current,,"Percentage Change in Ki67 [Time Frame: Measured pre-treatment and after treatment 15 or 19 days, based on the duration specified for the assigned therapy]",CURRENT_ONLY_HISTORY_UNAVAILABLE,https://clinicaltrials.gov/study/NCT05101564?tab=history
NCT02581839,original,,,,CURRENT_ONLY_HISTORY_UNAVAILABLE,https://clinicaltrials.gov/study/NCT02581839?tab=history
NCT02581839,pre_recruitment,,,,CURRENT_ONLY_HISTORY_UNAVAILABLE,https://clinicaltrials.gov/study/NCT02581839?tab=history
NCT02581839,pre_primary_completion,,,,CURRENT_ONLY_HISTORY_UNAVAILABLE,https://clinicaltrials.gov/study/NCT02581839?tab=history
NCT02581839,pre_publication,,,,CURRENT_ONLY_HISTORY_UNAVAILABLE,https://clinicaltrials.gov/study/NCT02581839?tab=history
NCT02581839,current,current,,Percent of Participants With Central Nervous System (CNS) Progression Free Survival (PFS) [Time Frame: At 12 weeks],CURRENT_ONLY_HISTORY_UNAVAILABLE,https://clinicaltrials.gov/study/NCT02581839?tab=history
NCT04957212,original,,,,CURRENT_ONLY_HISTORY_UNAVAILABLE,https://clinicaltrials.gov/study/NCT04957212?tab=history
NCT04957212,pre_recruitment,,,,CURRENT_ONLY_HISTORY_UNAVAILABLE,https://clinicaltrials.gov/study/NCT04957212?tab=history
NCT04957212,pre_primary_completion,,,,CURRENT_ONLY_HISTORY_UNAVAILABLE,https://clinicaltrials.gov/study/NCT04957212?tab=history
NCT04957212,pre_publication,,,,CURRENT_ONLY_HISTORY_UNAVAILABLE,https://clinicaltrials.gov/study/NCT04957212?tab=history
NCT04957212,current,current,,Breast Pathological Complete Response (bpCR) [Time Frame: 18-20 weeks after first intervention],CURRENT_ONLY_HISTORY_UNAVAILABLE,https://clinicaltrials.gov/study/NCT04957212?tab=history
NCT02000622,original,,,,CURRENT_ONLY_HISTORY_UNAVAILABLE,https://clinicaltrials.gov/study/NCT02000622?tab=history
NCT02000622,pre_recruitment,,,,CURRENT_ONLY_HISTORY_UNAVAILABLE,https://clinicaltrials.gov/study/NCT02000622?tab=history
NCT02000622,pre_primary_completion,,,,CURRENT_ONLY_HISTORY_UNAVAILABLE,https://clinicaltrials.gov/study/NCT02000622?tab=history
NCT02000622,pre_publication,,,,CURRENT_ONLY_HISTORY_UNAVAILABLE,https://clinicaltrials.gov/study/NCT02000622?tab=history
NCT02000622,current,current,,"Progression-free Survival (PFS) Using Blinded Independent Central Review (BICR) According to Modified Response Evaluation Criteria In Solid Tumours (RECIST v1.1) [Time Frame: Radiological scans performed at baseline then every ~6 weeks up to 24 weeks, then every ~ 12 weeks thereafter until objective radiological disease progression. Assessed up to a maximum of 30 months.]",CURRENT_ONLY_HISTORY_UNAVAILABLE,https://clinicaltrials.gov/study/NCT02000622?tab=history
NCT00206427,original,,,,CURRENT_ONLY_HISTORY_UNAVAILABLE,https://clinicaltrials.gov/study/NCT00206427?tab=history
NCT00206427,pre_recruitment,,,,CURRENT_ONLY_HISTORY_UNAVAILABLE,https://clinicaltrials.gov/study/NCT00206427?tab=history
NCT00206427,pre_primary_completion,,,,CURRENT_ONLY_HISTORY_UNAVAILABLE,https://clinicaltrials.gov/study/NCT00206427?tab=history
NCT00206427,pre_publication,,,,CURRENT_ONLY_HISTORY_UNAVAILABLE,https://clinicaltrials.gov/study/NCT00206427?tab=history
NCT00206427,current,current,,Clinical Response [Time Frame: at the end of week 6.],CURRENT_ONLY_HISTORY_UNAVAILABLE,https://clinicaltrials.gov/study/NCT00206427?tab=history
NCT03206203,original,,,,CURRENT_ONLY_HISTORY_UNAVAILABLE,https://clinicaltrials.gov/study/NCT03206203?tab=history
NCT03206203,pre_recruitment,,,,CURRENT_ONLY_HISTORY_UNAVAILABLE,https://clinicaltrials.gov/study/NCT03206203?tab=history
NCT03206203,pre_primary_completion,,,,CURRENT_ONLY_HISTORY_UNAVAILABLE,https://clinicaltrials.gov/study/NCT03206203?tab=history
NCT03206203,pre_publication,,,,CURRENT_ONLY_HISTORY_UNAVAILABLE,https://clinicaltrials.gov/study/NCT03206203?tab=history
NCT03206203,current,current,,Progression Free Survival (PFS) [Time Frame: Up to 3 years.],CURRENT_ONLY_HISTORY_UNAVAILABLE,https://clinicaltrials.gov/study/NCT03206203?tab=history
NCT02536794,original,,,,CURRENT_ONLY_HISTORY_UNAVAILABLE,https://clinicaltrials.gov/study/NCT02536794?tab=history
NCT02536794,pre_recruitment,,,,CURRENT_ONLY_HISTORY_UNAVAILABLE,https://clinicaltrials.gov/study/NCT02536794?tab=history
NCT02536794,pre_primary_completion,,,,CURRENT_ONLY_HISTORY_UNAVAILABLE,https://clinicaltrials.gov/study/NCT02536794?tab=history
NCT02536794,pre_publication,,,,CURRENT_ONLY_HISTORY_UNAVAILABLE,https://clinicaltrials.gov/study/NCT02536794?tab=history
NCT02536794,current,current,,Overall Response Rate (ORR) in Patients With Metastatic HER2 Negative Breast Cancer Treated With Durvalumab in Combination With Tremelimumab [Time Frame: Up to a maximum of 49 cycles where 1 cycle = 4 weeks for the first 4 cycles and than 1 cycle =2 weeks for 45 cycles] | Overall Response Rate (ORR) in Patients With Triple Negative Breast Cancer (TNBC) Treated With Durvalumab in Combination With Tremelimumab [Time Frame: Up to a maximum of 49 cycles where 1 cycle = 4 weeks for the first 4 cycles and then 1 cycle = 2 weeks for up to 45 cycles],CURRENT_ONLY_HISTORY_UNAVAILABLE,https://clinicaltrials.gov/study/NCT02536794?tab=history
NCT01746225,original,,,,CURRENT_ONLY_HISTORY_UNAVAILABLE,https://clinicaltrials.gov/study/NCT01746225?tab=history
NCT01746225,pre_recruitment,,,,CURRENT_ONLY_HISTORY_UNAVAILABLE,https://clinicaltrials.gov/study/NCT01746225?tab=history
NCT01746225,pre_primary_completion,,,,CURRENT_ONLY_HISTORY_UNAVAILABLE,https://clinicaltrials.gov/study/NCT01746225?tab=history
NCT01746225,pre_publication,,,,CURRENT_ONLY_HISTORY_UNAVAILABLE,https://clinicaltrials.gov/study/NCT01746225?tab=history
NCT01746225,current,current,,Progression-free Survival [Time Frame: Reported after 18.2 months median follow-up since randomization],CURRENT_ONLY_HISTORY_UNAVAILABLE,https://clinicaltrials.gov/study/NCT01746225?tab=history
NCT01629615,original,,,,CURRENT_ONLY_HISTORY_UNAVAILABLE,https://clinicaltrials.gov/study/NCT01629615?tab=history
NCT01629615,pre_recruitment,,,,CURRENT_ONLY_HISTORY_UNAVAILABLE,https://clinicaltrials.gov/study/NCT01629615?tab=history
NCT01629615,pre_primary_completion,,,,CURRENT_ONLY_HISTORY_UNAVAILABLE,https://clinicaltrials.gov/study/NCT01629615?tab=history
NCT01629615,pre_publication,,,,CURRENT_ONLY_HISTORY_UNAVAILABLE,https://clinicaltrials.gov/study/NCT01629615?tab=history
NCT01629615,current,current,,Rate of Clinical Benefit [Time Frame: Disease was evaluated radiologically at baseline and every 2 cycles on treatment then every 3 months up to 2 years. Participants in this study cohort were followed for response on average approximately 2 months.],CURRENT_ONLY_HISTORY_UNAVAILABLE,https://clinicaltrials.gov/study/NCT01629615?tab=history
NCT02456857,original,,,,CURRENT_ONLY_HISTORY_UNAVAILABLE,https://clinicaltrials.gov/study/NCT02456857?tab=history
NCT02456857,pre_recruitment,,,,CURRENT_ONLY_HISTORY_UNAVAILABLE,https://clinicaltrials.gov/study/NCT02456857?tab=history
NCT02456857,pre_primary_completion,,,,CURRENT_ONLY_HISTORY_UNAVAILABLE,https://clinicaltrials.gov/study/NCT02456857?tab=history
NCT02456857,pre_publication,,,,CURRENT_ONLY_HISTORY_UNAVAILABLE,https://clinicaltrials.gov/study/NCT02456857?tab=history
NCT02456857,current,current,,RCB Status [Time Frame: up to 3 years],CURRENT_ONLY_HISTORY_UNAVAILABLE,https://clinicaltrials.gov/study/NCT02456857?tab=history
NCT04436744,original,,,,CURRENT_ONLY_HISTORY_UNAVAILABLE,https://clinicaltrials.gov/study/NCT04436744?tab=history
NCT04436744,pre_recruitment,,,,CURRENT_ONLY_HISTORY_UNAVAILABLE,https://clinicaltrials.gov/study/NCT04436744?tab=history
NCT04436744,pre_primary_completion,,,,CURRENT_ONLY_HISTORY_UNAVAILABLE,https://clinicaltrials.gov/study/NCT04436744?tab=history
NCT04436744,pre_publication,,,,CURRENT_ONLY_HISTORY_UNAVAILABLE,https://clinicaltrials.gov/study/NCT04436744?tab=history
NCT04436744,current,current,,"Relative Percent Change in Ki67 Scores From Baseline to Week 2 [Time Frame: Baseline, Week 2]",CURRENT_ONLY_HISTORY_UNAVAILABLE,https://clinicaltrials.gov/study/NCT04436744?tab=history
NCT01783444,original,,,,CURRENT_ONLY_HISTORY_UNAVAILABLE,https://clinicaltrials.gov/study/NCT01783444?tab=history
NCT01783444,pre_recruitment,,,,CURRENT_ONLY_HISTORY_UNAVAILABLE,https://clinicaltrials.gov/study/NCT01783444?tab=history
NCT01783444,pre_primary_completion,,,,CURRENT_ONLY_HISTORY_UNAVAILABLE,https://clinicaltrials.gov/study/NCT01783444?tab=history
NCT01783444,pre_publication,,,,CURRENT_ONLY_HISTORY_UNAVAILABLE,https://clinicaltrials.gov/study/NCT01783444?tab=history
NCT01783444,current,current,,"Progression Free Survival (PFS) - Everolimus Plus Exemestane Versus Everolimus Alone [Time Frame: Date of randomization to the date of first documented tumor progression or death from any cause, whichever occurs first, reported between day of first patient randomized up to 39 months]",CURRENT_ONLY_HISTORY_UNAVAILABLE,https://clinicaltrials.gov/study/NCT01783444?tab=history
NCT05112536,original,,,,CURRENT_ONLY_HISTORY_UNAVAILABLE,https://clinicaltrials.gov/study/NCT05112536?tab=history
NCT05112536,pre_recruitment,,,,CURRENT_ONLY_HISTORY_UNAVAILABLE,https://clinicaltrials.gov/study/NCT05112536?tab=history
NCT05112536,pre_primary_completion,,,,CURRENT_ONLY_HISTORY_UNAVAILABLE,https://clinicaltrials.gov/study/NCT05112536?tab=history
NCT05112536,pre_publication,,,,CURRENT_ONLY_HISTORY_UNAVAILABLE,https://clinicaltrials.gov/study/NCT05112536?tab=history
NCT05112536,current,current,,Immune-based Mechanism of Action [Time Frame: Up to 8 days after lead-in trilaciclib dose],CURRENT_ONLY_HISTORY_UNAVAILABLE,https://clinicaltrials.gov/study/NCT05112536?tab=history
NCT03078751,original,,,,CURRENT_ONLY_HISTORY_UNAVAILABLE,https://clinicaltrials.gov/study/NCT03078751?tab=history
NCT03078751,pre_recruitment,,,,CURRENT_ONLY_HISTORY_UNAVAILABLE,https://clinicaltrials.gov/study/NCT03078751?tab=history
NCT03078751,pre_primary_completion,,,,CURRENT_ONLY_HISTORY_UNAVAILABLE,https://clinicaltrials.gov/study/NCT03078751?tab=history
NCT03078751,pre_publication,,,,CURRENT_ONLY_HISTORY_UNAVAILABLE,https://clinicaltrials.gov/study/NCT03078751?tab=history
NCT03078751,current,current,,Number of Participants With Adverse Events and Serious Adverse Events [Time Frame: Up to 26 months] | Percentage of Participants With Adverse Events and Serious Adverse Events [Time Frame: Up to 26 months],CURRENT_ONLY_HISTORY_UNAVAILABLE,https://clinicaltrials.gov/study/NCT03078751?tab=history
NCT03213041,original,,,,CURRENT_ONLY_HISTORY_UNAVAILABLE,https://clinicaltrials.gov/study/NCT03213041?tab=history
NCT03213041,pre_recruitment,,,,CURRENT_ONLY_HISTORY_UNAVAILABLE,https://clinicaltrials.gov/study/NCT03213041?tab=history
NCT03213041,pre_primary_completion,,,,CURRENT_ONLY_HISTORY_UNAVAILABLE,https://clinicaltrials.gov/study/NCT03213041?tab=history
NCT03213041,pre_publication,,,,CURRENT_ONLY_HISTORY_UNAVAILABLE,https://clinicaltrials.gov/study/NCT03213041?tab=history
NCT03213041,current,current,,"Progression Free Survival (PFS) [Time Frame: Every 9 weeks from the first study treatment, assessed up to 3 years]",CURRENT_ONLY_HISTORY_UNAVAILABLE,https://clinicaltrials.gov/study/NCT03213041?tab=history
NCT03483012,original,,,,CURRENT_ONLY_HISTORY_UNAVAILABLE,https://clinicaltrials.gov/study/NCT03483012?tab=history
NCT03483012,pre_recruitment,,,,CURRENT_ONLY_HISTORY_UNAVAILABLE,https://clinicaltrials.gov/study/NCT03483012?tab=history
NCT03483012,pre_primary_completion,,,,CURRENT_ONLY_HISTORY_UNAVAILABLE,https://clinicaltrials.gov/study/NCT03483012?tab=history
NCT03483012,pre_publication,,,,CURRENT_ONLY_HISTORY_UNAVAILABLE,https://clinicaltrials.gov/study/NCT03483012?tab=history
NCT03483012,current,current,,"Progression-Free Survival [Time Frame: Assessed from the first dose of atezolizumab until the date of first documented progression according to RANO-BM or date of death from any cause, whichever came first, for a maximum of 1.5 years]",CURRENT_ONLY_HISTORY_UNAVAILABLE,https://clinicaltrials.gov/study/NCT03483012?tab=history
NCT02297438,original,,,,CURRENT_ONLY_HISTORY_UNAVAILABLE,https://clinicaltrials.gov/study/NCT02297438?tab=history
NCT02297438,pre_recruitment,,,,CURRENT_ONLY_HISTORY_UNAVAILABLE,https://clinicaltrials.gov/study/NCT02297438?tab=history
NCT02297438,pre_primary_completion,,,,CURRENT_ONLY_HISTORY_UNAVAILABLE,https://clinicaltrials.gov/study/NCT02297438?tab=history
NCT02297438,pre_publication,,,,CURRENT_ONLY_HISTORY_UNAVAILABLE,https://clinicaltrials.gov/study/NCT02297438?tab=history
NCT02297438,current,current,,Progression-Free Survival (PFS) Based on Investigator's Assessment: Up to Primary Completion Date [Time Frame: Randomization up to 65 months],CURRENT_ONLY_HISTORY_UNAVAILABLE,https://clinicaltrials.gov/study/NCT02297438?tab=history
NCT00429299,original,,,,CURRENT_ONLY_HISTORY_UNAVAILABLE,https://clinicaltrials.gov/study/NCT00429299?tab=history
NCT00429299,pre_recruitment,,,,CURRENT_ONLY_HISTORY_UNAVAILABLE,https://clinicaltrials.gov/study/NCT00429299?tab=history
NCT00429299,pre_primary_completion,,,,CURRENT_ONLY_HISTORY_UNAVAILABLE,https://clinicaltrials.gov/study/NCT00429299?tab=history
NCT00429299,pre_publication,,,,CURRENT_ONLY_HISTORY_UNAVAILABLE,https://clinicaltrials.gov/study/NCT00429299?tab=history
NCT00429299,current,current,,Percentage of Participants With Pathological Complete Response (pCR) in the Breast and in the Lymph Nodes [Time Frame: At Baseline and surgery (within 5 weeks after the last chemotherapy administration) (assessed up to Study Week 29)],CURRENT_ONLY_HISTORY_UNAVAILABLE,https://clinicaltrials.gov/study/NCT00429299?tab=history
NCT01074970,original,,,,CURRENT_ONLY_HISTORY_UNAVAILABLE,https://clinicaltrials.gov/study/NCT01074970?tab=history
NCT01074970,pre_recruitment,,,,CURRENT_ONLY_HISTORY_UNAVAILABLE,https://clinicaltrials.gov/study/NCT01074970?tab=history
NCT01074970,pre_primary_completion,,,,CURRENT_ONLY_HISTORY_UNAVAILABLE,https://clinicaltrials.gov/study/NCT01074970?tab=history
NCT01074970,pre_publication,,,,CURRENT_ONLY_HISTORY_UNAVAILABLE,https://clinicaltrials.gov/study/NCT01074970?tab=history
NCT01074970,current,current,,Two-year Disease Free Survival [Time Frame: 24 months],CURRENT_ONLY_HISTORY_UNAVAILABLE,https://clinicaltrials.gov/study/NCT01074970?tab=history
NCT01009788,original,,,,CURRENT_ONLY_HISTORY_UNAVAILABLE,https://clinicaltrials.gov/study/NCT01009788?tab=history
NCT01009788,pre_recruitment,,,,CURRENT_ONLY_HISTORY_UNAVAILABLE,https://clinicaltrials.gov/study/NCT01009788?tab=history
NCT01009788,pre_primary_completion,,,,CURRENT_ONLY_HISTORY_UNAVAILABLE,https://clinicaltrials.gov/study/NCT01009788?tab=history
NCT01009788,pre_publication,,,,CURRENT_ONLY_HISTORY_UNAVAILABLE,https://clinicaltrials.gov/study/NCT01009788?tab=history
NCT01009788,current,current,,Objective Response Rate (ORR) of ABT-888 and Temozolomide (TMZ) in Metastatic Breast Cancer [Time Frame: 2 years],CURRENT_ONLY_HISTORY_UNAVAILABLE,https://clinicaltrials.gov/study/NCT01009788?tab=history
NCT00295646,original,,,,CURRENT_ONLY_HISTORY_UNAVAILABLE,https://clinicaltrials.gov/study/NCT00295646?tab=history
NCT00295646,pre_recruitment,,,,CURRENT_ONLY_HISTORY_UNAVAILABLE,https://clinicaltrials.gov/study/NCT00295646?tab=history
NCT00295646,pre_primary_completion,,,,CURRENT_ONLY_HISTORY_UNAVAILABLE,https://clinicaltrials.gov/study/NCT00295646?tab=history
NCT00295646,pre_publication,,,,CURRENT_ONLY_HISTORY_UNAVAILABLE,https://clinicaltrials.gov/study/NCT00295646?tab=history
NCT00295646,current,current,,"Comparison of Anastrozole vs Tamoxifen in Premenopausal Patients With Non-metastatic Breast Cancer With Respect to Disease-free Survival (DFS) [Time Frame: Time from randomization to the analysis data cut-off date when 124 DFS events had occurred. On the analysis data cut-off date, maximum time on study per patient was 102 months.] | Comparison of Zoledronate vs no Zoledronate in Premenopausal Patients With Non-metastatic Breast Cancer With Respect to Disease-free Survival (DFS) [Time Frame: Time from randomization to the analysis data cut-off date when 124 DFS events had occurred. On the analysis data cut-off date, maximum time on study per patient was 102 months.]",CURRENT_ONLY_HISTORY_UNAVAILABLE,https://clinicaltrials.gov/study/NCT00295646?tab=history
NCT03316586,original,,,,CURRENT_ONLY_HISTORY_UNAVAILABLE,https://clinicaltrials.gov/study/NCT03316586?tab=history
NCT03316586,pre_recruitment,,,,CURRENT_ONLY_HISTORY_UNAVAILABLE,https://clinicaltrials.gov/study/NCT03316586?tab=history
NCT03316586,pre_primary_completion,,,,CURRENT_ONLY_HISTORY_UNAVAILABLE,https://clinicaltrials.gov/study/NCT03316586?tab=history
NCT03316586,pre_publication,,,,CURRENT_ONLY_HISTORY_UNAVAILABLE,https://clinicaltrials.gov/study/NCT03316586?tab=history
NCT03316586,current,current,,Overall Response Rate [Time Frame: 2 years],CURRENT_ONLY_HISTORY_UNAVAILABLE,https://clinicaltrials.gov/study/NCT03316586?tab=history
NCT00861705,original,,,,CURRENT_ONLY_HISTORY_UNAVAILABLE,https://clinicaltrials.gov/study/NCT00861705?tab=history
NCT00861705,pre_recruitment,,,,CURRENT_ONLY_HISTORY_UNAVAILABLE,https://clinicaltrials.gov/study/NCT00861705?tab=history
NCT00861705,pre_primary_completion,,,,CURRENT_ONLY_HISTORY_UNAVAILABLE,https://clinicaltrials.gov/study/NCT00861705?tab=history
NCT00861705,pre_publication,,,,CURRENT_ONLY_HISTORY_UNAVAILABLE,https://clinicaltrials.gov/study/NCT00861705?tab=history
NCT00861705,current,current,,"Pathologic Complete Response (pCR) in the Breast. Defined as the Absence of Residual Invasive Carcinoma in the Breast (ypT0/is). [Time Frame: At the time of definitive surgical removal, up to 28 weeks] | Pathologic Complete Response (pCR) in the Breast. Defined as the Absence of Residual Invasive Carcinoma in the Breast (ypT0/is). [Time Frame: At the time of definitive surgical removal, up to 28 weeks]",CURRENT_ONLY_HISTORY_UNAVAILABLE,https://clinicaltrials.gov/study/NCT00861705?tab=history
NCT02258451,original,,,,CURRENT_ONLY_HISTORY_UNAVAILABLE,https://clinicaltrials.gov/study/NCT02258451?tab=history
NCT02258451,pre_recruitment,,,,CURRENT_ONLY_HISTORY_UNAVAILABLE,https://clinicaltrials.gov/study/NCT02258451?tab=history
NCT02258451,pre_primary_completion,,,,CURRENT_ONLY_HISTORY_UNAVAILABLE,https://clinicaltrials.gov/study/NCT02258451?tab=history
NCT02258451,pre_publication,,,,CURRENT_ONLY_HISTORY_UNAVAILABLE,https://clinicaltrials.gov/study/NCT02258451?tab=history
NCT02258451,current,current,,Symptomatic Skeletal Event-free Survival (SSE-FS) [Time Frame: Up to 55 months],CURRENT_ONLY_HISTORY_UNAVAILABLE,https://clinicaltrials.gov/study/NCT02258451?tab=history
NCT03054363,original,,,,CURRENT_ONLY_HISTORY_UNAVAILABLE,https://clinicaltrials.gov/study/NCT03054363?tab=history
NCT03054363,pre_recruitment,,,,CURRENT_ONLY_HISTORY_UNAVAILABLE,https://clinicaltrials.gov/study/NCT03054363?tab=history
NCT03054363,pre_primary_completion,,,,CURRENT_ONLY_HISTORY_UNAVAILABLE,https://clinicaltrials.gov/study/NCT03054363?tab=history
NCT03054363,pre_publication,,,,CURRENT_ONLY_HISTORY_UNAVAILABLE,https://clinicaltrials.gov/study/NCT03054363?tab=history
NCT03054363,current,current,,"Phase Ib Primary Outcome: Proportion of Patients Who Experienced DLTs Attributable to Palbociclib, Tucatinib, or Both [Time Frame: 15 months (From date of first consent until final safety analysis of Phase Ib)] | Phase II Primary Outcome: Median Progression-free Survival (mPFS) [Time Frame: 4 years (data cutoff of PFS calculation was when PFS became mature according to study statistician)]",CURRENT_ONLY_HISTORY_UNAVAILABLE,https://clinicaltrials.gov/study/NCT03054363?tab=history
NCT00281697,original,,,,CURRENT_ONLY_HISTORY_UNAVAILABLE,https://clinicaltrials.gov/study/NCT00281697?tab=history
NCT00281697,pre_recruitment,,,,CURRENT_ONLY_HISTORY_UNAVAILABLE,https://clinicaltrials.gov/study/NCT00281697?tab=history
NCT00281697,pre_primary_completion,,,,CURRENT_ONLY_HISTORY_UNAVAILABLE,https://clinicaltrials.gov/study/NCT00281697?tab=history
NCT00281697,pre_publication,,,,CURRENT_ONLY_HISTORY_UNAVAILABLE,https://clinicaltrials.gov/study/NCT00281697?tab=history
NCT00281697,current,current,,"Progression-free Survival [Time Frame: Baseline to data cut-off for analysis of the primary Outcome Measure (up to 3 years, 2 months)]",CURRENT_ONLY_HISTORY_UNAVAILABLE,https://clinicaltrials.gov/study/NCT00281697?tab=history
NCT03025880,original,,,,CURRENT_ONLY_HISTORY_UNAVAILABLE,https://clinicaltrials.gov/study/NCT03025880?tab=history
NCT03025880,pre_recruitment,,,,CURRENT_ONLY_HISTORY_UNAVAILABLE,https://clinicaltrials.gov/study/NCT03025880?tab=history
NCT03025880,pre_primary_completion,,,,CURRENT_ONLY_HISTORY_UNAVAILABLE,https://clinicaltrials.gov/study/NCT03025880?tab=history
NCT03025880,pre_publication,,,,CURRENT_ONLY_HISTORY_UNAVAILABLE,https://clinicaltrials.gov/study/NCT03025880?tab=history
NCT03025880,current,current,,"Number of Participants With Dose Limiting Toxicity (DLT) Within the First Cycle [Time Frame: Up to cycle 1] | Recommended Phase II Dose (RP2D) of Gemcitabine in Combination With Pembrolizumab [Time Frame: Up to cycle 1] | Objective Response Rate (ORR) [Time Frame: Through study treatment, and average of 3 months]",CURRENT_ONLY_HISTORY_UNAVAILABLE,https://clinicaltrials.gov/study/NCT03025880?tab=history
NCT02069093,original,,,,CURRENT_ONLY_HISTORY_UNAVAILABLE,https://clinicaltrials.gov/study/NCT02069093?tab=history
NCT02069093,pre_recruitment,,,,CURRENT_ONLY_HISTORY_UNAVAILABLE,https://clinicaltrials.gov/study/NCT02069093?tab=history
NCT02069093,pre_primary_completion,,,,CURRENT_ONLY_HISTORY_UNAVAILABLE,https://clinicaltrials.gov/study/NCT02069093?tab=history
NCT02069093,pre_publication,,,,CURRENT_ONLY_HISTORY_UNAVAILABLE,https://clinicaltrials.gov/study/NCT02069093?tab=history
NCT02069093,current,current,,Number of Participants With Stomatitis Grade ≥ 2 [Time Frame: 56 days],CURRENT_ONLY_HISTORY_UNAVAILABLE,https://clinicaltrials.gov/study/NCT02069093?tab=history
NCT02149524,original,,,,CURRENT_ONLY_HISTORY_UNAVAILABLE,https://clinicaltrials.gov/study/NCT02149524?tab=history
NCT02149524,pre_recruitment,,,,CURRENT_ONLY_HISTORY_UNAVAILABLE,https://clinicaltrials.gov/study/NCT02149524?tab=history
NCT02149524,pre_primary_completion,,,,CURRENT_ONLY_HISTORY_UNAVAILABLE,https://clinicaltrials.gov/study/NCT02149524?tab=history
NCT02149524,pre_publication,,,,CURRENT_ONLY_HISTORY_UNAVAILABLE,https://clinicaltrials.gov/study/NCT02149524?tab=history
NCT02149524,current,current,,The Pathologic Complete Response (pCR) Rate of the Primary Breast Tumour [Time Frame: Week 24],CURRENT_ONLY_HISTORY_UNAVAILABLE,https://clinicaltrials.gov/study/NCT02149524?tab=history
NCT00475670,original,,,,CURRENT_ONLY_HISTORY_UNAVAILABLE,https://clinicaltrials.gov/study/NCT00475670?tab=history
NCT00475670,pre_recruitment,,,,CURRENT_ONLY_HISTORY_UNAVAILABLE,https://clinicaltrials.gov/study/NCT00475670?tab=history
NCT00475670,pre_primary_completion,,,,CURRENT_ONLY_HISTORY_UNAVAILABLE,https://clinicaltrials.gov/study/NCT00475670?tab=history
NCT00475670,pre_publication,,,,CURRENT_ONLY_HISTORY_UNAVAILABLE,https://clinicaltrials.gov/study/NCT00475670?tab=history
NCT00475670,current,current,,"Percentage of Participants Achieving Complete Response (CR) or Partial Response (PR) According to the Response Evaluation Criteria in Solid Tumors (RECIST) Version 1.0 Guidelines [Time Frame: Baseline (BL); Day 1 of Weeks 7, 13, 19, 25, 37, and 52, at the last administration of study treatment, every 24 weeks thereafter until disease progression for up to 6 months after the last participant was recruited]",CURRENT_ONLY_HISTORY_UNAVAILABLE,https://clinicaltrials.gov/study/NCT00475670?tab=history
NCT00821886,original,,,,CURRENT_ONLY_HISTORY_UNAVAILABLE,https://clinicaltrials.gov/study/NCT00821886?tab=history
NCT00821886,pre_recruitment,,,,CURRENT_ONLY_HISTORY_UNAVAILABLE,https://clinicaltrials.gov/study/NCT00821886?tab=history
NCT00821886,pre_primary_completion,,,,CURRENT_ONLY_HISTORY_UNAVAILABLE,https://clinicaltrials.gov/study/NCT00821886?tab=history
NCT00821886,pre_publication,,,,CURRENT_ONLY_HISTORY_UNAVAILABLE,https://clinicaltrials.gov/study/NCT00821886?tab=history
NCT00821886,current,current,,Pathologic Complete Response (pCR) [Time Frame: average18 months],CURRENT_ONLY_HISTORY_UNAVAILABLE,https://clinicaltrials.gov/study/NCT00821886?tab=history
NCT01931163,original,,,,CURRENT_ONLY_HISTORY_UNAVAILABLE,https://clinicaltrials.gov/study/NCT01931163?tab=history
NCT01931163,pre_recruitment,,,,CURRENT_ONLY_HISTORY_UNAVAILABLE,https://clinicaltrials.gov/study/NCT01931163?tab=history
NCT01931163,pre_primary_completion,,,,CURRENT_ONLY_HISTORY_UNAVAILABLE,https://clinicaltrials.gov/study/NCT01931163?tab=history
NCT01931163,pre_publication,,,,CURRENT_ONLY_HISTORY_UNAVAILABLE,https://clinicaltrials.gov/study/NCT01931163?tab=history
NCT01931163,current,current,,Tumor Response [Time Frame: tumor response at 12 weeks after treatment],CURRENT_ONLY_HISTORY_UNAVAILABLE,https://clinicaltrials.gov/study/NCT01931163?tab=history
NCT00429507,original,,,,CURRENT_ONLY_HISTORY_UNAVAILABLE,https://clinicaltrials.gov/study/NCT00429507?tab=history
NCT00429507,pre_recruitment,,,,CURRENT_ONLY_HISTORY_UNAVAILABLE,https://clinicaltrials.gov/study/NCT00429507?tab=history
NCT00429507,pre_primary_completion,,,,CURRENT_ONLY_HISTORY_UNAVAILABLE,https://clinicaltrials.gov/study/NCT00429507?tab=history
NCT00429507,pre_publication,,,,CURRENT_ONLY_HISTORY_UNAVAILABLE,https://clinicaltrials.gov/study/NCT00429507?tab=history
NCT00429507,current,current,,"Time to Progression [Time Frame: 7.5 Years, Study period was March 2007 to November 2014.]",CURRENT_ONLY_HISTORY_UNAVAILABLE,https://clinicaltrials.gov/study/NCT00429507?tab=history
NCT00281658,original,,,,CURRENT_ONLY_HISTORY_UNAVAILABLE,https://clinicaltrials.gov/study/NCT00281658?tab=history
NCT00281658,pre_recruitment,,,,CURRENT_ONLY_HISTORY_UNAVAILABLE,https://clinicaltrials.gov/study/NCT00281658?tab=history
NCT00281658,pre_primary_completion,,,,CURRENT_ONLY_HISTORY_UNAVAILABLE,https://clinicaltrials.gov/study/NCT00281658?tab=history
NCT00281658,pre_publication,,,,CURRENT_ONLY_HISTORY_UNAVAILABLE,https://clinicaltrials.gov/study/NCT00281658?tab=history
NCT00281658,current,current,,"Overall Survival (OS) at 53 Months [Time Frame: From date of randomization until date of death from any cause, assessed up to 53 months (Primary OS analysis cut-off date = 18-Jun-2010)]",CURRENT_ONLY_HISTORY_UNAVAILABLE,https://clinicaltrials.gov/study/NCT00281658?tab=history
NCT04191135,original,,,,CURRENT_ONLY_HISTORY_UNAVAILABLE,https://clinicaltrials.gov/study/NCT04191135?tab=history
NCT04191135,pre_recruitment,,,,CURRENT_ONLY_HISTORY_UNAVAILABLE,https://clinicaltrials.gov/study/NCT04191135?tab=history
NCT04191135,pre_primary_completion,,,,CURRENT_ONLY_HISTORY_UNAVAILABLE,https://clinicaltrials.gov/study/NCT04191135?tab=history
NCT04191135,pre_publication,,,,CURRENT_ONLY_HISTORY_UNAVAILABLE,https://clinicaltrials.gov/study/NCT04191135?tab=history
NCT04191135,current,current,,Progression-Free Survival (PFS) [Time Frame: Up to approximately 29 months] | Overall Survival (OS) [Time Frame: Up to approximately 29 months],CURRENT_ONLY_HISTORY_UNAVAILABLE,https://clinicaltrials.gov/study/NCT04191135?tab=history
NCT02657889,original,,,,CURRENT_ONLY_HISTORY_UNAVAILABLE,https://clinicaltrials.gov/study/NCT02657889?tab=history
NCT02657889,pre_recruitment,,,,CURRENT_ONLY_HISTORY_UNAVAILABLE,https://clinicaltrials.gov/study/NCT02657889?tab=history
NCT02657889,pre_primary_completion,,,,CURRENT_ONLY_HISTORY_UNAVAILABLE,https://clinicaltrials.gov/study/NCT02657889?tab=history
NCT02657889,pre_publication,,,,CURRENT_ONLY_HISTORY_UNAVAILABLE,https://clinicaltrials.gov/study/NCT02657889?tab=history
NCT02657889,current,current,,"Phase 1: Number of Participants Reporting Dose-Limiting Toxicities (DLTs) [Time Frame: During Cycle 1, ie, during the first 21 days of treatment] | Phase 2: Objective Response Rate (ORR) as Measured by Response Evaluation Criteria in Solid Tumors (RECIST) Version (v) 1.1 [Time Frame: Up to 40 weeks]",CURRENT_ONLY_HISTORY_UNAVAILABLE,https://clinicaltrials.gov/study/NCT02657889?tab=history
NCT00410813,original,,,,CURRENT_ONLY_HISTORY_UNAVAILABLE,https://clinicaltrials.gov/study/NCT00410813?tab=history
NCT00410813,pre_recruitment,,,,CURRENT_ONLY_HISTORY_UNAVAILABLE,https://clinicaltrials.gov/study/NCT00410813?tab=history
NCT00410813,pre_primary_completion,,,,CURRENT_ONLY_HISTORY_UNAVAILABLE,https://clinicaltrials.gov/study/NCT00410813?tab=history
NCT00410813,pre_publication,,,,CURRENT_ONLY_HISTORY_UNAVAILABLE,https://clinicaltrials.gov/study/NCT00410813?tab=history
NCT00410813,current,current,,Progression-free Survival [Time Frame: Up to 2 years],CURRENT_ONLY_HISTORY_UNAVAILABLE,https://clinicaltrials.gov/study/NCT00410813?tab=history
NCT00940225,original,,,,CURRENT_ONLY_HISTORY_UNAVAILABLE,https://clinicaltrials.gov/study/NCT00940225?tab=history
NCT00940225,pre_recruitment,,,,CURRENT_ONLY_HISTORY_UNAVAILABLE,https://clinicaltrials.gov/study/NCT00940225?tab=history
NCT00940225,pre_primary_completion,,,,CURRENT_ONLY_HISTORY_UNAVAILABLE,https://clinicaltrials.gov/study/NCT00940225?tab=history
NCT00940225,pre_publication,,,,CURRENT_ONLY_HISTORY_UNAVAILABLE,https://clinicaltrials.gov/study/NCT00940225?tab=history
NCT00940225,current,current,,"Objective Response Rate (ORR) - LEAD IN STAGE, RDT Cohorts and NRE Ovarian Cohort Only [Time Frame: From initial dose through final study visit up to 44 months] | Bone Scan Response (BSR) - NRE, CRPC [Time Frame: From initial dose through final study visit up to 15 months] | Progression-Free Survival (PFS) - Randomized Stage, RDT Cohorts Only [Time Frame: From initial dose through final study visit up to 44 months]",CURRENT_ONLY_HISTORY_UNAVAILABLE,https://clinicaltrials.gov/study/NCT00940225?tab=history
NCT01945775,original,,,,CURRENT_ONLY_HISTORY_UNAVAILABLE,https://clinicaltrials.gov/study/NCT01945775?tab=history
NCT01945775,pre_recruitment,,,,CURRENT_ONLY_HISTORY_UNAVAILABLE,https://clinicaltrials.gov/study/NCT01945775?tab=history
NCT01945775,pre_primary_completion,,,,CURRENT_ONLY_HISTORY_UNAVAILABLE,https://clinicaltrials.gov/study/NCT01945775?tab=history
NCT01945775,pre_publication,,,,CURRENT_ONLY_HISTORY_UNAVAILABLE,https://clinicaltrials.gov/study/NCT01945775?tab=history
NCT01945775,current,current,,Progression-Free Survival (PFS): Independent Radiological Facility (IRF) Assessment [Time Frame: Baseline until radiologic progressive disease or death due to any cause (up to maximum duration of 36.9 months)],CURRENT_ONLY_HISTORY_UNAVAILABLE,https://clinicaltrials.gov/study/NCT01945775?tab=history
NCT04129216,original,,,,CURRENT_ONLY_HISTORY_UNAVAILABLE,https://clinicaltrials.gov/study/NCT04129216?tab=history
NCT04129216,pre_recruitment,,,,CURRENT_ONLY_HISTORY_UNAVAILABLE,https://clinicaltrials.gov/study/NCT04129216?tab=history
NCT04129216,pre_primary_completion,,,,CURRENT_ONLY_HISTORY_UNAVAILABLE,https://clinicaltrials.gov/study/NCT04129216?tab=history
NCT04129216,pre_publication,,,,CURRENT_ONLY_HISTORY_UNAVAILABLE,https://clinicaltrials.gov/study/NCT04129216?tab=history
NCT04129216,current,current,,Change in Percent Expression of Ki67 Measured by Immunohistochemistry (IHC) [Time Frame: Baseline and at Time of surgery up to 6 weeks after the start of hormone therapy],CURRENT_ONLY_HISTORY_UNAVAILABLE,https://clinicaltrials.gov/study/NCT04129216?tab=history
NCT02252887,original,,,,CURRENT_ONLY_HISTORY_UNAVAILABLE,https://clinicaltrials.gov/study/NCT02252887?tab=history
NCT02252887,pre_recruitment,,,,CURRENT_ONLY_HISTORY_UNAVAILABLE,https://clinicaltrials.gov/study/NCT02252887?tab=history
NCT02252887,pre_primary_completion,,,,CURRENT_ONLY_HISTORY_UNAVAILABLE,https://clinicaltrials.gov/study/NCT02252887?tab=history
NCT02252887,pre_publication,,,,CURRENT_ONLY_HISTORY_UNAVAILABLE,https://clinicaltrials.gov/study/NCT02252887?tab=history
NCT02252887,current,current,,Progression Free [Time Frame: 3 months],CURRENT_ONLY_HISTORY_UNAVAILABLE,https://clinicaltrials.gov/study/NCT02252887?tab=history
NCT02555657,original,,,,CURRENT_ONLY_HISTORY_UNAVAILABLE,https://clinicaltrials.gov/study/NCT02555657?tab=history
NCT02555657,pre_recruitment,,,,CURRENT_ONLY_HISTORY_UNAVAILABLE,https://clinicaltrials.gov/study/NCT02555657?tab=history
NCT02555657,pre_primary_completion,,,,CURRENT_ONLY_HISTORY_UNAVAILABLE,https://clinicaltrials.gov/study/NCT02555657?tab=history
NCT02555657,pre_publication,,,,CURRENT_ONLY_HISTORY_UNAVAILABLE,https://clinicaltrials.gov/study/NCT02555657?tab=history
NCT02555657,current,current,,Overall Survival in Participants With Programmed Cell Death Ligand 1 (PD-L1) With Combined Positive Score (CPS) ≥10 [Time Frame: Up to approximately 36 months (through Final Analysis database cutoff date of 11-April-2019)] | Overall Survival in Participants With PD-L1 CPS ≥1 [Time Frame: Up to approximately 36 months (through Final Analysis database cutoff date of 11-April-2019)] | Overall Survival in All Participants [Time Frame: Up to approximately 36 months (through Final Analysis database cutoff date of 11-April-2019)],CURRENT_ONLY_HISTORY_UNAVAILABLE,https://clinicaltrials.gov/study/NCT02555657?tab=history
NCT02019277,original,,,,CURRENT_ONLY_HISTORY_UNAVAILABLE,https://clinicaltrials.gov/study/NCT02019277?tab=history
NCT02019277,pre_recruitment,,,,CURRENT_ONLY_HISTORY_UNAVAILABLE,https://clinicaltrials.gov/study/NCT02019277?tab=history
NCT02019277,pre_primary_completion,,,,CURRENT_ONLY_HISTORY_UNAVAILABLE,https://clinicaltrials.gov/study/NCT02019277?tab=history
NCT02019277,pre_publication,,,,CURRENT_ONLY_HISTORY_UNAVAILABLE,https://clinicaltrials.gov/study/NCT02019277?tab=history
NCT02019277,current,current,,"Percentage of Participants With Adverse Events (AEs) and Serious AEs [Time Frame: Baseline up to 28 days after last study drug administration (up to 36 months)] | Percentage of Participants With AEs by National Cancer Institute Common Terminology Criteria for Adverse Events (NCI CTCAE) Version 4.0 Intensity Grades [Time Frame: Baseline up to 28 days after last study drug administration (up to 36 months)] | Percentage of Participants With AEs Leading to Premature Discontinuation of Investigational Medicinal Products (IMPs) [Time Frame: Baseline up to 28 days after last study drug administration (up to 36 months)] | Percentage of Participants With AEs of Suspected Cardiac Origin, by New York Heart Association Classification (NYHA) [Time Frame: Baseline up to 28 days after last study drug administration (up to 36 months)] | Percentage of Participants With Left Ventricular Ejection Fraction (LVEF) Below 50% [Time Frame: Baseline up to 28 days after last study drug administration (up to 36 months)]",CURRENT_ONLY_HISTORY_UNAVAILABLE,https://clinicaltrials.gov/study/NCT02019277?tab=history
NCT00470301,original,,,,CURRENT_ONLY_HISTORY_UNAVAILABLE,https://clinicaltrials.gov/study/NCT00470301?tab=history
NCT00470301,pre_recruitment,,,,CURRENT_ONLY_HISTORY_UNAVAILABLE,https://clinicaltrials.gov/study/NCT00470301?tab=history
NCT00470301,pre_primary_completion,,,,CURRENT_ONLY_HISTORY_UNAVAILABLE,https://clinicaltrials.gov/study/NCT00470301?tab=history
NCT00470301,pre_publication,,,,CURRENT_ONLY_HISTORY_UNAVAILABLE,https://clinicaltrials.gov/study/NCT00470301?tab=history
NCT00470301,current,current,,Pathologic Complete Response Rate (pCR) [Time Frame: Up to 5 years] | Number of Participants Analyzed for Phase II Dose of Tipifarnib When Combined With Weekly Sequential Paclitaxel (Phase I) [Time Frame: 1 year],CURRENT_ONLY_HISTORY_UNAVAILABLE,https://clinicaltrials.gov/study/NCT00470301?tab=history
NCT03321981,original,,,,CURRENT_ONLY_HISTORY_UNAVAILABLE,https://clinicaltrials.gov/study/NCT03321981?tab=history
NCT03321981,pre_recruitment,,,,CURRENT_ONLY_HISTORY_UNAVAILABLE,https://clinicaltrials.gov/study/NCT03321981?tab=history
NCT03321981,pre_primary_completion,,,,CURRENT_ONLY_HISTORY_UNAVAILABLE,https://clinicaltrials.gov/study/NCT03321981?tab=history
NCT03321981,pre_publication,,,,CURRENT_ONLY_HISTORY_UNAVAILABLE,https://clinicaltrials.gov/study/NCT03321981?tab=history
NCT03321981,current,current,,Clinical Benefit Rate at 24 Weeks [Time Frame: 24 weeks],CURRENT_ONLY_HISTORY_UNAVAILABLE,https://clinicaltrials.gov/study/NCT03321981?tab=history
NCT02762981,original,,,,CURRENT_ONLY_HISTORY_UNAVAILABLE,https://clinicaltrials.gov/study/NCT02762981?tab=history
NCT02762981,pre_recruitment,,,,CURRENT_ONLY_HISTORY_UNAVAILABLE,https://clinicaltrials.gov/study/NCT02762981?tab=history
NCT02762981,pre_primary_completion,,,,CURRENT_ONLY_HISTORY_UNAVAILABLE,https://clinicaltrials.gov/study/NCT02762981?tab=history
NCT02762981,pre_publication,,,,CURRENT_ONLY_HISTORY_UNAVAILABLE,https://clinicaltrials.gov/study/NCT02762981?tab=history
NCT02762981,current,current,,Number of Participants With Dose-limiting Toxicity [Time Frame: Up to completion of Cycle 1 (up to 28 days)],CURRENT_ONLY_HISTORY_UNAVAILABLE,https://clinicaltrials.gov/study/NCT02762981?tab=history
NCT01966471,original,,,,CURRENT_ONLY_HISTORY_UNAVAILABLE,https://clinicaltrials.gov/study/NCT01966471?tab=history
NCT01966471,pre_recruitment,,,,CURRENT_ONLY_HISTORY_UNAVAILABLE,https://clinicaltrials.gov/study/NCT01966471?tab=history
NCT01966471,pre_primary_completion,,,,CURRENT_ONLY_HISTORY_UNAVAILABLE,https://clinicaltrials.gov/study/NCT01966471?tab=history
NCT01966471,pre_publication,,,,CURRENT_ONLY_HISTORY_UNAVAILABLE,https://clinicaltrials.gov/study/NCT01966471?tab=history
NCT01966471,current,current,,Invasive Disease-Free Survival (IDFS) in the Node-Positive Subpopulation [Time Frame: Last participant randomized to data cut-off date of 27 November 2019 (approximately 70 months). The 3 year IDFS event-free rate was assessed based on the data collected for each participant considering the cut-off date mentioned above.] | Invasive Disease-Free Survival (IDFS) in the Overall Population [Time Frame: First participant randomized up to approximately 7.5 years],CURRENT_ONLY_HISTORY_UNAVAILABLE,https://clinicaltrials.gov/study/NCT01966471?tab=history
NCT01306032,original,,,,CURRENT_ONLY_HISTORY_UNAVAILABLE,https://clinicaltrials.gov/study/NCT01306032?tab=history
NCT01306032,pre_recruitment,,,,CURRENT_ONLY_HISTORY_UNAVAILABLE,https://clinicaltrials.gov/study/NCT01306032?tab=history
NCT01306032,pre_primary_completion,,,,CURRENT_ONLY_HISTORY_UNAVAILABLE,https://clinicaltrials.gov/study/NCT01306032?tab=history
NCT01306032,pre_publication,,,,CURRENT_ONLY_HISTORY_UNAVAILABLE,https://clinicaltrials.gov/study/NCT01306032?tab=history
NCT01306032,current,current,,"Percentage of Participants With an Overall Response Rate [Time Frame: an average of 126 days for ovarian; 71 days for TNBC; for crossover intervention, pts stayed on study for an avg of 134 days for ovarian; 50 days for TNBC.] | Progression Free Survival [Time Frame: Ovarian cancer patients stayed on study for an average of 126 days and triple-negative breast cancer patients for an average of 71 days.]",CURRENT_ONLY_HISTORY_UNAVAILABLE,https://clinicaltrials.gov/study/NCT01306032?tab=history
NCT04268134,original,,,,CURRENT_ONLY_HISTORY_UNAVAILABLE,https://clinicaltrials.gov/study/NCT04268134?tab=history
NCT04268134,pre_recruitment,,,,CURRENT_ONLY_HISTORY_UNAVAILABLE,https://clinicaltrials.gov/study/NCT04268134?tab=history
NCT04268134,pre_primary_completion,,,,CURRENT_ONLY_HISTORY_UNAVAILABLE,https://clinicaltrials.gov/study/NCT04268134?tab=history
NCT04268134,pre_publication,,,,CURRENT_ONLY_HISTORY_UNAVAILABLE,https://clinicaltrials.gov/study/NCT04268134?tab=history
NCT04268134,current,current,,Change in Percentage of Total Fatty Acids for Each Polyunsaturated Fatty Acid (PUFA) Group From Start of Omega-3 Fatty Acid (O3-FA) Supplementation to 3 Months of O3-FA [Time Frame: From start of Omega-3 Fatty Acid (O3-FA) supplementation to 3 months of O3-FA (at 6 months after start of AI therapy)],CURRENT_ONLY_HISTORY_UNAVAILABLE,https://clinicaltrials.gov/study/NCT04268134?tab=history
NCT01276041,original,,,,CURRENT_ONLY_HISTORY_UNAVAILABLE,https://clinicaltrials.gov/study/NCT01276041?tab=history
NCT01276041,pre_recruitment,,,,CURRENT_ONLY_HISTORY_UNAVAILABLE,https://clinicaltrials.gov/study/NCT01276041?tab=history
NCT01276041,pre_primary_completion,,,,CURRENT_ONLY_HISTORY_UNAVAILABLE,https://clinicaltrials.gov/study/NCT01276041?tab=history
NCT01276041,pre_publication,,,,CURRENT_ONLY_HISTORY_UNAVAILABLE,https://clinicaltrials.gov/study/NCT01276041?tab=history
NCT01276041,current,current,,Percentage of Patients Who Are Progression Free at 6 Months or Later. [Time Frame: 6 months],CURRENT_ONLY_HISTORY_UNAVAILABLE,https://clinicaltrials.gov/study/NCT01276041?tab=history
NCT00274469,original,,,,CURRENT_ONLY_HISTORY_UNAVAILABLE,https://clinicaltrials.gov/study/NCT00274469?tab=history
NCT00274469,pre_recruitment,,,,CURRENT_ONLY_HISTORY_UNAVAILABLE,https://clinicaltrials.gov/study/NCT00274469?tab=history
NCT00274469,pre_primary_completion,,,,CURRENT_ONLY_HISTORY_UNAVAILABLE,https://clinicaltrials.gov/study/NCT00274469?tab=history
NCT00274469,pre_publication,,,,CURRENT_ONLY_HISTORY_UNAVAILABLE,https://clinicaltrials.gov/study/NCT00274469?tab=history
NCT00274469,current,current,,"Clinical Benefit Rate [Time Frame: From randomisation to data cut off (DCO) for primary analysis. The first and the last patients were enrolled on 6 Feb 2006 and 11 Jul 2007 respectively. The DCO for primary analysis was on 10th Jan 2008, 6 months after the last patient was enrolled.]",CURRENT_ONLY_HISTORY_UNAVAILABLE,https://clinicaltrials.gov/study/NCT00274469?tab=history
NCT02689427,original,,,,CURRENT_ONLY_HISTORY_UNAVAILABLE,https://clinicaltrials.gov/study/NCT02689427?tab=history
NCT02689427,pre_recruitment,,,,CURRENT_ONLY_HISTORY_UNAVAILABLE,https://clinicaltrials.gov/study/NCT02689427?tab=history
NCT02689427,pre_primary_completion,,,,CURRENT_ONLY_HISTORY_UNAVAILABLE,https://clinicaltrials.gov/study/NCT02689427?tab=history
NCT02689427,pre_publication,,,,CURRENT_ONLY_HISTORY_UNAVAILABLE,https://clinicaltrials.gov/study/NCT02689427?tab=history
NCT02689427,current,current,,RCB Status [Time Frame: 4 years],CURRENT_ONLY_HISTORY_UNAVAILABLE,https://clinicaltrials.gov/study/NCT02689427?tab=history
NCT02526498,original,,,,CURRENT_ONLY_HISTORY_UNAVAILABLE,https://clinicaltrials.gov/study/NCT02526498?tab=history
NCT02526498,pre_recruitment,,,,CURRENT_ONLY_HISTORY_UNAVAILABLE,https://clinicaltrials.gov/study/NCT02526498?tab=history
NCT02526498,pre_primary_completion,,,,CURRENT_ONLY_HISTORY_UNAVAILABLE,https://clinicaltrials.gov/study/NCT02526498?tab=history
NCT02526498,pre_publication,,,,CURRENT_ONLY_HISTORY_UNAVAILABLE,https://clinicaltrials.gov/study/NCT02526498?tab=history
NCT02526498,current,current,,"Number of Participants With Adverse Events Greater Than Grade 2 Serious Toxicity Rate, Defined as Toxicity Greater Than Grade 2 Using Common Terminology Criteria for Adverse Events Version 4.0 Criteria [Time Frame: 2 years]",CURRENT_ONLY_HISTORY_UNAVAILABLE,https://clinicaltrials.gov/study/NCT02526498?tab=history
NCT03222856,original,,,,CURRENT_ONLY_HISTORY_UNAVAILABLE,https://clinicaltrials.gov/study/NCT03222856?tab=history
NCT03222856,pre_recruitment,,,,CURRENT_ONLY_HISTORY_UNAVAILABLE,https://clinicaltrials.gov/study/NCT03222856?tab=history
NCT03222856,pre_primary_completion,,,,CURRENT_ONLY_HISTORY_UNAVAILABLE,https://clinicaltrials.gov/study/NCT03222856?tab=history
NCT03222856,pre_publication,,,,CURRENT_ONLY_HISTORY_UNAVAILABLE,https://clinicaltrials.gov/study/NCT03222856?tab=history
NCT03222856,current,current,,Efficacy of Pembrolizumab in Combination With Eribulin. [Time Frame: Through study completion. From baseline up to 36 months.],CURRENT_ONLY_HISTORY_UNAVAILABLE,https://clinicaltrials.gov/study/NCT03222856?tab=history
NCT01026142,original,,,,CURRENT_ONLY_HISTORY_UNAVAILABLE,https://clinicaltrials.gov/study/NCT01026142?tab=history
NCT01026142,pre_recruitment,,,,CURRENT_ONLY_HISTORY_UNAVAILABLE,https://clinicaltrials.gov/study/NCT01026142?tab=history
NCT01026142,pre_primary_completion,,,,CURRENT_ONLY_HISTORY_UNAVAILABLE,https://clinicaltrials.gov/study/NCT01026142?tab=history
NCT01026142,pre_publication,,,,CURRENT_ONLY_HISTORY_UNAVAILABLE,https://clinicaltrials.gov/study/NCT01026142?tab=history
NCT01026142,current,current,,"Progression Free Survival (Independent Assessment) [Time Frame: Tumor assessments every 9 weeks from randomization until Week 27, then every 12 weeks thereafter, until IRF-determined PD, initiation of alternative anticancer medication, or death (up to 5.5 years).]",CURRENT_ONLY_HISTORY_UNAVAILABLE,https://clinicaltrials.gov/study/NCT01026142?tab=history
NCT02756364,original,,,,CURRENT_ONLY_HISTORY_UNAVAILABLE,https://clinicaltrials.gov/study/NCT02756364?tab=history
NCT02756364,pre_recruitment,,,,CURRENT_ONLY_HISTORY_UNAVAILABLE,https://clinicaltrials.gov/study/NCT02756364?tab=history
NCT02756364,pre_primary_completion,,,,CURRENT_ONLY_HISTORY_UNAVAILABLE,https://clinicaltrials.gov/study/NCT02756364?tab=history
NCT02756364,pre_publication,,,,CURRENT_ONLY_HISTORY_UNAVAILABLE,https://clinicaltrials.gov/study/NCT02756364?tab=history
NCT02756364,current,current,,Progression Free Survival (PFS) [Time Frame: Up to 40 months],CURRENT_ONLY_HISTORY_UNAVAILABLE,https://clinicaltrials.gov/study/NCT02756364?tab=history
NCT02915744,original,,,,CURRENT_ONLY_HISTORY_UNAVAILABLE,https://clinicaltrials.gov/study/NCT02915744?tab=history
NCT02915744,pre_recruitment,,,,CURRENT_ONLY_HISTORY_UNAVAILABLE,https://clinicaltrials.gov/study/NCT02915744?tab=history
NCT02915744,pre_primary_completion,,,,CURRENT_ONLY_HISTORY_UNAVAILABLE,https://clinicaltrials.gov/study/NCT02915744?tab=history
NCT02915744,pre_publication,,,,CURRENT_ONLY_HISTORY_UNAVAILABLE,https://clinicaltrials.gov/study/NCT02915744?tab=history
NCT02915744,current,current,,Overall Survival (OS) of Patients [Time Frame: Within 3 years from study start],CURRENT_ONLY_HISTORY_UNAVAILABLE,https://clinicaltrials.gov/study/NCT02915744?tab=history
NCT00528567,original,,,,CURRENT_ONLY_HISTORY_UNAVAILABLE,https://clinicaltrials.gov/study/NCT00528567?tab=history
NCT00528567,pre_recruitment,,,,CURRENT_ONLY_HISTORY_UNAVAILABLE,https://clinicaltrials.gov/study/NCT00528567?tab=history
NCT00528567,pre_primary_completion,,,,CURRENT_ONLY_HISTORY_UNAVAILABLE,https://clinicaltrials.gov/study/NCT00528567?tab=history
NCT00528567,pre_publication,,,,CURRENT_ONLY_HISTORY_UNAVAILABLE,https://clinicaltrials.gov/study/NCT00528567?tab=history
NCT00528567,current,current,,Time to Invasive Disease-free Survival (IDFS) Event [Time Frame: Event driven (until data cutoff: 29 February 2012: up to 49 months)] | Percentage of Participants With Invasive Disease-free Survival (IDFS) Events [Time Frame: Event driven (until data cutoff: 29 February 2012 up to 49 months)] | Time to Invasive Disease-free Survival (IDFS) Event Excluding Second Primary Non-Breast Invasive Cancer [Time Frame: Event driven (until data cutoff: 29 February 2012: up to 49 months)] | Percentage of Participants With Invasive Disease-free Survival (IDFS) Events Excluding Second Primary Non-Breast Invasive Cancer [Time Frame: Event driven (until data cutoff: 29 February 2012: up to 49 months)],CURRENT_ONLY_HISTORY_UNAVAILABLE,https://clinicaltrials.gov/study/NCT00528567?tab=history
NCT00567190,original,,,,CURRENT_ONLY_HISTORY_UNAVAILABLE,https://clinicaltrials.gov/study/NCT00567190?tab=history
NCT00567190,pre_recruitment,,,,CURRENT_ONLY_HISTORY_UNAVAILABLE,https://clinicaltrials.gov/study/NCT00567190?tab=history
NCT00567190,pre_primary_completion,,,,CURRENT_ONLY_HISTORY_UNAVAILABLE,https://clinicaltrials.gov/study/NCT00567190?tab=history
NCT00567190,pre_publication,,,,CURRENT_ONLY_HISTORY_UNAVAILABLE,https://clinicaltrials.gov/study/NCT00567190?tab=history
NCT00567190,current,current,,"Progression-Free Survival (PFS) Determined by an Independent Review Facility [Time Frame: Tumor assessments every 9 weeks from randomization to IRF-determined PD or death from any cause, whichever occurred first, up to the primary completion date (up to 3 years, 3 months)]",CURRENT_ONLY_HISTORY_UNAVAILABLE,https://clinicaltrials.gov/study/NCT00567190?tab=history
NCT03726879,original,,,,CURRENT_ONLY_HISTORY_UNAVAILABLE,https://clinicaltrials.gov/study/NCT03726879?tab=history
NCT03726879,pre_recruitment,,,,CURRENT_ONLY_HISTORY_UNAVAILABLE,https://clinicaltrials.gov/study/NCT03726879?tab=history
NCT03726879,pre_primary_completion,,,,CURRENT_ONLY_HISTORY_UNAVAILABLE,https://clinicaltrials.gov/study/NCT03726879?tab=history
NCT03726879,pre_publication,,,,CURRENT_ONLY_HISTORY_UNAVAILABLE,https://clinicaltrials.gov/study/NCT03726879?tab=history
NCT03726879,current,current,,Percentage of Participants With Pathological Complete Response (pCR) in the PD-L1-Positive Population (IC 1/2/3) [Time Frame: From randomization to approximately 6 months] | pCR in the ITT Population [Time Frame: From randomization to approximately 6 months],CURRENT_ONLY_HISTORY_UNAVAILABLE,https://clinicaltrials.gov/study/NCT03726879?tab=history
NCT03051659,original,,,,CURRENT_ONLY_HISTORY_UNAVAILABLE,https://clinicaltrials.gov/study/NCT03051659?tab=history
NCT03051659,pre_recruitment,,,,CURRENT_ONLY_HISTORY_UNAVAILABLE,https://clinicaltrials.gov/study/NCT03051659?tab=history
NCT03051659,pre_primary_completion,,,,CURRENT_ONLY_HISTORY_UNAVAILABLE,https://clinicaltrials.gov/study/NCT03051659?tab=history
NCT03051659,pre_publication,,,,CURRENT_ONLY_HISTORY_UNAVAILABLE,https://clinicaltrials.gov/study/NCT03051659?tab=history
NCT03051659,current,current,,Median Progression Free Survival (PFS) [Time Frame: Disease assessments is performed every 3 cycles (3 weeks/cycle) for the first 18 cycles. Median follow-up 10.5 months with range 0.43-19 months.],CURRENT_ONLY_HISTORY_UNAVAILABLE,https://clinicaltrials.gov/study/NCT03051659?tab=history
NCT00566618,original,,,,CURRENT_ONLY_HISTORY_UNAVAILABLE,https://clinicaltrials.gov/study/NCT00566618?tab=history
NCT00566618,pre_recruitment,,,,CURRENT_ONLY_HISTORY_UNAVAILABLE,https://clinicaltrials.gov/study/NCT00566618?tab=history
NCT00566618,pre_primary_completion,,,,CURRENT_ONLY_HISTORY_UNAVAILABLE,https://clinicaltrials.gov/study/NCT00566618?tab=history
NCT00566618,pre_publication,,,,CURRENT_ONLY_HISTORY_UNAVAILABLE,https://clinicaltrials.gov/study/NCT00566618?tab=history
NCT00566618,current,current,,Objective Response in Bone From Time of Initiation of Therapy to > 6 Months [Time Frame: 6 months] | Phase I - Maximum Tolerated Dose (MTD) and Recommended Phase II Dose (RP2D) for Dasatinib in Combination With Zoledronic Acid [Time Frame: day 1 (+/- 48 hours) prior to therapy during cycle 2 and all subsequent cycles],CURRENT_ONLY_HISTORY_UNAVAILABLE,https://clinicaltrials.gov/study/NCT00566618?tab=history
NCT03394027,original,,,,CURRENT_ONLY_HISTORY_UNAVAILABLE,https://clinicaltrials.gov/study/NCT03394027?tab=history
NCT03394027,pre_recruitment,,,,CURRENT_ONLY_HISTORY_UNAVAILABLE,https://clinicaltrials.gov/study/NCT03394027?tab=history
NCT03394027,pre_primary_completion,,,,CURRENT_ONLY_HISTORY_UNAVAILABLE,https://clinicaltrials.gov/study/NCT03394027?tab=history
NCT03394027,pre_publication,,,,CURRENT_ONLY_HISTORY_UNAVAILABLE,https://clinicaltrials.gov/study/NCT03394027?tab=history
NCT03394027,current,current,,"Cohort 1 - Progression-free Survival (PFS) [Time Frame: Every 8 weeks, while on the Trial. Participants were followed for an average of 8-10 weeks (up to 16 weeks).] | Cohort 2 - Overall Response Rate (ORR) (Complete Response (CR) + Partial Response (PR) by the Response Evaluation Criteria in Solid Tumors (RECIST) [Time Frame: Every 8 weeks, while on the Trial. Participants were followed for an average of 8-10 weeks (up to 16 weeks).] | Cohort 3 - Overall Response Rate (ORR) (Complete Response (CR) + Partial Response (PR) by the Response Evaluation Criteria in Solid Tumors (RECIST) [Time Frame: Every 8 weeks, while on the Trial. Participants were followed for an average of 8-10 weeks (up to 16 weeks).]",CURRENT_ONLY_HISTORY_UNAVAILABLE,https://clinicaltrials.gov/study/NCT03394027?tab=history
NCT03620643,original,,,,CURRENT_ONLY_HISTORY_UNAVAILABLE,https://clinicaltrials.gov/study/NCT03620643?tab=history
NCT03620643,pre_recruitment,,,,CURRENT_ONLY_HISTORY_UNAVAILABLE,https://clinicaltrials.gov/study/NCT03620643?tab=history
NCT03620643,pre_primary_completion,,,,CURRENT_ONLY_HISTORY_UNAVAILABLE,https://clinicaltrials.gov/study/NCT03620643?tab=history
NCT03620643,pre_publication,,,,CURRENT_ONLY_HISTORY_UNAVAILABLE,https://clinicaltrials.gov/study/NCT03620643?tab=history
NCT03620643,current,current,,"Percentage of Breast Cancer Cohort Participants With Confirmed Response Assessed Using RECIST v1.1 [Time Frame: From Day 1 to Progressive Disease, assessed up to end of study (Approximately 57 months)] | Percentage of Basket Cohort Participants With Confirmed Response Assessed Using RECIST v1.1 [Time Frame: From Day 1 to Progressive Disease, assessed up to end of study (Approximately 57 months)]",CURRENT_ONLY_HISTORY_UNAVAILABLE,https://clinicaltrials.gov/study/NCT03620643?tab=history
NCT01596751,original,,,,CURRENT_ONLY_HISTORY_UNAVAILABLE,https://clinicaltrials.gov/study/NCT01596751?tab=history
NCT01596751,pre_recruitment,,,,CURRENT_ONLY_HISTORY_UNAVAILABLE,https://clinicaltrials.gov/study/NCT01596751?tab=history
NCT01596751,pre_primary_completion,,,,CURRENT_ONLY_HISTORY_UNAVAILABLE,https://clinicaltrials.gov/study/NCT01596751?tab=history
NCT01596751,pre_publication,,,,CURRENT_ONLY_HISTORY_UNAVAILABLE,https://clinicaltrials.gov/study/NCT01596751?tab=history
NCT01596751,current,current,,Maximum Tolerated Dose (MTD) of PLX3397 Given in Combination With Standard Dose Eribulin in Participants With Metastatic Breast Cancer (Phase 1b) [Time Frame: Up to Day 21] | Number of Participants Who Experienced Dose-Limiting Toxicities (DLTs) (Phase Ib) [Time Frame: Up to Day 21] | Percentage of Total Phase II Participants With Chemotherapy Pre-Treated Triple Negative Metastatic Breast Cancer Who Are Progression Free at 3 Months [Time Frame: Up to 3 months],CURRENT_ONLY_HISTORY_UNAVAILABLE,https://clinicaltrials.gov/study/NCT01596751?tab=history
NCT01566721,original,,,,CURRENT_ONLY_HISTORY_UNAVAILABLE,https://clinicaltrials.gov/study/NCT01566721?tab=history
NCT01566721,pre_recruitment,,,,CURRENT_ONLY_HISTORY_UNAVAILABLE,https://clinicaltrials.gov/study/NCT01566721?tab=history
NCT01566721,pre_primary_completion,,,,CURRENT_ONLY_HISTORY_UNAVAILABLE,https://clinicaltrials.gov/study/NCT01566721?tab=history
NCT01566721,pre_publication,,,,CURRENT_ONLY_HISTORY_UNAVAILABLE,https://clinicaltrials.gov/study/NCT01566721?tab=history
NCT01566721,current,current,,Percentage of Participants With At Least 1 Adverse Event (AE) During the Treatment Period [Time Frame: From Day 1 up to 19 cycles (cycle length 3 weeks) (approximately 1 year)] | Percentage of Participants With a Grade 3 or Higher AE During the Treatment Period [Time Frame: From Day 1 up to 19 cycles (cycle length 3 weeks) (approximately 1 year)] | Percentage of Participants With Treatment Interruption Due to an AE [Time Frame: From Day 1 up to 19 cycles (cycle length 3 weeks) (approximately 1 year)] | Number of Herceptin Cycles Received [Time Frame: From Day 1 up to 19 cycles (cycle length 3 weeks) (approximately 1 year)] | Percentage of Participants by Total Number of Herceptin Cycles Received [Time Frame: From Day 1 up to 19 cycles (cycle length 3 weeks) (approximately 1 year)] | Percentage of Participants Who Received Concomitant Cancer Therapy [Time Frame: From Baseline to data cutoff of 10 March 2015 (up to approximately 3 years)] | Percentage of Participants Who Received Concomitant Non-Cancer Therapy [Time Frame: From Baseline to data cutoff of 10 March 2015 (up to approximately 3 years)],CURRENT_ONLY_HISTORY_UNAVAILABLE,https://clinicaltrials.gov/study/NCT01566721?tab=history
NCT02401347,original,,,,CURRENT_ONLY_HISTORY_UNAVAILABLE,https://clinicaltrials.gov/study/NCT02401347?tab=history
NCT02401347,pre_recruitment,,,,CURRENT_ONLY_HISTORY_UNAVAILABLE,https://clinicaltrials.gov/study/NCT02401347?tab=history
NCT02401347,pre_primary_completion,,,,CURRENT_ONLY_HISTORY_UNAVAILABLE,https://clinicaltrials.gov/study/NCT02401347?tab=history
NCT02401347,pre_publication,,,,CURRENT_ONLY_HISTORY_UNAVAILABLE,https://clinicaltrials.gov/study/NCT02401347?tab=history
NCT02401347,current,current,,Objective Response (OR) [Time Frame: up to 24 weeks],CURRENT_ONLY_HISTORY_UNAVAILABLE,https://clinicaltrials.gov/study/NCT02401347?tab=history
NCT01216176,original,,,,CURRENT_ONLY_HISTORY_UNAVAILABLE,https://clinicaltrials.gov/study/NCT01216176?tab=history
NCT01216176,pre_recruitment,,,,CURRENT_ONLY_HISTORY_UNAVAILABLE,https://clinicaltrials.gov/study/NCT01216176?tab=history
NCT01216176,pre_primary_completion,,,,CURRENT_ONLY_HISTORY_UNAVAILABLE,https://clinicaltrials.gov/study/NCT01216176?tab=history
NCT01216176,pre_publication,,,,CURRENT_ONLY_HISTORY_UNAVAILABLE,https://clinicaltrials.gov/study/NCT01216176?tab=history
NCT01216176,current,current,,"Phase I Cohort A: Maximum Tolerated AZD0530 Daily Dose Used in Combination With Daily Oral Anastrozole [Time Frame: Cycle 1: Days 1 - 28] | Phase II - Cohort B: Compare Treatment Groups (AZD0530 + Anastrozole Versus Anastrozole With Placebo) With Respect to Clinical Response [Time Frame: Baseline, cycle 6]",CURRENT_ONLY_HISTORY_UNAVAILABLE,https://clinicaltrials.gov/study/NCT01216176?tab=history
NCT04539938,original,,,,CURRENT_ONLY_HISTORY_UNAVAILABLE,https://clinicaltrials.gov/study/NCT04539938?tab=history
NCT04539938,pre_recruitment,,,,CURRENT_ONLY_HISTORY_UNAVAILABLE,https://clinicaltrials.gov/study/NCT04539938?tab=history
NCT04539938,pre_primary_completion,,,,CURRENT_ONLY_HISTORY_UNAVAILABLE,https://clinicaltrials.gov/study/NCT04539938?tab=history
NCT04539938,pre_publication,,,,CURRENT_ONLY_HISTORY_UNAVAILABLE,https://clinicaltrials.gov/study/NCT04539938?tab=history
NCT04539938,current,current,,Confirmed Objective Response Rate (cORR) Per Response Evaluation Criteria in Solid Tumors (RECIST) Version 1.1 According to Investigator (INV) Assessment [Time Frame: From the first dose of study treatment until the first documented PD or before start of any new anti-cancer therapy (up to 43 months)],CURRENT_ONLY_HISTORY_UNAVAILABLE,https://clinicaltrials.gov/study/NCT04539938?tab=history
NCT00293540,original,,,,CURRENT_ONLY_HISTORY_UNAVAILABLE,https://clinicaltrials.gov/study/NCT00293540?tab=history
NCT00293540,pre_recruitment,,,,CURRENT_ONLY_HISTORY_UNAVAILABLE,https://clinicaltrials.gov/study/NCT00293540?tab=history
NCT00293540,pre_primary_completion,,,,CURRENT_ONLY_HISTORY_UNAVAILABLE,https://clinicaltrials.gov/study/NCT00293540?tab=history
NCT00293540,pre_publication,,,,CURRENT_ONLY_HISTORY_UNAVAILABLE,https://clinicaltrials.gov/study/NCT00293540?tab=history
NCT00293540,current,current,,Overall Survival [Time Frame: Up to 9 years],CURRENT_ONLY_HISTORY_UNAVAILABLE,https://clinicaltrials.gov/study/NCT00293540?tab=history
NCT01827787,original,,,,CURRENT_ONLY_HISTORY_UNAVAILABLE,https://clinicaltrials.gov/study/NCT01827787?tab=history
NCT01827787,pre_recruitment,,,,CURRENT_ONLY_HISTORY_UNAVAILABLE,https://clinicaltrials.gov/study/NCT01827787?tab=history
NCT01827787,pre_primary_completion,,,,CURRENT_ONLY_HISTORY_UNAVAILABLE,https://clinicaltrials.gov/study/NCT01827787?tab=history
NCT01827787,pre_publication,,,,CURRENT_ONLY_HISTORY_UNAVAILABLE,https://clinicaltrials.gov/study/NCT01827787?tab=history
NCT01827787,current,current,,Overall Response Rate (ORR) [Time Frame: Disease was evaluated radiologically at baseline and every 9 weeks on treatment; Maximum treatment duration was 38 cycles/26 months (Cohort 1) and 17 cycles/12 months (Cohort 2)],CURRENT_ONLY_HISTORY_UNAVAILABLE,https://clinicaltrials.gov/study/NCT01827787?tab=history
NCT00635050,original,,,,CURRENT_ONLY_HISTORY_UNAVAILABLE,https://clinicaltrials.gov/study/NCT00635050?tab=history
NCT00635050,pre_recruitment,,,,CURRENT_ONLY_HISTORY_UNAVAILABLE,https://clinicaltrials.gov/study/NCT00635050?tab=history
NCT00635050,pre_primary_completion,,,,CURRENT_ONLY_HISTORY_UNAVAILABLE,https://clinicaltrials.gov/study/NCT00635050?tab=history
NCT00635050,pre_publication,,,,CURRENT_ONLY_HISTORY_UNAVAILABLE,https://clinicaltrials.gov/study/NCT00635050?tab=history
NCT00635050,current,current,,Rate of Achievement of Pathological Complete Response (pCR) [Time Frame: After completion of at least 8 of the 9 chemotherapy doses and operation.],CURRENT_ONLY_HISTORY_UNAVAILABLE,https://clinicaltrials.gov/study/NCT00635050?tab=history
NCT01989676,original,,,,CURRENT_ONLY_HISTORY_UNAVAILABLE,https://clinicaltrials.gov/study/NCT01989676?tab=history
NCT01989676,pre_recruitment,,,,CURRENT_ONLY_HISTORY_UNAVAILABLE,https://clinicaltrials.gov/study/NCT01989676?tab=history
NCT01989676,pre_primary_completion,,,,CURRENT_ONLY_HISTORY_UNAVAILABLE,https://clinicaltrials.gov/study/NCT01989676?tab=history
NCT01989676,pre_publication,,,,CURRENT_ONLY_HISTORY_UNAVAILABLE,https://clinicaltrials.gov/study/NCT01989676?tab=history
NCT01989676,current,current,,Objective Response Rate (ORR) Derived From Central Radiology Assessments: ITT Population [Time Frame: From the date of randomization until all participants had either completed the Week 33 tumor assessment or discontinued study drug earlier than the Week 33 visit],CURRENT_ONLY_HISTORY_UNAVAILABLE,https://clinicaltrials.gov/study/NCT01989676?tab=history
NCT02278120,original,,,,CURRENT_ONLY_HISTORY_UNAVAILABLE,https://clinicaltrials.gov/study/NCT02278120?tab=history
NCT02278120,pre_recruitment,,,,CURRENT_ONLY_HISTORY_UNAVAILABLE,https://clinicaltrials.gov/study/NCT02278120?tab=history
NCT02278120,pre_primary_completion,,,,CURRENT_ONLY_HISTORY_UNAVAILABLE,https://clinicaltrials.gov/study/NCT02278120?tab=history
NCT02278120,pre_publication,,,,CURRENT_ONLY_HISTORY_UNAVAILABLE,https://clinicaltrials.gov/study/NCT02278120?tab=history
NCT02278120,current,current,,"Progression Free Survival (PFS) by Investigator Assessment [Time Frame: From randomization to first documented progression or death, assessed up to approximately 29 months]",CURRENT_ONLY_HISTORY_UNAVAILABLE,https://clinicaltrials.gov/study/NCT02278120?tab=history
NCT01097642,original,,,,CURRENT_ONLY_HISTORY_UNAVAILABLE,https://clinicaltrials.gov/study/NCT01097642?tab=history
NCT01097642,pre_recruitment,,,,CURRENT_ONLY_HISTORY_UNAVAILABLE,https://clinicaltrials.gov/study/NCT01097642?tab=history
NCT01097642,pre_primary_completion,,,,CURRENT_ONLY_HISTORY_UNAVAILABLE,https://clinicaltrials.gov/study/NCT01097642?tab=history
NCT01097642,pre_publication,,,,CURRENT_ONLY_HISTORY_UNAVAILABLE,https://clinicaltrials.gov/study/NCT01097642?tab=history
NCT01097642,current,current,,Complete Response Rate [Time Frame: one year after treatment],CURRENT_ONLY_HISTORY_UNAVAILABLE,https://clinicaltrials.gov/study/NCT01097642?tab=history
NCT00479674,original,,,,CURRENT_ONLY_HISTORY_UNAVAILABLE,https://clinicaltrials.gov/study/NCT00479674?tab=history
NCT00479674,pre_recruitment,,,,CURRENT_ONLY_HISTORY_UNAVAILABLE,https://clinicaltrials.gov/study/NCT00479674?tab=history
NCT00479674,pre_primary_completion,,,,CURRENT_ONLY_HISTORY_UNAVAILABLE,https://clinicaltrials.gov/study/NCT00479674?tab=history
NCT00479674,pre_publication,,,,CURRENT_ONLY_HISTORY_UNAVAILABLE,https://clinicaltrials.gov/study/NCT00479674?tab=history
NCT00479674,current,current,,"Best Clinical Response Expressed as Percentage of Participants Treated With Combination Regimen of Weekly Abraxane® and Carboplatin Plus Biweekly Bevacizumab to Treat Women With Stage IV or Inoperable Stage III ""Triple Negative"" Metastatic Breast Cancer. [Time Frame: 5 years]",CURRENT_ONLY_HISTORY_UNAVAILABLE,https://clinicaltrials.gov/study/NCT00479674?tab=history
NCT02102490,original,,,,CURRENT_ONLY_HISTORY_UNAVAILABLE,https://clinicaltrials.gov/study/NCT02102490?tab=history
NCT02102490,pre_recruitment,,,,CURRENT_ONLY_HISTORY_UNAVAILABLE,https://clinicaltrials.gov/study/NCT02102490?tab=history
NCT02102490,pre_primary_completion,,,,CURRENT_ONLY_HISTORY_UNAVAILABLE,https://clinicaltrials.gov/study/NCT02102490?tab=history
NCT02102490,pre_publication,,,,CURRENT_ONLY_HISTORY_UNAVAILABLE,https://clinicaltrials.gov/study/NCT02102490?tab=history
NCT02102490,current,current,,Percentage of Participants With Complete Response (CR) or Partial Response (PR) (Objective Response Rate [ORR]) [Time Frame: From Date of First Dose until Disease Progression or Death Due to Any Cause (Up To 14 Months)],CURRENT_ONLY_HISTORY_UNAVAILABLE,https://clinicaltrials.gov/study/NCT02102490?tab=history
NCT01439282,original,,,,CURRENT_ONLY_HISTORY_UNAVAILABLE,https://clinicaltrials.gov/study/NCT01439282?tab=history
NCT01439282,pre_recruitment,,,,CURRENT_ONLY_HISTORY_UNAVAILABLE,https://clinicaltrials.gov/study/NCT01439282?tab=history
NCT01439282,pre_primary_completion,,,,CURRENT_ONLY_HISTORY_UNAVAILABLE,https://clinicaltrials.gov/study/NCT01439282?tab=history
NCT01439282,pre_publication,,,,CURRENT_ONLY_HISTORY_UNAVAILABLE,https://clinicaltrials.gov/study/NCT01439282?tab=history
NCT01439282,current,current,,Percentage of Participants Who Achieved the Target Relative Dose Intensity (RDI) of 85% [Time Frame: 21-Day Cycle 1 through 21-Day Cycle 4],CURRENT_ONLY_HISTORY_UNAVAILABLE,https://clinicaltrials.gov/study/NCT01439282?tab=history
NCT01269346,original,,,,CURRENT_ONLY_HISTORY_UNAVAILABLE,https://clinicaltrials.gov/study/NCT01269346?tab=history
NCT01269346,pre_recruitment,,,,CURRENT_ONLY_HISTORY_UNAVAILABLE,https://clinicaltrials.gov/study/NCT01269346?tab=history
NCT01269346,pre_primary_completion,,,,CURRENT_ONLY_HISTORY_UNAVAILABLE,https://clinicaltrials.gov/study/NCT01269346?tab=history
NCT01269346,pre_publication,,,,CURRENT_ONLY_HISTORY_UNAVAILABLE,https://clinicaltrials.gov/study/NCT01269346?tab=history
NCT01269346,current,current,,Objective Response Rate [Time Frame: Baseline (within 28 days of first infusion of study drug); Treatment Phase (every 6 weeks during the first 6 cycles); Extension Phase (every 12 weeks) to PR or CR],CURRENT_ONLY_HISTORY_UNAVAILABLE,https://clinicaltrials.gov/study/NCT01269346?tab=history
NCT01151046,original,,,,CURRENT_ONLY_HISTORY_UNAVAILABLE,https://clinicaltrials.gov/study/NCT01151046?tab=history
NCT01151046,pre_recruitment,,,,CURRENT_ONLY_HISTORY_UNAVAILABLE,https://clinicaltrials.gov/study/NCT01151046?tab=history
NCT01151046,pre_primary_completion,,,,CURRENT_ONLY_HISTORY_UNAVAILABLE,https://clinicaltrials.gov/study/NCT01151046?tab=history
NCT01151046,pre_publication,,,,CURRENT_ONLY_HISTORY_UNAVAILABLE,https://clinicaltrials.gov/study/NCT01151046?tab=history
NCT01151046,current,current,,"Progression Free Survival (PFS) [Time Frame: Time from first dose to date of progression, the longest time frame of 79.1 weeks]",CURRENT_ONLY_HISTORY_UNAVAILABLE,https://clinicaltrials.gov/study/NCT01151046?tab=history
NCT03477396,original,,,,CURRENT_ONLY_HISTORY_UNAVAILABLE,https://clinicaltrials.gov/study/NCT03477396?tab=history
NCT03477396,pre_recruitment,,,,CURRENT_ONLY_HISTORY_UNAVAILABLE,https://clinicaltrials.gov/study/NCT03477396?tab=history
NCT03477396,pre_primary_completion,,,,CURRENT_ONLY_HISTORY_UNAVAILABLE,https://clinicaltrials.gov/study/NCT03477396?tab=history
NCT03477396,pre_publication,,,,CURRENT_ONLY_HISTORY_UNAVAILABLE,https://clinicaltrials.gov/study/NCT03477396?tab=history
NCT03477396,current,current,,"Number of Participants With Grade 2 and Above Toxicities Attributed to Ribociclib [Time Frame: Up to 30 days of last study drug, about 3 years and 3 months]",CURRENT_ONLY_HISTORY_UNAVAILABLE,https://clinicaltrials.gov/study/NCT03477396?tab=history
NCT02614794,original,,,,CURRENT_ONLY_HISTORY_UNAVAILABLE,https://clinicaltrials.gov/study/NCT02614794?tab=history
NCT02614794,pre_recruitment,,,,CURRENT_ONLY_HISTORY_UNAVAILABLE,https://clinicaltrials.gov/study/NCT02614794?tab=history
NCT02614794,pre_primary_completion,,,,CURRENT_ONLY_HISTORY_UNAVAILABLE,https://clinicaltrials.gov/study/NCT02614794?tab=history
NCT02614794,pre_publication,,,,CURRENT_ONLY_HISTORY_UNAVAILABLE,https://clinicaltrials.gov/study/NCT02614794?tab=history
NCT02614794,current,current,,Progression-free Survival (PFS) Per RECIST 1.1 as Determined by Blinded Independent Central Review (BICR) [Time Frame: 34.6 months],CURRENT_ONLY_HISTORY_UNAVAILABLE,https://clinicaltrials.gov/study/NCT02614794?tab=history
NCT02018458,original,,,,CURRENT_ONLY_HISTORY_UNAVAILABLE,https://clinicaltrials.gov/study/NCT02018458?tab=history
NCT02018458,pre_recruitment,,,,CURRENT_ONLY_HISTORY_UNAVAILABLE,https://clinicaltrials.gov/study/NCT02018458?tab=history
NCT02018458,pre_primary_completion,,,,CURRENT_ONLY_HISTORY_UNAVAILABLE,https://clinicaltrials.gov/study/NCT02018458?tab=history
NCT02018458,pre_publication,,,,CURRENT_ONLY_HISTORY_UNAVAILABLE,https://clinicaltrials.gov/study/NCT02018458?tab=history
NCT02018458,current,current,,Safety of DC Vaccine Combined With Chemotherapy [Time Frame: 4 years],CURRENT_ONLY_HISTORY_UNAVAILABLE,https://clinicaltrials.gov/study/NCT02018458?tab=history
NCT02650193,original,,,,CURRENT_ONLY_HISTORY_UNAVAILABLE,https://clinicaltrials.gov/study/NCT02650193?tab=history
NCT02650193,pre_recruitment,,,,CURRENT_ONLY_HISTORY_UNAVAILABLE,https://clinicaltrials.gov/study/NCT02650193?tab=history
NCT02650193,pre_primary_completion,,,,CURRENT_ONLY_HISTORY_UNAVAILABLE,https://clinicaltrials.gov/study/NCT02650193?tab=history
NCT02650193,pre_publication,,,,CURRENT_ONLY_HISTORY_UNAVAILABLE,https://clinicaltrials.gov/study/NCT02650193?tab=history
NCT02650193,current,current,,"Area Under the Effect Curve for Absolute Neutrophil Count (AUECANC): Cycle 0 [Time Frame: Cycle 0: Predose (0 hour), 48, 96, 144, 192, 240 and 312 hours post-dose] | Area Under the Serum Concentration Time Curve From Time of Dose Administration to Time Infinity (AUCinf): Cycle 0 [Time Frame: Cycle 0: Predose (0 hour), 6, 12, 24, 48, 96, 144, 192, 240 and 312 hours post-dose] | Maximum Observed Serum Concentration (Cmax): Cycle 0 [Time Frame: Cycle 0: Predose (0 hour), 6, 12, 24, 48, 96, 144, 192, 240 and 312 hours post-dose] | Duration of Severe Neutropenia (DSN): Cycle 1 [Time Frame: Cycle 1: Predose (0 hour), 48, 96, 144, 192, 240 and 312 hours post-dose] | Area Under the Serum Concentration Time Curve From Time of Dose Administration to Time of Last Measurable Concentration (AUCt): Cycle 1 and Cycle 4 [Time Frame: Cycle 1 and 4: Predose (0 hour), 6, 12, 24, 48, 96, 144, 192, 240 and 312 hours post-dose] | Maximum Observed Serum Concentration (Cmax): Cycle 1 and Cycle 4 [Time Frame: Cycle 1 and 4: Predose (0 hour), 6, 12, 24, 48, 96, 144, 192, 240 and 312 hours post-dose]",CURRENT_ONLY_HISTORY_UNAVAILABLE,https://clinicaltrials.gov/study/NCT02650193?tab=history
NCT00470704,original,,,,CURRENT_ONLY_HISTORY_UNAVAILABLE,https://clinicaltrials.gov/study/NCT00470704?tab=history
NCT00470704,pre_recruitment,,,,CURRENT_ONLY_HISTORY_UNAVAILABLE,https://clinicaltrials.gov/study/NCT00470704?tab=history
NCT00470704,pre_primary_completion,,,,CURRENT_ONLY_HISTORY_UNAVAILABLE,https://clinicaltrials.gov/study/NCT00470704?tab=history
NCT00470704,pre_publication,,,,CURRENT_ONLY_HISTORY_UNAVAILABLE,https://clinicaltrials.gov/study/NCT00470704?tab=history
NCT00470704,current,current,,Objective Response Rate [Time Frame: 8 weeks],CURRENT_ONLY_HISTORY_UNAVAILABLE,https://clinicaltrials.gov/study/NCT00470704?tab=history
NCT02586025,original,,,,CURRENT_ONLY_HISTORY_UNAVAILABLE,https://clinicaltrials.gov/study/NCT02586025?tab=history
NCT02586025,pre_recruitment,,,,CURRENT_ONLY_HISTORY_UNAVAILABLE,https://clinicaltrials.gov/study/NCT02586025?tab=history
NCT02586025,pre_primary_completion,,,,CURRENT_ONLY_HISTORY_UNAVAILABLE,https://clinicaltrials.gov/study/NCT02586025?tab=history
NCT02586025,pre_publication,,,,CURRENT_ONLY_HISTORY_UNAVAILABLE,https://clinicaltrials.gov/study/NCT02586025?tab=history
NCT02586025,current,current,,Percentage of Participants With Total Pathologic Complete Response (tpCR) as Assessed by the Independent Review Committee (IRC) [Time Frame: At surgery (Cycle 4 Days 22-35)],CURRENT_ONLY_HISTORY_UNAVAILABLE,https://clinicaltrials.gov/study/NCT02586025?tab=history
NCT03822468,original,,,,CURRENT_ONLY_HISTORY_UNAVAILABLE,https://clinicaltrials.gov/study/NCT03822468?tab=history
NCT03822468,pre_recruitment,,,,CURRENT_ONLY_HISTORY_UNAVAILABLE,https://clinicaltrials.gov/study/NCT03822468?tab=history
NCT03822468,pre_primary_completion,,,,CURRENT_ONLY_HISTORY_UNAVAILABLE,https://clinicaltrials.gov/study/NCT03822468?tab=history
NCT03822468,pre_publication,,,,CURRENT_ONLY_HISTORY_UNAVAILABLE,https://clinicaltrials.gov/study/NCT03822468?tab=history
NCT03822468,current,current,,Overall Response Rate (ORR) [Time Frame: Up to 23.8 months],CURRENT_ONLY_HISTORY_UNAVAILABLE,https://clinicaltrials.gov/study/NCT03822468?tab=history
NCT01008150,original,,,,CURRENT_ONLY_HISTORY_UNAVAILABLE,https://clinicaltrials.gov/study/NCT01008150?tab=history
NCT01008150,pre_recruitment,,,,CURRENT_ONLY_HISTORY_UNAVAILABLE,https://clinicaltrials.gov/study/NCT01008150?tab=history
NCT01008150,pre_primary_completion,,,,CURRENT_ONLY_HISTORY_UNAVAILABLE,https://clinicaltrials.gov/study/NCT01008150?tab=history
NCT01008150,pre_publication,,,,CURRENT_ONLY_HISTORY_UNAVAILABLE,https://clinicaltrials.gov/study/NCT01008150?tab=history
NCT01008150,current,current,,"Pathologic Complete Response in Breast and Axillary Lymph Nodes. [Time Frame: At time of surgery, approximately 7 months]",CURRENT_ONLY_HISTORY_UNAVAILABLE,https://clinicaltrials.gov/study/NCT01008150?tab=history
NCT02819518,original,,,,CURRENT_ONLY_HISTORY_UNAVAILABLE,https://clinicaltrials.gov/study/NCT02819518?tab=history
NCT02819518,pre_recruitment,,,,CURRENT_ONLY_HISTORY_UNAVAILABLE,https://clinicaltrials.gov/study/NCT02819518?tab=history
NCT02819518,pre_primary_completion,,,,CURRENT_ONLY_HISTORY_UNAVAILABLE,https://clinicaltrials.gov/study/NCT02819518?tab=history
NCT02819518,pre_publication,,,,CURRENT_ONLY_HISTORY_UNAVAILABLE,https://clinicaltrials.gov/study/NCT02819518?tab=history
NCT02819518,current,current,,Part 1: Percentage of Participants Who Experienced an Adverse Event (AE) - All Participants [Time Frame: Up to approximately 39 months] | Part 1: Percentage of Participants Who Discontinued Study Drug Due to an AE - All Participants [Time Frame: Up to approximately 39 months] | Part 2: Progression-Free Survival (PFS) - All Participants [Time Frame: Up to approximately 53 months] | Part 2: PFS - Participants With Programmed Cell Death-Ligand 1 (PD-L1) Combined Positive Score (CPS) ≥1 Tumors [Time Frame: Up to approximately 53 months] | Part 2: PFS - Participants With PD-L1 CPS ≥10 Tumors [Time Frame: Up to approximately 53 months] | Part 2: Overall Survival (OS) - All Participants [Time Frame: Up to approximately 53 months] | Part 2: OS - Participants With PD-L1 CPS ≥1 Tumors [Time Frame: Up to approximately 53 months] | Part 2: OS - Participants With PD-L1 CPS ≥10 Tumors [Time Frame: Up to approximately 53 months],CURRENT_ONLY_HISTORY_UNAVAILABLE,https://clinicaltrials.gov/study/NCT02819518?tab=history
NCT04332653,original,,,,CURRENT_ONLY_HISTORY_UNAVAILABLE,https://clinicaltrials.gov/study/NCT04332653?tab=history
NCT04332653,pre_recruitment,,,,CURRENT_ONLY_HISTORY_UNAVAILABLE,https://clinicaltrials.gov/study/NCT04332653?tab=history
NCT04332653,pre_primary_completion,,,,CURRENT_ONLY_HISTORY_UNAVAILABLE,https://clinicaltrials.gov/study/NCT04332653?tab=history
NCT04332653,pre_publication,,,,CURRENT_ONLY_HISTORY_UNAVAILABLE,https://clinicaltrials.gov/study/NCT04332653?tab=history
NCT04332653,current,current,,"Phase 1b: Number of Participants Who Experienced Treatment Emergent Adverse Events (TEAEs), Serious AEs (SAEs), Trial Treatment-related TEAEs and Trial Treatment-related SAEs [Time Frame: Up to 2 years and 3 months] | Phase 1b: Number of Participants Who Experienced a Dose Limiting Toxicity (DLT) [Time Frame: Up to 21 days] | Phase 2a (Arms I to Va): Objective Response Rate (ORR) [Time Frame: Up to 2 years] | Biomarker Cohort: Percentage of Area Occupied by Tumor-Infiltrating Lymphocytes (TILs) [Time Frame: Pre-treatment and post-treatment (maximum duration of treatment of approximately 2 years)]",CURRENT_ONLY_HISTORY_UNAVAILABLE,https://clinicaltrials.gov/study/NCT04332653?tab=history
NCT00024102,original,,,,CURRENT_ONLY_HISTORY_UNAVAILABLE,https://clinicaltrials.gov/study/NCT00024102?tab=history
NCT00024102,pre_recruitment,,,,CURRENT_ONLY_HISTORY_UNAVAILABLE,https://clinicaltrials.gov/study/NCT00024102?tab=history
NCT00024102,pre_primary_completion,,,,CURRENT_ONLY_HISTORY_UNAVAILABLE,https://clinicaltrials.gov/study/NCT00024102?tab=history
NCT00024102,pre_publication,,,,CURRENT_ONLY_HISTORY_UNAVAILABLE,https://clinicaltrials.gov/study/NCT00024102?tab=history
NCT00024102,current,current,,"Relapse-free Survival Rates at 2.4 Years [Time Frame: randomization until date of first event, or date last known to be event free if no event was reported (up to 5 years)]",CURRENT_ONLY_HISTORY_UNAVAILABLE,https://clinicaltrials.gov/study/NCT00024102?tab=history
NCT02472964,original,,,,CURRENT_ONLY_HISTORY_UNAVAILABLE,https://clinicaltrials.gov/study/NCT02472964?tab=history
NCT02472964,pre_recruitment,,,,CURRENT_ONLY_HISTORY_UNAVAILABLE,https://clinicaltrials.gov/study/NCT02472964?tab=history
NCT02472964,pre_primary_completion,,,,CURRENT_ONLY_HISTORY_UNAVAILABLE,https://clinicaltrials.gov/study/NCT02472964?tab=history
NCT02472964,pre_publication,,,,CURRENT_ONLY_HISTORY_UNAVAILABLE,https://clinicaltrials.gov/study/NCT02472964?tab=history
NCT02472964,current,current,,Primary Endpoint : Compare Best Overall Response Rate (ORR) (According to Response Evaluation Criteria in Solid Tumor [RECIST] 1.1 Criteria) at Week 24 of MYL-1401O Plus Taxane Versus Herceptin® Plus Taxane in the ITT1 Population [Time Frame: from time of First treatment to week 24],CURRENT_ONLY_HISTORY_UNAVAILABLE,https://clinicaltrials.gov/study/NCT02472964?tab=history
NCT02730130,original,,,,CURRENT_ONLY_HISTORY_UNAVAILABLE,https://clinicaltrials.gov/study/NCT02730130?tab=history
NCT02730130,pre_recruitment,,,,CURRENT_ONLY_HISTORY_UNAVAILABLE,https://clinicaltrials.gov/study/NCT02730130?tab=history
NCT02730130,pre_primary_completion,,,,CURRENT_ONLY_HISTORY_UNAVAILABLE,https://clinicaltrials.gov/study/NCT02730130?tab=history
NCT02730130,pre_publication,,,,CURRENT_ONLY_HISTORY_UNAVAILABLE,https://clinicaltrials.gov/study/NCT02730130?tab=history
NCT02730130,current,current,,Overall Response Rate in Unirradiated Lesions [Time Frame: 13 weeks],CURRENT_ONLY_HISTORY_UNAVAILABLE,https://clinicaltrials.gov/study/NCT02730130?tab=history
NCT01670500,original,,,,CURRENT_ONLY_HISTORY_UNAVAILABLE,https://clinicaltrials.gov/study/NCT01670500?tab=history
NCT01670500,pre_recruitment,,,,CURRENT_ONLY_HISTORY_UNAVAILABLE,https://clinicaltrials.gov/study/NCT01670500?tab=history
NCT01670500,pre_primary_completion,,,,CURRENT_ONLY_HISTORY_UNAVAILABLE,https://clinicaltrials.gov/study/NCT01670500?tab=history
NCT01670500,pre_publication,,,,CURRENT_ONLY_HISTORY_UNAVAILABLE,https://clinicaltrials.gov/study/NCT01670500?tab=history
NCT01670500,current,current,,Rate of Pathologic Complete Response (pCR) [Time Frame: 3 years],CURRENT_ONLY_HISTORY_UNAVAILABLE,https://clinicaltrials.gov/study/NCT01670500?tab=history
NCT01688609,original,,,,CURRENT_ONLY_HISTORY_UNAVAILABLE,https://clinicaltrials.gov/study/NCT01688609?tab=history
NCT01688609,pre_recruitment,,,,CURRENT_ONLY_HISTORY_UNAVAILABLE,https://clinicaltrials.gov/study/NCT01688609?tab=history
NCT01688609,pre_primary_completion,,,,CURRENT_ONLY_HISTORY_UNAVAILABLE,https://clinicaltrials.gov/study/NCT01688609?tab=history
NCT01688609,pre_publication,,,,CURRENT_ONLY_HISTORY_UNAVAILABLE,https://clinicaltrials.gov/study/NCT01688609?tab=history
NCT01688609,current,current,,Expression of ALDH1 and CD44v Change in the Binary Biomarkers From Baseline to 6 Weeks and 18 Weeks [Time Frame: From baseline to 18 weeks] | Number of Participants With Pathological Complete Response (pCR) [Time Frame: Up to 12 weeks],CURRENT_ONLY_HISTORY_UNAVAILABLE,https://clinicaltrials.gov/study/NCT01688609?tab=history
NCT01622868,original,,,,CURRENT_ONLY_HISTORY_UNAVAILABLE,https://clinicaltrials.gov/study/NCT01622868?tab=history
NCT01622868,pre_recruitment,,,,CURRENT_ONLY_HISTORY_UNAVAILABLE,https://clinicaltrials.gov/study/NCT01622868?tab=history
NCT01622868,pre_primary_completion,,,,CURRENT_ONLY_HISTORY_UNAVAILABLE,https://clinicaltrials.gov/study/NCT01622868?tab=history
NCT01622868,pre_publication,,,,CURRENT_ONLY_HISTORY_UNAVAILABLE,https://clinicaltrials.gov/study/NCT01622868?tab=history
NCT01622868,current,current,,Complete Response (CR) Rate in the Brain at 12 Weeks Post-radiation Therapy (RT) Using the RECIST 1.1 Criteria Based on Brain Magnetic Resonance Imaging (MRI) [Time Frame: Baseline and 12 weeks post RT (approximately 12 weeks from start of treatment if SRS and 15 if WBRT)],CURRENT_ONLY_HISTORY_UNAVAILABLE,https://clinicaltrials.gov/study/NCT01622868?tab=history
NCT01572038,original,,,,CURRENT_ONLY_HISTORY_UNAVAILABLE,https://clinicaltrials.gov/study/NCT01572038?tab=history
NCT01572038,pre_recruitment,,,,CURRENT_ONLY_HISTORY_UNAVAILABLE,https://clinicaltrials.gov/study/NCT01572038?tab=history
NCT01572038,pre_primary_completion,,,,CURRENT_ONLY_HISTORY_UNAVAILABLE,https://clinicaltrials.gov/study/NCT01572038?tab=history
NCT01572038,pre_publication,,,,CURRENT_ONLY_HISTORY_UNAVAILABLE,https://clinicaltrials.gov/study/NCT01572038?tab=history
NCT01572038,current,current,,"Overview of the Number of Participants With at Least One Treatment-Emergent Adverse Event, Severity Determined According to National Cancer Institute Common Terminology Criteria for Adverse Events, Version 4.0 (NCI-CTCAE v4.0) [Time Frame: From Baseline until 28 days after, or 7 months after (only for serious AEs related to study drug), the last dose of study treatment. The median (full range) duration of exposure to any study treatment was 16.2 (0.0-86.4) months.] | Number of Participants Who Died Over the Course of the Study by Reported Cause of Death (Adverse Events Leading to Death by System Organ Class and Preferred Term) [Time Frame: The median (full range) duration of follow-up was 68.73 (0.03-87.29) months.] | Number of Participants Who Died Within 6 Months of Starting Study Treatment by Reported Cause of Death (Adverse Events Leading to Death by System Organ Class and Preferred Term) [Time Frame: The median (full range) duration of follow-up was 68.73 (0.03-87.29) months.] | Number of Participants With Grade ≥3 Treatment-Emergent Adverse Events, Occurring in ≥1% of Participants by System Organ Class and Preferred Term [Time Frame: From Baseline until 28 days after, or 7 months after (only for serious AEs related to study drug), the last dose of study treatment. The median (full range) duration of exposure to any study treatment was 16.2 (0.0-86.4) months.] | Number of Participants With Treatment-Emergent Adverse Events of Any Grade That Were Related to Study Treatment (Pertuzumab, Trastuzumab, or Taxane), Occurring in ≥10% of Participants by System Organ Class [Time Frame: From Baseline until 28 days after, or 7 months after (only for serious AEs related to study drug), the last dose of study treatment. The median (full range) duration of exposure to any study treatment was 16.2 (0.0-86.4) months.] | Number of Participants With Grade ≥3 Treatment-Emergent Adverse Events That Were Related to Study Treatment (Pertuzumab, Trastuzumab, or Taxane), Occurring in ≥0.5% of Participants by Preferred Term [Time Frame: From Baseline until 28 days after, or 7 months after (only for serious AEs related to study drug), the last dose of study treatment. The median (full range) duration of exposure to any study treatment was 16.2 (0.0-86.4) months.] | Number of Participants With Treatment-Emergent Adverse Events Leading to Discontinuation of Study Treatment (Pertuzumab, Trastuzumab, or Taxane), Occurring in ≥0.2% of Participants by Preferred Term [Time Frame: From Baseline until 28 days after, or 7 months after (only for serious AEs related to study drug), the last dose of study treatment. The median (full range) duration of exposure to any study treatment was 16.2 (0.0-86.4) months.] | Number of Participants With Treatment-Emergent Adverse Events Leading to Dose Interruption of Study Treatment (Pertuzumab, Trastuzumab, or Taxane), Occurring in ≥0.5% of Participants by Preferred Term [Time Frame: From Baseline until 28 days after, or 7 months after (only for serious AEs related to study drug), the last dose of study treatment. The median (full range) duration of exposure to any study treatment was 16.2 (0.0-86.4) months.] | Number of Participants With Treatment-Emergent Adverse Events to Monitor of Any Grade, Occurring in ≥5% of Participants by Category [Time Frame: From Baseline until 28 days after, or 7 months after (only for serious AEs related to study drug), the last dose of study treatment. The median (full range) duration of exposure to any study treatment was 16.2 (0.0-86.4) months.] | Number of Participants With Grade ≥3 Treatment-Emergent Adverse Events to Monitor, Occurring in ≥0.5% of Participants by Category and Preferred Term [Time Frame: From Baseline until 28 days after, or 7 months after (only for serious AEs related to study drug), the last dose of study treatment. The median (full range) duration of exposure to any study treatment was 16.2 (0.0-86.4) months.] | Number of Participants With Treatment-Emergent Adverse Events of Special Interest by Category and Preferred Term [Time Frame: From Baseline until 28 days after, or 7 months after (only for serious AEs related to study drug), the last dose of study treatment. The median (full range) duration of exposure to any study treatment was 16.2 (0.0-86.4) months.] | Subgroup Analysis by Region of Enrollment: Overview of the Number of Participants With Serious Treatment-Emergent Adverse Events (TEAEs), Grade ≥3 TEAEs, and Grade ≥3 TEAEs Related to Pertuzumab [Time Frame: From Baseline until 28 days after, or 7 months after (only for serious AEs related to study drug), the last dose of study treatment. The median (full range) duration of exposure to any study treatment was 16.2 (0.0-86.4) months.] | Subgroup Analysis by Age (≤65 vs. >65 Years): Overview of the Number of Participants With Serious Treatment-Emergent Adverse Events (TEAEs), TEAEs Leading to Death, Grade ≥3 TEAEs, Any-Grade and Grade ≥3 TEAEs Related to Pertuzumab, and TEAEs to Monitor [Time Frame: From Baseline until 28 days after, or 7 months after (only for serious AEs related to study drug), the last dose of study treatment. The median (full range) duration of exposure to any study treatment was 16.2 (0.0-86.4) months.] | Subgroup Analysis by Taxane Chemotherapy: Overview of the Number of Participants With Serious Treatment-Emergent Adverse Events (TEAEs), TEAEs Leading to Death, Grade ≥3 TEAEs, Any-Grade and Grade ≥3 TEAEs Related to Pertuzumab, and TEAEs to Monitor [Time Frame: From Baseline until 28 days after, or 7 months after (only for serious AEs related to study drug), the last dose of study treatment. The median (full range) duration of exposure to any study treatment was 16.2 (0.0-86.4) months.] | Subgroup Analysis by ECOG Performance Status at Baseline: Overview of the Number of Participants With Serious Treatment-Emergent Adverse Events (TEAEs), Grade ≥3 TEAEs, and Grade ≥3 TEAEs Related to Pertuzumab [Time Frame: From Baseline until 28 days after, or 7 months after (only for serious AEs related to study drug), the last dose of study treatment. The median (full range) duration of exposure to any study treatment was 16.2 (0.0-86.4) months.] | Subgroup Analysis by Visceral Disease at Baseline: Overview of the Number of Participants With Serious Treatment-Emergent Adverse Events (TEAEs), Grade ≥3 TEAEs, and Grade ≥3 TEAEs Related to Pertuzumab [Time Frame: From Baseline until 28 days after, or 7 months after (only for serious AEs related to study drug), the last dose of study treatment. The median (full range) duration of exposure to any study treatment was 16.2 (0.0-86.4) months.] | Subgroup Analysis by Prior (Neo)Adjuvant Chemotherapy: Overview of the Number of Participants With Serious Treatment-Emergent Adverse Events (TEAEs), Grade ≥3 TEAEs, and Grade ≥3 TEAEs Related to Pertuzumab [Time Frame: From Baseline until 28 days after, or 7 months after (only for serious AEs related to study drug), the last dose of study treatment. The median (full range) duration of exposure to any study treatment was 16.2 (0.0-86.4) months.] | Subgroup Analysis by Hormone Receptor Status at Baseline: Overview of the Number of Participants With Serious Treatment-Emergent Adverse Events (TEAEs), Grade ≥3 TEAEs, and Grade ≥3 TEAEs Related to Pertuzumab [Time Frame: From Baseline until 28 days after, or 7 months after (only for serious AEs related to study drug), the last dose of study treatment. The median (full range) duration of exposure to any study treatment was 16.2 (0.0-86.4) months.] | Subgroup Analysis by Previous Trastuzumab Therapy: Overview of the Number of Participants With Serious Treatment-Emergent Adverse Events (TEAEs), Grade ≥3 TEAEs, and Grade ≥3 TEAEs Related to Pertuzumab [Time Frame: From Baseline until 28 days after, or 7 months after (only for serious AEs related to study drug), the last dose of study treatment. The median (full range) duration of exposure to any study treatment was 16.2 (0.0-86.4) months.] | Number of Participants With a Congestive Heart Failure Event [Time Frame: From Baseline until 28 days after the last dose of study treatment. The median (full range) duration of exposure to any study treatment was 16.2 (0.0-86.4) months.] | Time to Onset of the First Episode of Congestive Heart Failure [Time Frame: From Baseline until 28 days after the last dose of study treatment. The median (full range) duration of exposure to any study treatment was 16.2 (0.0-86.4) months.] | Change From Baseline in Left Ventricular Ejection Fraction (LVEF) Values Over the Course of the Study [Time Frame: Baseline, predose on Day 1 of every 3 cycles (1 cycle is 3 weeks) during treatment period, and 28 days post-treatment safety follow-up. The median (full range) duration of exposure to any study treatment was 16.2 (0.0-86.4) months.] | Number of Participants by Change From Baseline in Left Ventricular Ejection Fraction (LVEF) Categories Over the Course of the Study [Time Frame: Baseline, predose on Day 1 of every 3 cycles (1 cycle is 3 weeks) during treatment period, and 28 days post-treatment safety follow-up. The median (full range) duration of exposure to any study treatment was 16.2 (0.0-86.4) months.] | Number of Participants With Laboratory Abnormalities in Hematology and Coagulation Parameters: Shift From Baseline to the Worst Post-Baseline Grade According to NCI-CTC v4.0 [Time Frame: Predose at each treatment cycle (1 cycle is 3 weeks) from Baseline until 28 days after the last dose of study treatment. The median (full range) duration of exposure to any study treatment was 16.2 (0.0-86.4) months.] | Number of Participants With Laboratory Abnormalities in Hematology and Coagulation Parameters: Shift From Baseline to the Worst Post-Baseline Grade According to Normal Range Criteria [Time Frame: Predose at each treatment cycle (1 cycle is 3 weeks) from Baseline until 28 days after the last dose of study treatment. The median (full range) duration of exposure to any study treatment was 16.2 (0.0-86.4) months.] | Number of Participants With Laboratory Abnormalities in Biochemistry Parameters: Shift From Baseline to the Worst Post-Baseline Grade According to NCI-CTC v4.0 [Time Frame: Predose at each treatment cycle (1 cycle is 3 weeks) from Baseline until 28 days after the last dose of study treatment. The median (full range) duration of exposure to any study treatment was 16.2 (0.0-86.4) months.] | Number of Participants With Laboratory Abnormalities in Biochemistry Parameters: Shift From Baseline to the Worst Post-Baseline Grade According to Normal Range Criteria [Time Frame: Predose at each treatment cycle (1 cycle is 3 weeks) from Baseline until 28 days after the last dose of study treatment. The median (full range) duration of exposure to any study treatment was 16.2 (0.0-86.4) months.]",CURRENT_ONLY_HISTORY_UNAVAILABLE,https://clinicaltrials.gov/study/NCT01572038?tab=history
NCT00754325,original,,,,CURRENT_ONLY_HISTORY_UNAVAILABLE,https://clinicaltrials.gov/study/NCT00754325?tab=history
NCT00754325,pre_recruitment,,,,CURRENT_ONLY_HISTORY_UNAVAILABLE,https://clinicaltrials.gov/study/NCT00754325?tab=history
NCT00754325,pre_primary_completion,,,,CURRENT_ONLY_HISTORY_UNAVAILABLE,https://clinicaltrials.gov/study/NCT00754325?tab=history
NCT00754325,pre_publication,,,,CURRENT_ONLY_HISTORY_UNAVAILABLE,https://clinicaltrials.gov/study/NCT00754325?tab=history
NCT00754325,current,current,,"Number of Participants With Disease Progression (PD) or Death [Time Frame: Date of randomization to date of initial disease progression, or date of death (whichever occurs first), up to January 2014 (approximately 5 years)]",CURRENT_ONLY_HISTORY_UNAVAILABLE,https://clinicaltrials.gov/study/NCT00754325?tab=history
NCT03487666,original,,,,CURRENT_ONLY_HISTORY_UNAVAILABLE,https://clinicaltrials.gov/study/NCT03487666?tab=history
NCT03487666,pre_recruitment,,,,CURRENT_ONLY_HISTORY_UNAVAILABLE,https://clinicaltrials.gov/study/NCT03487666?tab=history
NCT03487666,pre_primary_completion,,,,CURRENT_ONLY_HISTORY_UNAVAILABLE,https://clinicaltrials.gov/study/NCT03487666?tab=history
NCT03487666,pre_publication,,,,CURRENT_ONLY_HISTORY_UNAVAILABLE,https://clinicaltrials.gov/study/NCT03487666?tab=history
NCT03487666,current,current,,Percent Change in the Peripheral Immunoscore (PIS) at Week 6 [Time Frame: 6 weeks],CURRENT_ONLY_HISTORY_UNAVAILABLE,https://clinicaltrials.gov/study/NCT03487666?tab=history
NCT00863655,original,,,,CURRENT_ONLY_HISTORY_UNAVAILABLE,https://clinicaltrials.gov/study/NCT00863655?tab=history
NCT00863655,pre_recruitment,,,,CURRENT_ONLY_HISTORY_UNAVAILABLE,https://clinicaltrials.gov/study/NCT00863655?tab=history
NCT00863655,pre_primary_completion,,,,CURRENT_ONLY_HISTORY_UNAVAILABLE,https://clinicaltrials.gov/study/NCT00863655?tab=history
NCT00863655,pre_publication,,,,CURRENT_ONLY_HISTORY_UNAVAILABLE,https://clinicaltrials.gov/study/NCT00863655?tab=history
NCT00863655,current,current,,"Progression-free Survival (PFS) Based on Local Radiology Review of Tumor Assessments. [Time Frame: date of randomization to the date of first documented tumor progression or death from any cause, whichever occurs first, reported between day of first patient randomized up to about 19 months]",CURRENT_ONLY_HISTORY_UNAVAILABLE,https://clinicaltrials.gov/study/NCT00863655?tab=history
NCT04294225,original,,,,CURRENT_ONLY_HISTORY_UNAVAILABLE,https://clinicaltrials.gov/study/NCT04294225?tab=history
NCT04294225,pre_recruitment,,,,CURRENT_ONLY_HISTORY_UNAVAILABLE,https://clinicaltrials.gov/study/NCT04294225?tab=history
NCT04294225,pre_primary_completion,,,,CURRENT_ONLY_HISTORY_UNAVAILABLE,https://clinicaltrials.gov/study/NCT04294225?tab=history
NCT04294225,pre_publication,,,,CURRENT_ONLY_HISTORY_UNAVAILABLE,https://clinicaltrials.gov/study/NCT04294225?tab=history
NCT04294225,current,current,,Percentage of Participants With Adequate Estrogen Suppression After 8 Weeks of Adjuvant Anastrozole 10 mg Daily [Time Frame: 24 weeks],CURRENT_ONLY_HISTORY_UNAVAILABLE,https://clinicaltrials.gov/study/NCT04294225?tab=history
NCT01271725,original,,,,CURRENT_ONLY_HISTORY_UNAVAILABLE,https://clinicaltrials.gov/study/NCT01271725?tab=history
NCT01271725,pre_recruitment,,,,CURRENT_ONLY_HISTORY_UNAVAILABLE,https://clinicaltrials.gov/study/NCT01271725?tab=history
NCT01271725,pre_primary_completion,,,,CURRENT_ONLY_HISTORY_UNAVAILABLE,https://clinicaltrials.gov/study/NCT01271725?tab=history
NCT01271725,pre_publication,,,,CURRENT_ONLY_HISTORY_UNAVAILABLE,https://clinicaltrials.gov/study/NCT01271725?tab=history
NCT01271725,current,current,,"Percentage of Participants With Objective Response (OR) Assessed by Response Evaluation Criteria in Solid Tumours Version (RECIST) 1.1 [Time Frame: From the initial dose of study drug until 28 days after end of the treatment period, up to 1562 days]",CURRENT_ONLY_HISTORY_UNAVAILABLE,https://clinicaltrials.gov/study/NCT01271725?tab=history
NCT00066690,original,,,,CURRENT_ONLY_HISTORY_UNAVAILABLE,https://clinicaltrials.gov/study/NCT00066690?tab=history
NCT00066690,pre_recruitment,,,,CURRENT_ONLY_HISTORY_UNAVAILABLE,https://clinicaltrials.gov/study/NCT00066690?tab=history
NCT00066690,pre_primary_completion,,,,CURRENT_ONLY_HISTORY_UNAVAILABLE,https://clinicaltrials.gov/study/NCT00066690?tab=history
NCT00066690,pre_publication,,,,CURRENT_ONLY_HISTORY_UNAVAILABLE,https://clinicaltrials.gov/study/NCT00066690?tab=history
NCT00066690,current,current,,"Disease-free Survival [Time Frame: 5-year estimates, reported at a median follow-up of 67 months.]",CURRENT_ONLY_HISTORY_UNAVAILABLE,https://clinicaltrials.gov/study/NCT00066690?tab=history
NCT00390455,original,,,,CURRENT_ONLY_HISTORY_UNAVAILABLE,https://clinicaltrials.gov/study/NCT00390455?tab=history
NCT00390455,pre_recruitment,,,,CURRENT_ONLY_HISTORY_UNAVAILABLE,https://clinicaltrials.gov/study/NCT00390455?tab=history
NCT00390455,pre_primary_completion,,,,CURRENT_ONLY_HISTORY_UNAVAILABLE,https://clinicaltrials.gov/study/NCT00390455?tab=history
NCT00390455,pre_publication,,,,CURRENT_ONLY_HISTORY_UNAVAILABLE,https://clinicaltrials.gov/study/NCT00390455?tab=history
NCT00390455,current,current,,"Progression-free Survival (PFS) [Time Frame: Interval from randomization until disease progression or death, whichever occurs first, assessed up to 5 years]",CURRENT_ONLY_HISTORY_UNAVAILABLE,https://clinicaltrials.gov/study/NCT00390455?tab=history
NCT02437318,original,,,,CURRENT_ONLY_HISTORY_UNAVAILABLE,https://clinicaltrials.gov/study/NCT02437318?tab=history
NCT02437318,pre_recruitment,,,,CURRENT_ONLY_HISTORY_UNAVAILABLE,https://clinicaltrials.gov/study/NCT02437318?tab=history
NCT02437318,pre_primary_completion,,,,CURRENT_ONLY_HISTORY_UNAVAILABLE,https://clinicaltrials.gov/study/NCT02437318?tab=history
NCT02437318,pre_publication,,,,CURRENT_ONLY_HISTORY_UNAVAILABLE,https://clinicaltrials.gov/study/NCT02437318?tab=history
NCT02437318,current,current,,"Progression-free Survival (PFS) Per Investigator Assessment in the PIK3CA Mutant Cohort [Time Frame: Once approximately 243 PFS events in the PIK3CA mutant cohort had been observed, up to 33.3 months]",CURRENT_ONLY_HISTORY_UNAVAILABLE,https://clinicaltrials.gov/study/NCT02437318?tab=history
NCT01698918,original,,,,CURRENT_ONLY_HISTORY_UNAVAILABLE,https://clinicaltrials.gov/study/NCT01698918?tab=history
NCT01698918,pre_recruitment,,,,CURRENT_ONLY_HISTORY_UNAVAILABLE,https://clinicaltrials.gov/study/NCT01698918?tab=history
NCT01698918,pre_primary_completion,,,,CURRENT_ONLY_HISTORY_UNAVAILABLE,https://clinicaltrials.gov/study/NCT01698918?tab=history
NCT01698918,pre_publication,,,,CURRENT_ONLY_HISTORY_UNAVAILABLE,https://clinicaltrials.gov/study/NCT01698918?tab=history
NCT01698918,current,current,,"First-line Treatment: Progression-free Survival (PFS) [Time Frame: From the date of enrollment to the date of first documented progression or deaths, assessed up to approximately 2.8 years]",CURRENT_ONLY_HISTORY_UNAVAILABLE,https://clinicaltrials.gov/study/NCT01698918?tab=history
NCT02413008,original,,,,CURRENT_ONLY_HISTORY_UNAVAILABLE,https://clinicaltrials.gov/study/NCT02413008?tab=history
NCT02413008,pre_recruitment,,,,CURRENT_ONLY_HISTORY_UNAVAILABLE,https://clinicaltrials.gov/study/NCT02413008?tab=history
NCT02413008,pre_primary_completion,,,,CURRENT_ONLY_HISTORY_UNAVAILABLE,https://clinicaltrials.gov/study/NCT02413008?tab=history
NCT02413008,pre_publication,,,,CURRENT_ONLY_HISTORY_UNAVAILABLE,https://clinicaltrials.gov/study/NCT02413008?tab=history
NCT02413008,current,current,,Variation in Serum Levels of Follicle Stimulating Hormone (FSH) [Time Frame: from baseline to 12 weeks of treatment],CURRENT_ONLY_HISTORY_UNAVAILABLE,https://clinicaltrials.gov/study/NCT02413008?tab=history
NCT00691678,original,,,,CURRENT_ONLY_HISTORY_UNAVAILABLE,https://clinicaltrials.gov/study/NCT00691678?tab=history
NCT00691678,pre_recruitment,,,,CURRENT_ONLY_HISTORY_UNAVAILABLE,https://clinicaltrials.gov/study/NCT00691678?tab=history
NCT00691678,pre_primary_completion,,,,CURRENT_ONLY_HISTORY_UNAVAILABLE,https://clinicaltrials.gov/study/NCT00691678?tab=history
NCT00691678,pre_publication,,,,CURRENT_ONLY_HISTORY_UNAVAILABLE,https://clinicaltrials.gov/study/NCT00691678?tab=history
NCT00691678,current,current,,Change in WOMAC Score [Time Frame: Baseline and 24 weeks],CURRENT_ONLY_HISTORY_UNAVAILABLE,https://clinicaltrials.gov/study/NCT00691678?tab=history
NCT03761914,original,,,,CURRENT_ONLY_HISTORY_UNAVAILABLE,https://clinicaltrials.gov/study/NCT03761914?tab=history
NCT03761914,pre_recruitment,,,,CURRENT_ONLY_HISTORY_UNAVAILABLE,https://clinicaltrials.gov/study/NCT03761914?tab=history
NCT03761914,pre_primary_completion,,,,CURRENT_ONLY_HISTORY_UNAVAILABLE,https://clinicaltrials.gov/study/NCT03761914?tab=history
NCT03761914,pre_publication,,,,CURRENT_ONLY_HISTORY_UNAVAILABLE,https://clinicaltrials.gov/study/NCT03761914?tab=history
NCT03761914,current,current,,Overall Response Rate (ORR) - Best Overall Response [Time Frame: 33 months] | Overall Response Rate (ORR) - Overall Response Rate [Time Frame: 33 months],CURRENT_ONLY_HISTORY_UNAVAILABLE,https://clinicaltrials.gov/study/NCT03761914?tab=history
NCT02101385,original,,,,CURRENT_ONLY_HISTORY_UNAVAILABLE,https://clinicaltrials.gov/study/NCT02101385?tab=history
NCT02101385,pre_recruitment,,,,CURRENT_ONLY_HISTORY_UNAVAILABLE,https://clinicaltrials.gov/study/NCT02101385?tab=history
NCT02101385,pre_primary_completion,,,,CURRENT_ONLY_HISTORY_UNAVAILABLE,https://clinicaltrials.gov/study/NCT02101385?tab=history
NCT02101385,pre_publication,,,,CURRENT_ONLY_HISTORY_UNAVAILABLE,https://clinicaltrials.gov/study/NCT02101385?tab=history
NCT02101385,current,current,,Percentage of Participants With Two-Year Disease-Free Survival (DFS) [Time Frame: From C1D1 until death or up to a maximum of 24 months.],CURRENT_ONLY_HISTORY_UNAVAILABLE,https://clinicaltrials.gov/study/NCT02101385?tab=history
NCT01128543,original,,,,CURRENT_ONLY_HISTORY_UNAVAILABLE,https://clinicaltrials.gov/study/NCT01128543?tab=history
NCT01128543,pre_recruitment,,,,CURRENT_ONLY_HISTORY_UNAVAILABLE,https://clinicaltrials.gov/study/NCT01128543?tab=history
NCT01128543,pre_primary_completion,,,,CURRENT_ONLY_HISTORY_UNAVAILABLE,https://clinicaltrials.gov/study/NCT01128543?tab=history
NCT01128543,pre_publication,,,,CURRENT_ONLY_HISTORY_UNAVAILABLE,https://clinicaltrials.gov/study/NCT01128543?tab=history
NCT01128543,current,current,,Number of Participants (Par.) With Clinical Benefit (CB) at Week 12 and Week 24 [Time Frame: Week 12 and Week 24],CURRENT_ONLY_HISTORY_UNAVAILABLE,https://clinicaltrials.gov/study/NCT01128543?tab=history
NCT00553358,original,,,,CURRENT_ONLY_HISTORY_UNAVAILABLE,https://clinicaltrials.gov/study/NCT00553358?tab=history
NCT00553358,pre_recruitment,,,,CURRENT_ONLY_HISTORY_UNAVAILABLE,https://clinicaltrials.gov/study/NCT00553358?tab=history
NCT00553358,pre_primary_completion,,,,CURRENT_ONLY_HISTORY_UNAVAILABLE,https://clinicaltrials.gov/study/NCT00553358?tab=history
NCT00553358,pre_publication,,,,CURRENT_ONLY_HISTORY_UNAVAILABLE,https://clinicaltrials.gov/study/NCT00553358?tab=history
NCT00553358,current,current,,Number of Participants With Pathological Complete Response (pCR) at the Time of Surgery [Time Frame: Weeks 20 to 22],CURRENT_ONLY_HISTORY_UNAVAILABLE,https://clinicaltrials.gov/study/NCT00553358?tab=history
NCT01009918,original,,,,CURRENT_ONLY_HISTORY_UNAVAILABLE,https://clinicaltrials.gov/study/NCT01009918?tab=history
NCT01009918,pre_recruitment,,,,CURRENT_ONLY_HISTORY_UNAVAILABLE,https://clinicaltrials.gov/study/NCT01009918?tab=history
NCT01009918,pre_primary_completion,,,,CURRENT_ONLY_HISTORY_UNAVAILABLE,https://clinicaltrials.gov/study/NCT01009918?tab=history
NCT01009918,pre_publication,,,,CURRENT_ONLY_HISTORY_UNAVAILABLE,https://clinicaltrials.gov/study/NCT01009918?tab=history
NCT01009918,current,current,,Number of Participants With Trastuzumab-Induced Cardiotoxicity After 52 Weeks of Treatment [Time Frame: 2 years] | Number of Participants With LVEF Decrease to <50% [Time Frame: 2 years],CURRENT_ONLY_HISTORY_UNAVAILABLE,https://clinicaltrials.gov/study/NCT01009918?tab=history
NCT02425891,original,,,,CURRENT_ONLY_HISTORY_UNAVAILABLE,https://clinicaltrials.gov/study/NCT02425891?tab=history
NCT02425891,pre_recruitment,,,,CURRENT_ONLY_HISTORY_UNAVAILABLE,https://clinicaltrials.gov/study/NCT02425891?tab=history
NCT02425891,pre_primary_completion,,,,CURRENT_ONLY_HISTORY_UNAVAILABLE,https://clinicaltrials.gov/study/NCT02425891?tab=history
NCT02425891,pre_publication,,,,CURRENT_ONLY_HISTORY_UNAVAILABLE,https://clinicaltrials.gov/study/NCT02425891?tab=history
NCT02425891,current,current,,Progression Free Survival (PFS) According to Response Evaluation Criteria in Solid Tumors (RECIST) Version 1.1 (v1.1) in All Randomized Participants [Time Frame: Baseline up to approximately 34 months] | PFS According to RECIST v1.1 in Participants With Detectable Programmed Death-Ligand 1 (PD-L1) [Time Frame: Baseline up to approximately 34 months] | Overall Survival (OS) in All Randomized Participants [Time Frame: Baseline until death due to any cause (up to approximately 58 months)] | OS in Participants With Detectable PD-L1 [Time Frame: Baseline until death due to any cause (up to approximately 58 months)],CURRENT_ONLY_HISTORY_UNAVAILABLE,https://clinicaltrials.gov/study/NCT02425891?tab=history
NCT01349959,original,,,,CURRENT_ONLY_HISTORY_UNAVAILABLE,https://clinicaltrials.gov/study/NCT01349959?tab=history
NCT01349959,pre_recruitment,,,,CURRENT_ONLY_HISTORY_UNAVAILABLE,https://clinicaltrials.gov/study/NCT01349959?tab=history
NCT01349959,pre_primary_completion,,,,CURRENT_ONLY_HISTORY_UNAVAILABLE,https://clinicaltrials.gov/study/NCT01349959?tab=history
NCT01349959,pre_publication,,,,CURRENT_ONLY_HISTORY_UNAVAILABLE,https://clinicaltrials.gov/study/NCT01349959?tab=history
NCT01349959,current,current,,Confirmed Response Rate (Percentage of Participants With Complete or Partial Response Noted as the Objective Status on Two Consecutive Evaluations at Least 4 Weeks Apart) Assessed by RECIST [Time Frame: Up to 3 years],CURRENT_ONLY_HISTORY_UNAVAILABLE,https://clinicaltrials.gov/study/NCT01349959?tab=history
NCT02422615,original,,,,CURRENT_ONLY_HISTORY_UNAVAILABLE,https://clinicaltrials.gov/study/NCT02422615?tab=history
NCT02422615,pre_recruitment,,,,CURRENT_ONLY_HISTORY_UNAVAILABLE,https://clinicaltrials.gov/study/NCT02422615?tab=history
NCT02422615,pre_primary_completion,,,,CURRENT_ONLY_HISTORY_UNAVAILABLE,https://clinicaltrials.gov/study/NCT02422615?tab=history
NCT02422615,pre_publication,,,,CURRENT_ONLY_HISTORY_UNAVAILABLE,https://clinicaltrials.gov/study/NCT02422615?tab=history
NCT02422615,current,current,,"Progression Free Survival (PFS) Per Investigator Assessment [Time Frame: From randomization to first documented progression or death, assessed up to approximately 26 months]",CURRENT_ONLY_HISTORY_UNAVAILABLE,https://clinicaltrials.gov/study/NCT02422615?tab=history
NCT03301350,original,,,,CURRENT_ONLY_HISTORY_UNAVAILABLE,https://clinicaltrials.gov/study/NCT03301350?tab=history
NCT03301350,pre_recruitment,,,,CURRENT_ONLY_HISTORY_UNAVAILABLE,https://clinicaltrials.gov/study/NCT03301350?tab=history
NCT03301350,pre_primary_completion,,,,CURRENT_ONLY_HISTORY_UNAVAILABLE,https://clinicaltrials.gov/study/NCT03301350?tab=history
NCT03301350,pre_publication,,,,CURRENT_ONLY_HISTORY_UNAVAILABLE,https://clinicaltrials.gov/study/NCT03301350?tab=history
NCT03301350,current,current,,Number and Percentage of Participants With Pathologic Complete Response (pCR) Rate [Time Frame: Up to 2 years],CURRENT_ONLY_HISTORY_UNAVAILABLE,https://clinicaltrials.gov/study/NCT03301350?tab=history
NCT02630693,original,,,,CURRENT_ONLY_HISTORY_UNAVAILABLE,https://clinicaltrials.gov/study/NCT02630693?tab=history
NCT02630693,pre_recruitment,,,,CURRENT_ONLY_HISTORY_UNAVAILABLE,https://clinicaltrials.gov/study/NCT02630693?tab=history
NCT02630693,pre_primary_completion,,,,CURRENT_ONLY_HISTORY_UNAVAILABLE,https://clinicaltrials.gov/study/NCT02630693?tab=history
NCT02630693,pre_publication,,,,CURRENT_ONLY_HISTORY_UNAVAILABLE,https://clinicaltrials.gov/study/NCT02630693?tab=history
NCT02630693,current,current,,Progression Free Survival Using the RECIST 1.1 Criteria [Time Frame: 2 years],CURRENT_ONLY_HISTORY_UNAVAILABLE,https://clinicaltrials.gov/study/NCT02630693?tab=history
NCT00821964,original,,,,CURRENT_ONLY_HISTORY_UNAVAILABLE,https://clinicaltrials.gov/study/NCT00821964?tab=history
NCT00821964,pre_recruitment,,,,CURRENT_ONLY_HISTORY_UNAVAILABLE,https://clinicaltrials.gov/study/NCT00821964?tab=history
NCT00821964,pre_primary_completion,,,,CURRENT_ONLY_HISTORY_UNAVAILABLE,https://clinicaltrials.gov/study/NCT00821964?tab=history
NCT00821964,pre_publication,,,,CURRENT_ONLY_HISTORY_UNAVAILABLE,https://clinicaltrials.gov/study/NCT00821964?tab=history
NCT00821964,current,current,,"Anti-tumor Effects of Imiquimod as Assessed by Modified World Health Organization (WHO) Criteria [Time Frame: Baseline and then every 4 weeks until week 24] | Safety and Systemic Toxicity as Assessed by a Review of Medical History, Physical Exam, Systems, Performance Status, and Clinical Labs (CBC and CMP) [Time Frame: Baseline and weeks 5, 9 13, 16, 20, and 24] | Pathologic Response by Immunohistochemical (IHC)as Assessed by Skin Punch Biopsy of the Target Lesion [Time Frame: Pre-and post-treatment]",CURRENT_ONLY_HISTORY_UNAVAILABLE,https://clinicaltrials.gov/study/NCT00821964?tab=history
NCT03219476,original,,,,CURRENT_ONLY_HISTORY_UNAVAILABLE,https://clinicaltrials.gov/study/NCT03219476?tab=history
NCT03219476,pre_recruitment,,,,CURRENT_ONLY_HISTORY_UNAVAILABLE,https://clinicaltrials.gov/study/NCT03219476?tab=history
NCT03219476,pre_primary_completion,,,,CURRENT_ONLY_HISTORY_UNAVAILABLE,https://clinicaltrials.gov/study/NCT03219476?tab=history
NCT03219476,pre_publication,,,,CURRENT_ONLY_HISTORY_UNAVAILABLE,https://clinicaltrials.gov/study/NCT03219476?tab=history
NCT03219476,current,current,,Change in Baseline of Cancer Cell Protein Levels of Human Epidermal Growth Factor Receptor (HER) Family Members (HER1-4) Following Neoadjuvant Endocrine Therapy. [Time Frame: At four weeks.],CURRENT_ONLY_HISTORY_UNAVAILABLE,https://clinicaltrials.gov/study/NCT03219476?tab=history
NCT02441946,original,,,,CURRENT_ONLY_HISTORY_UNAVAILABLE,https://clinicaltrials.gov/study/NCT02441946?tab=history
NCT02441946,pre_recruitment,,,,CURRENT_ONLY_HISTORY_UNAVAILABLE,https://clinicaltrials.gov/study/NCT02441946?tab=history
NCT02441946,pre_primary_completion,,,,CURRENT_ONLY_HISTORY_UNAVAILABLE,https://clinicaltrials.gov/study/NCT02441946?tab=history
NCT02441946,pre_publication,,,,CURRENT_ONLY_HISTORY_UNAVAILABLE,https://clinicaltrials.gov/study/NCT02441946?tab=history
NCT02441946,current,current,,"Percent Change From Baseline to 2 Weeks in Ki67 Expression [Time Frame: Baseline, 2 Weeks]",CURRENT_ONLY_HISTORY_UNAVAILABLE,https://clinicaltrials.gov/study/NCT02441946?tab=history
NCT02768701,original,,,,CURRENT_ONLY_HISTORY_UNAVAILABLE,https://clinicaltrials.gov/study/NCT02768701?tab=history
NCT02768701,pre_recruitment,,,,CURRENT_ONLY_HISTORY_UNAVAILABLE,https://clinicaltrials.gov/study/NCT02768701?tab=history
NCT02768701,pre_primary_completion,,,,CURRENT_ONLY_HISTORY_UNAVAILABLE,https://clinicaltrials.gov/study/NCT02768701?tab=history
NCT02768701,pre_publication,,,,CURRENT_ONLY_HISTORY_UNAVAILABLE,https://clinicaltrials.gov/study/NCT02768701?tab=history
NCT02768701,current,current,,The Progression Free Survival (PFS) [Time Frame: Up to 5 years] | Quantification of the Change in Regulatory T Cells (Tregs) During the Study Treatment. [Time Frame: Up to 2 years],CURRENT_ONLY_HISTORY_UNAVAILABLE,https://clinicaltrials.gov/study/NCT02768701?tab=history
NCT00407888,original,,,,CURRENT_ONLY_HISTORY_UNAVAILABLE,https://clinicaltrials.gov/study/NCT00407888?tab=history
NCT00407888,pre_recruitment,,,,CURRENT_ONLY_HISTORY_UNAVAILABLE,https://clinicaltrials.gov/study/NCT00407888?tab=history
NCT00407888,pre_primary_completion,,,,CURRENT_ONLY_HISTORY_UNAVAILABLE,https://clinicaltrials.gov/study/NCT00407888?tab=history
NCT00407888,pre_publication,,,,CURRENT_ONLY_HISTORY_UNAVAILABLE,https://clinicaltrials.gov/study/NCT00407888?tab=history
NCT00407888,current,current,,Disease-free Survival Following a Dose-intensive Weekly Regimen of Adriamycin + Oral Cyclophosphamide Augmented With G-CSF Support Followed by Abraxane and Herceptin [Time Frame: 2 years],CURRENT_ONLY_HISTORY_UNAVAILABLE,https://clinicaltrials.gov/study/NCT00407888?tab=history
NCT01086605,original,,,,CURRENT_ONLY_HISTORY_UNAVAILABLE,https://clinicaltrials.gov/study/NCT01086605?tab=history
NCT01086605,pre_recruitment,,,,CURRENT_ONLY_HISTORY_UNAVAILABLE,https://clinicaltrials.gov/study/NCT01086605?tab=history
NCT01086605,pre_primary_completion,,,,CURRENT_ONLY_HISTORY_UNAVAILABLE,https://clinicaltrials.gov/study/NCT01086605?tab=history
NCT01086605,pre_publication,,,,CURRENT_ONLY_HISTORY_UNAVAILABLE,https://clinicaltrials.gov/study/NCT01086605?tab=history
NCT01086605,current,current,,Proportion of Confirmed Tumor Responses (Complete or Partial Response) [Time Frame: Up to 5 years],CURRENT_ONLY_HISTORY_UNAVAILABLE,https://clinicaltrials.gov/study/NCT01086605?tab=history
NCT02041429,original,,,,CURRENT_ONLY_HISTORY_UNAVAILABLE,https://clinicaltrials.gov/study/NCT02041429?tab=history
NCT02041429,pre_recruitment,,,,CURRENT_ONLY_HISTORY_UNAVAILABLE,https://clinicaltrials.gov/study/NCT02041429?tab=history
NCT02041429,pre_primary_completion,,,,CURRENT_ONLY_HISTORY_UNAVAILABLE,https://clinicaltrials.gov/study/NCT02041429?tab=history
NCT02041429,pre_publication,,,,CURRENT_ONLY_HISTORY_UNAVAILABLE,https://clinicaltrials.gov/study/NCT02041429?tab=history
NCT02041429,current,current,,Ruxolitinib Maximum Tolerated Dose (MTD) [Phase I] [Time Frame: Participants were assessed prior to each dose of paclitaxel with ruxolitinib; The observation period for MTD evaluation was the first 2 cycles of treatment. (Up to 8 weeks).] | Number of Participants With Dose Limiting Toxicity (DLT) [Phase I] [Time Frame: Participants were assessed prior to each dose of paclitaxel with ruxolitinib; The observation period for DLT evaluation was the first 2 cycles of treatment. (Up to 8 weeks).],CURRENT_ONLY_HISTORY_UNAVAILABLE,https://clinicaltrials.gov/study/NCT02041429?tab=history
NCT02595372,original,,,,CURRENT_ONLY_HISTORY_UNAVAILABLE,https://clinicaltrials.gov/study/NCT02595372?tab=history
NCT02595372,pre_recruitment,,,,CURRENT_ONLY_HISTORY_UNAVAILABLE,https://clinicaltrials.gov/study/NCT02595372?tab=history
NCT02595372,pre_primary_completion,,,,CURRENT_ONLY_HISTORY_UNAVAILABLE,https://clinicaltrials.gov/study/NCT02595372?tab=history
NCT02595372,pre_publication,,,,CURRENT_ONLY_HISTORY_UNAVAILABLE,https://clinicaltrials.gov/study/NCT02595372?tab=history
NCT02595372,current,current,,Percentage of Patients With Pathological Complete Response (pCR) in Patients Who Have Fatty Acid Synthase (FASN) Expression [Time Frame: Up to 6 months],CURRENT_ONLY_HISTORY_UNAVAILABLE,https://clinicaltrials.gov/study/NCT02595372?tab=history
NCT00696072,original,,,,CURRENT_ONLY_HISTORY_UNAVAILABLE,https://clinicaltrials.gov/study/NCT00696072?tab=history
NCT00696072,pre_recruitment,,,,CURRENT_ONLY_HISTORY_UNAVAILABLE,https://clinicaltrials.gov/study/NCT00696072?tab=history
NCT00696072,pre_primary_completion,,,,CURRENT_ONLY_HISTORY_UNAVAILABLE,https://clinicaltrials.gov/study/NCT00696072?tab=history
NCT00696072,pre_publication,,,,CURRENT_ONLY_HISTORY_UNAVAILABLE,https://clinicaltrials.gov/study/NCT00696072?tab=history
NCT00696072,current,current,,"Number of Participants With Clinical Benefit (CBR) and Number of Participants With CBR Having a Disease Free Interval (DFI) Greater Than 2 Years - Evaluable Population [Time Frame: First dose of study drug to last dose plus 7 days, up to study completion (approximately 6 years)]",CURRENT_ONLY_HISTORY_UNAVAILABLE,https://clinicaltrials.gov/study/NCT00696072?tab=history
NCT02384239,original,,,,CURRENT_ONLY_HISTORY_UNAVAILABLE,https://clinicaltrials.gov/study/NCT02384239?tab=history
NCT02384239,pre_recruitment,,,,CURRENT_ONLY_HISTORY_UNAVAILABLE,https://clinicaltrials.gov/study/NCT02384239?tab=history
NCT02384239,pre_primary_completion,,,,CURRENT_ONLY_HISTORY_UNAVAILABLE,https://clinicaltrials.gov/study/NCT02384239?tab=history
NCT02384239,pre_publication,,,,CURRENT_ONLY_HISTORY_UNAVAILABLE,https://clinicaltrials.gov/study/NCT02384239?tab=history
NCT02384239,current,current,,Percentage of Participants With Grade 3 or 4 Neutropenia [Time Frame: Up to 24 months],CURRENT_ONLY_HISTORY_UNAVAILABLE,https://clinicaltrials.gov/study/NCT02384239?tab=history
NCT00217399,original,,,,CURRENT_ONLY_HISTORY_UNAVAILABLE,https://clinicaltrials.gov/study/NCT00217399?tab=history
NCT00217399,pre_recruitment,,,,CURRENT_ONLY_HISTORY_UNAVAILABLE,https://clinicaltrials.gov/study/NCT00217399?tab=history
NCT00217399,pre_primary_completion,,,,CURRENT_ONLY_HISTORY_UNAVAILABLE,https://clinicaltrials.gov/study/NCT00217399?tab=history
NCT00217399,pre_publication,,,,CURRENT_ONLY_HISTORY_UNAVAILABLE,https://clinicaltrials.gov/study/NCT00217399?tab=history
NCT00217399,current,current,,Complete Response + Partial Response + Stable Disease > 24 Weeks [Time Frame: 24 weeks],CURRENT_ONLY_HISTORY_UNAVAILABLE,https://clinicaltrials.gov/study/NCT00217399?tab=history
NCT02007512,original,,,,CURRENT_ONLY_HISTORY_UNAVAILABLE,https://clinicaltrials.gov/study/NCT02007512?tab=history
NCT02007512,pre_recruitment,,,,CURRENT_ONLY_HISTORY_UNAVAILABLE,https://clinicaltrials.gov/study/NCT02007512?tab=history
NCT02007512,pre_primary_completion,,,,CURRENT_ONLY_HISTORY_UNAVAILABLE,https://clinicaltrials.gov/study/NCT02007512?tab=history
NCT02007512,pre_publication,,,,CURRENT_ONLY_HISTORY_UNAVAILABLE,https://clinicaltrials.gov/study/NCT02007512?tab=history
NCT02007512,current,current,,"Progression Free Survival (PFS): Intent-to-Treat (ITT) Population By Interactive Web Recognition System (IWRS) [Time Frame: From randomization until PD, last tumor assessment without PD before new antitumor treatment initiation or death due to any cause, whichever occurred first (up to 3 years)] | Progression Free Survival (PFS): Diagnostic Positive (DX+) Population By Interactive Web Recognition System (IWRS) [Time Frame: From randomization until PD, last tumor assessment without PD before new antitumor treatment initiation or death due to any cause, whichever occurred first (up to 3 years)]",CURRENT_ONLY_HISTORY_UNAVAILABLE,https://clinicaltrials.gov/study/NCT02007512?tab=history
NCT01990209,original,,,,CURRENT_ONLY_HISTORY_UNAVAILABLE,https://clinicaltrials.gov/study/NCT01990209?tab=history
NCT01990209,pre_recruitment,,,,CURRENT_ONLY_HISTORY_UNAVAILABLE,https://clinicaltrials.gov/study/NCT01990209?tab=history
NCT01990209,pre_primary_completion,,,,CURRENT_ONLY_HISTORY_UNAVAILABLE,https://clinicaltrials.gov/study/NCT01990209?tab=history
NCT01990209,pre_publication,,,,CURRENT_ONLY_HISTORY_UNAVAILABLE,https://clinicaltrials.gov/study/NCT01990209?tab=history
NCT01990209,current,current,,Response Rate (RR) [Time Frame: upto 36 months] | Disease Control Rate (DCR) [Time Frame: 6 months],CURRENT_ONLY_HISTORY_UNAVAILABLE,https://clinicaltrials.gov/study/NCT01990209?tab=history
NCT03499899,original,,,,CURRENT_ONLY_HISTORY_UNAVAILABLE,https://clinicaltrials.gov/study/NCT03499899?tab=history
NCT03499899,pre_recruitment,,,,CURRENT_ONLY_HISTORY_UNAVAILABLE,https://clinicaltrials.gov/study/NCT03499899?tab=history
NCT03499899,pre_primary_completion,,,,CURRENT_ONLY_HISTORY_UNAVAILABLE,https://clinicaltrials.gov/study/NCT03499899?tab=history
NCT03499899,pre_publication,,,,CURRENT_ONLY_HISTORY_UNAVAILABLE,https://clinicaltrials.gov/study/NCT03499899?tab=history
NCT03499899,current,current,,Overall Response Rate (ORR) Per Investigator's Assessment According to RECIST v1.1 [Time Frame: Up to approximately 14 months],CURRENT_ONLY_HISTORY_UNAVAILABLE,https://clinicaltrials.gov/study/NCT03499899?tab=history
NCT01105312,original,,,,CURRENT_ONLY_HISTORY_UNAVAILABLE,https://clinicaltrials.gov/study/NCT01105312?tab=history
NCT01105312,pre_recruitment,,,,CURRENT_ONLY_HISTORY_UNAVAILABLE,https://clinicaltrials.gov/study/NCT01105312?tab=history
NCT01105312,pre_primary_completion,,,,CURRENT_ONLY_HISTORY_UNAVAILABLE,https://clinicaltrials.gov/study/NCT01105312?tab=history
NCT01105312,pre_publication,,,,CURRENT_ONLY_HISTORY_UNAVAILABLE,https://clinicaltrials.gov/study/NCT01105312?tab=history
NCT01105312,current,current,,Maximum-tolerated Dose (Phase I) [Time Frame: Up to 2.5 months] | Response Rate (Phase II) [Time Frame: from baseline up to 5 years post-registration],CURRENT_ONLY_HISTORY_UNAVAILABLE,https://clinicaltrials.gov/study/NCT01105312?tab=history
NCT01818063,original,,,,CURRENT_ONLY_HISTORY_UNAVAILABLE,https://clinicaltrials.gov/study/NCT01818063?tab=history
NCT01818063,pre_recruitment,,,,CURRENT_ONLY_HISTORY_UNAVAILABLE,https://clinicaltrials.gov/study/NCT01818063?tab=history
NCT01818063,pre_primary_completion,,,,CURRENT_ONLY_HISTORY_UNAVAILABLE,https://clinicaltrials.gov/study/NCT01818063?tab=history
NCT01818063,pre_publication,,,,CURRENT_ONLY_HISTORY_UNAVAILABLE,https://clinicaltrials.gov/study/NCT01818063?tab=history
NCT01818063,current,current,,Count of Participants That Achieve Pathologic Complete Response (PCR) [Time Frame: 36 months following surgery],CURRENT_ONLY_HISTORY_UNAVAILABLE,https://clinicaltrials.gov/study/NCT01818063?tab=history
NCT01772472,original,,,,CURRENT_ONLY_HISTORY_UNAVAILABLE,https://clinicaltrials.gov/study/NCT01772472?tab=history
NCT01772472,pre_recruitment,,,,CURRENT_ONLY_HISTORY_UNAVAILABLE,https://clinicaltrials.gov/study/NCT01772472?tab=history
NCT01772472,pre_primary_completion,,,,CURRENT_ONLY_HISTORY_UNAVAILABLE,https://clinicaltrials.gov/study/NCT01772472?tab=history
NCT01772472,pre_publication,,,,CURRENT_ONLY_HISTORY_UNAVAILABLE,https://clinicaltrials.gov/study/NCT01772472?tab=history
NCT01772472,current,current,,Invasive Disease-free Survival (IDFS) Rate at 3 Years [Time Frame: At Year 3],CURRENT_ONLY_HISTORY_UNAVAILABLE,https://clinicaltrials.gov/study/NCT01772472?tab=history
NCT00493870,original,,,,CURRENT_ONLY_HISTORY_UNAVAILABLE,https://clinicaltrials.gov/study/NCT00493870?tab=history
NCT00493870,pre_recruitment,,,,CURRENT_ONLY_HISTORY_UNAVAILABLE,https://clinicaltrials.gov/study/NCT00493870?tab=history
NCT00493870,pre_primary_completion,,,,CURRENT_ONLY_HISTORY_UNAVAILABLE,https://clinicaltrials.gov/study/NCT00493870?tab=history
NCT00493870,pre_publication,,,,CURRENT_ONLY_HISTORY_UNAVAILABLE,https://clinicaltrials.gov/study/NCT00493870?tab=history
NCT00493870,current,current,,3-year Invasive Disease-free Survival (IDFS) Among Analyzed ITT Patients [Time Frame: 3 years from randomization into study] | 3-year Invasive Disease-free Survival (IDFS) Among Per-protocol Patients [Time Frame: 3 years from randomization into study],CURRENT_ONLY_HISTORY_UNAVAILABLE,https://clinicaltrials.gov/study/NCT00493870?tab=history
NCT04699630,original,,,,CURRENT_ONLY_HISTORY_UNAVAILABLE,https://clinicaltrials.gov/study/NCT04699630?tab=history
NCT04699630,pre_recruitment,,,,CURRENT_ONLY_HISTORY_UNAVAILABLE,https://clinicaltrials.gov/study/NCT04699630?tab=history
NCT04699630,pre_primary_completion,,,,CURRENT_ONLY_HISTORY_UNAVAILABLE,https://clinicaltrials.gov/study/NCT04699630?tab=history
NCT04699630,pre_publication,,,,CURRENT_ONLY_HISTORY_UNAVAILABLE,https://clinicaltrials.gov/study/NCT04699630?tab=history
NCT04699630,current,current,,"Overall Response Rate (ORR) in Participants With HER2-negative MBC (Part A and Part B) [Time Frame: Assessed every 6 weeks for the first 6 months then every 9 weeks thereafter until disease progression or death or study discontinuation, up to 45 months.] | Progression-Free Survival at 6 Months (PFS-6) in Participants With HER2-negative MBC (Part A and Part B) [Time Frame: Assessed every 6 weeks for the first 6 months then every 9 weeks thereafter until disease progression or death or study discontinuation, up to 45 months.]",CURRENT_ONLY_HISTORY_UNAVAILABLE,https://clinicaltrials.gov/study/NCT04699630?tab=history
NCT03703466,original,,,,CURRENT_ONLY_HISTORY_UNAVAILABLE,https://clinicaltrials.gov/study/NCT03703466?tab=history
NCT03703466,pre_recruitment,,,,CURRENT_ONLY_HISTORY_UNAVAILABLE,https://clinicaltrials.gov/study/NCT03703466?tab=history
NCT03703466,pre_primary_completion,,,,CURRENT_ONLY_HISTORY_UNAVAILABLE,https://clinicaltrials.gov/study/NCT03703466?tab=history
NCT03703466,pre_publication,,,,CURRENT_ONLY_HISTORY_UNAVAILABLE,https://clinicaltrials.gov/study/NCT03703466?tab=history
NCT03703466,current,current,,Percentage of Participants With Severe Diarrhea (≥ Grade 3) [Time Frame: Cycle 3 (28 Days Cycle)] | Percentage of Participants With Prolonged Grade 2 Diarrhea [Time Frame: Cycle 3 (28 Days Cycle)] | Percentage of Participants With Dose Reductions Due to Diarrhea [Time Frame: Cycle 3 (28 Days Cycle)] | Percentage of Participants With Dose Interruptions Due to Diarrhea [Time Frame: Cycle 3 (28 Days Cycle)] | Percentage of Participants Who Discontinue Treatment Due to Diarrhea [Time Frame: Cycle 3 (28 Days Cycle)] | Percentage of Participants Utilizing Antidiarrheals [Time Frame: Cycle 3 (28 Days Cycle)],CURRENT_ONLY_HISTORY_UNAVAILABLE,https://clinicaltrials.gov/study/NCT03703466?tab=history
NCT00436566,original,,,,CURRENT_ONLY_HISTORY_UNAVAILABLE,https://clinicaltrials.gov/study/NCT00436566?tab=history
NCT00436566,pre_recruitment,,,,CURRENT_ONLY_HISTORY_UNAVAILABLE,https://clinicaltrials.gov/study/NCT00436566?tab=history
NCT00436566,pre_primary_completion,,,,CURRENT_ONLY_HISTORY_UNAVAILABLE,https://clinicaltrials.gov/study/NCT00436566?tab=history
NCT00436566,pre_publication,,,,CURRENT_ONLY_HISTORY_UNAVAILABLE,https://clinicaltrials.gov/study/NCT00436566?tab=history
NCT00436566,current,current,,Number of Patients With Congestive Heart Failure (CHF) While on Active Treatment [Time Frame: 6 months],CURRENT_ONLY_HISTORY_UNAVAILABLE,https://clinicaltrials.gov/study/NCT00436566?tab=history
NCT02296801,original,,,,CURRENT_ONLY_HISTORY_UNAVAILABLE,https://clinicaltrials.gov/study/NCT02296801?tab=history
NCT02296801,pre_recruitment,,,,CURRENT_ONLY_HISTORY_UNAVAILABLE,https://clinicaltrials.gov/study/NCT02296801?tab=history
NCT02296801,pre_primary_completion,,,,CURRENT_ONLY_HISTORY_UNAVAILABLE,https://clinicaltrials.gov/study/NCT02296801?tab=history
NCT02296801,pre_publication,,,,CURRENT_ONLY_HISTORY_UNAVAILABLE,https://clinicaltrials.gov/study/NCT02296801?tab=history
NCT02296801,current,current,,Measurement of the Proliferation Marker Ki67 (% Positive Tumor Cells) [Time Frame: Baseline and at 14 weeks] | Clinical Response : Number of Patients Who Have Resolution of Measurable Lesions or no New Lesions or Other Signs of Disease Progression Compared to Baseline. [Time Frame: Baseline and at 14 weeks],CURRENT_ONLY_HISTORY_UNAVAILABLE,https://clinicaltrials.gov/study/NCT02296801?tab=history
NCT01325428,original,,,,CURRENT_ONLY_HISTORY_UNAVAILABLE,https://clinicaltrials.gov/study/NCT01325428?tab=history
NCT01325428,pre_recruitment,,,,CURRENT_ONLY_HISTORY_UNAVAILABLE,https://clinicaltrials.gov/study/NCT01325428?tab=history
NCT01325428,pre_primary_completion,,,,CURRENT_ONLY_HISTORY_UNAVAILABLE,https://clinicaltrials.gov/study/NCT01325428?tab=history
NCT01325428,pre_publication,,,,CURRENT_ONLY_HISTORY_UNAVAILABLE,https://clinicaltrials.gov/study/NCT01325428?tab=history
NCT01325428,current,current,,"Part A: Clinical Benefit (CB) Assessed by Complete Response (CR), Partial Response (PR) or Stable Disease (SD) for at Least 6 Months Using the Response Evaluation Criteria in Solid Tumours (RECIST 1.1). [Time Frame: This endpoint was assessed between the from first administration of trial medication in Part A and the earliest of PD, death or start of next treatment (either Part B combination therapy or new anti-cancer therapy) up to 929 days.] | Part B: Clinical Benefit (CB) Assessed by Complete Response (CR), Partial Response (PR) or Stable Disease (SD) for at Least 6 Months Using the Response Evaluation Criteria in Solid Tumours (RECIST 1.1). [Time Frame: This endpoint was recorded from first administration of trial medication in Part B until the earliest of PD, death or start of new anti-cancer therapy up to 929 days.]",CURRENT_ONLY_HISTORY_UNAVAILABLE,https://clinicaltrials.gov/study/NCT01325428?tab=history
